#
# There is insufficient memory for the Java Runtime Environment to continue.
# Native memory allocation (mmap) failed to map 65536 bytes. Error detail: Failed to commit metaspace.
# Possible reasons:
#   The system is out of physical RAM or swap space
#   This process is running with CompressedOops enabled, and the Java Heap may be blocking the growth of the native heap
# Possible solutions:
#   Reduce memory load on the system
#   Increase physical memory or swap space
#   Check if swap backing store is full
#   Decrease Java heap size (-Xmx/-Xms)
#   Decrease number of Java threads
#   Decrease Java thread stack sizes (-Xss)
#   Set larger code cache with -XX:ReservedCodeCacheSize=
#   JVM is running with Unscaled Compressed Oops mode in which the Java heap is
#     placed in the first 4GB address space. The Java Heap base address is the
#     maximum limit for the native heap growth. Please use -XX:HeapBaseMinAddress
#     to set the Java Heap base and to place the Java Heap above 4GB virtual address.
# This output file may be truncated or incomplete.
#
#  Out of Memory Error (virtualSpaceNode.cpp:113), pid=4860, tid=14724
#
# JRE version: OpenJDK Runtime Environment (21.0.5) (build 21.0.5+-13047016-b750.29)
# Java VM: OpenJDK 64-Bit Server VM (21.0.5+-13047016-b750.29, mixed mode, tiered, compressed oops, compressed class ptrs, g1 gc, windows-amd64)
# No core dump will be written. Minidumps are not enabled by default on client versions of Windows
#

---------------  S U M M A R Y ------------

Command Line: --add-opens=java.base/java.lang=ALL-UNNAMED --add-opens=java.base/java.lang.invoke=ALL-UNNAMED --add-opens=java.base/java.util=ALL-UNNAMED --add-opens=java.prefs/java.util.prefs=ALL-UNNAMED --add-exports=jdk.compiler/com.sun.tools.javac.api=ALL-UNNAMED --add-exports=jdk.compiler/com.sun.tools.javac.util=ALL-UNNAMED --add-opens=java.base/java.util=ALL-UNNAMED --add-opens=java.prefs/java.util.prefs=ALL-UNNAMED --add-opens=java.base/java.nio.charset=ALL-UNNAMED --add-opens=java.base/java.net=ALL-UNNAMED --add-opens=java.base/java.util.concurrent.atomic=ALL-UNNAMED --add-opens=java.xml/javax.xml.namespace=ALL-UNNAMED -Xmx2048m -Dfile.encoding=UTF-8 -Duser.country=VN -Duser.language=vi -Duser.variant -javaagent:C:\Users\Admin\.gradle\wrapper\dists\gradle-8.11.1-bin\bpt9gzteqjrbo1mjrsomdt32c\gradle-8.11.1\lib\agents\gradle-instrumentation-agent-8.11.1.jar org.gradle.launcher.daemon.bootstrap.GradleDaemon 8.11.1

Host: 11th Gen Intel(R) Core(TM) i5-1135G7 @ 2.40GHz, 8 cores, 7G,  Windows 11 , 64 bit Build 22621 (10.0.22621.5262)
Time: Sun Jun  1 03:49:13 2025 SE Asia Standard Time elapsed time: 90.681445 seconds (0d 0h 1m 30s)

---------------  T H R E A D  ---------------

Current thread (0x0000020b82bf5150):  JavaThread "Execution worker Thread 6"        [_thread_in_vm, id=14724, stack(0x000000a010400000,0x000000a010500000) (1024K)]

Stack: [0x000000a010400000,0x000000a010500000]
Native frames: (J=compiled Java code, j=interpreted, Vv=VM code, C=native code)
V  [jvm.dll+0x6cfb29]
V  [jvm.dll+0x85df93]
V  [jvm.dll+0x8604ee]
V  [jvm.dll+0x860bd3]
V  [jvm.dll+0x27e6b6]
V  [jvm.dll+0x858e6e]
V  [jvm.dll+0x673d95]
V  [jvm.dll+0x1e3111]
V  [jvm.dll+0x1e2ede]
V  [jvm.dll+0x6766e8]
V  [jvm.dll+0x676522]
V  [jvm.dll+0x67478e]
V  [jvm.dll+0x26adc0]
V  [jvm.dll+0x21593b]
V  [jvm.dll+0x20ae29]
V  [jvm.dll+0x5b1d63]
V  [jvm.dll+0x7d6122]
V  [jvm.dll+0x7d6074]
V  [jvm.dll+0x46f35c]
V  [jvm.dll+0x482436]
C  [java.dll+0x1657]

Java frames: (J=compiled Java code, j=interpreted, Vv=VM code)
J 1826  java.lang.ClassLoader.defineClass0(Ljava/lang/ClassLoader;Ljava/lang/Class;Ljava/lang/String;[BIILjava/security/ProtectionDomain;ZILjava/lang/Object;)Ljava/lang/Class; java.base@21.0.5 (0 bytes) @ 0x0000020bedb96f34 [0x0000020bedb96e40+0x00000000000000f4]
J 22210 c2 java.lang.invoke.MethodHandles$Lookup$ClassDefiner.defineClass(ZLjava/lang/Object;)Ljava/lang/Class; java.base@21.0.5 (213 bytes) @ 0x0000020bee7c8d88 [0x0000020bee7c8be0+0x00000000000001a8]
J 3906 c1 java.lang.invoke.InnerClassLambdaMetafactory.generateInnerClass()Ljava/lang/Class; java.base@21.0.5 (506 bytes) @ 0x0000020be604aac4 [0x0000020be60491c0+0x0000000000001904]
J 3914 c1 java.lang.invoke.InnerClassLambdaMetafactory.spinInnerClass()Ljava/lang/Class; java.base@21.0.5 (118 bytes) @ 0x0000020be61ed21c [0x0000020be61ed060+0x00000000000001bc]
J 3479 c1 java.lang.invoke.InnerClassLambdaMetafactory.buildCallSite()Ljava/lang/invoke/CallSite; java.base@21.0.5 (150 bytes) @ 0x0000020be5ff0a34 [0x0000020be5ff09a0+0x0000000000000094]
J 22001 c1 java.lang.invoke.LambdaMetafactory.altMetafactory(Ljava/lang/invoke/MethodHandles$Lookup;Ljava/lang/String;Ljava/lang/invoke/MethodType;[Ljava/lang/Object;)Ljava/lang/invoke/CallSite; java.base@21.0.5 (392 bytes) @ 0x0000020be7ed7a74 [0x0000020be7ed6680+0x00000000000013f4]
J 12279 c2 java.lang.invoke.DirectMethodHandle$Holder.invokeStatic(Ljava/lang/Object;Ljava/lang/Object;Ljava/lang/Object;Ljava/lang/Object;Ljava/lang/Object;)Ljava/lang/Object; java.base@21.0.5 (20 bytes) @ 0x0000020bedfd19e0 [0x0000020bedfd19a0+0x0000000000000040]
J 22004 c1 java.lang.invoke.DelegatingMethodHandle$Holder.delegate(Ljava/lang/Object;Ljava/lang/Object;Ljava/lang/Object;Ljava/lang/Object;Ljava/lang/Object;)Ljava/lang/Object; java.base@21.0.5 (23 bytes) @ 0x0000020be7ed923c [0x0000020be7ed8e60+0x00000000000003dc]
J 3286 c1 java.lang.invoke.BootstrapMethodInvoker.invoke(Ljava/lang/Class;Ljava/lang/invoke/MethodHandle;Ljava/lang/String;Ljava/lang/Object;Ljava/lang/Object;Ljava/lang/Class;)Ljava/lang/Object; java.base@21.0.5 (974 bytes) @ 0x0000020be6667334 [0x0000020be66649c0+0x0000000000002974]
J 3464 c1 java.lang.invoke.CallSite.makeSite(Ljava/lang/invoke/MethodHandle;Ljava/lang/String;Ljava/lang/invoke/MethodType;Ljava/lang/Object;Ljava/lang/Class;)Ljava/lang/invoke/CallSite; java.base@21.0.5 (91 bytes) @ 0x0000020be66b9ab4 [0x0000020be66b9a20+0x0000000000000094]
J 2974 c1 java.lang.invoke.MethodHandleNatives.linkCallSiteImpl(Ljava/lang/Class;Ljava/lang/invoke/MethodHandle;Ljava/lang/String;Ljava/lang/invoke/MethodType;Ljava/lang/Object;[Ljava/lang/Object;)Ljava/lang/invoke/MemberName; java.base@21.0.5 (119 bytes) @ 0x0000020be65c855c [0x0000020be65c84e0+0x000000000000007c]
J 2973 c1 java.lang.invoke.MethodHandleNatives.linkCallSite(Ljava/lang/Object;Ljava/lang/Object;Ljava/lang/Object;Ljava/lang/Object;Ljava/lang/Object;[Ljava/lang/Object;)Ljava/lang/invoke/MemberName; java.base@21.0.5 (65 bytes) @ 0x0000020be65c8004 [0x0000020be65c7c00+0x0000000000000404]
v  ~StubRoutines::call_stub 0x0000020bed5210e7
j  com.android.tools.r8.internal.zx.a(Lcom/android/tools/r8/internal/zH;)V+9
j  com.android.tools.r8.internal.Xq0.a(Lcom/android/tools/r8/internal/zx;Lcom/android/tools/r8/internal/pr0;Ljava/util/function/Predicate;Lcom/android/tools/r8/threading/ThreadingModule;Ljava/util/concurrent/ExecutorService;)Ljava/util/ArrayList;+25
j  com.android.tools.r8.internal.Xq0.a(Lcom/android/tools/r8/internal/zx;Lcom/android/tools/r8/internal/or0;Lcom/android/tools/r8/threading/ThreadingModule;Ljava/util/concurrent/ExecutorService;)V+10
j  com.android.tools.r8.internal.Xq0.a(Ljava/util/Collection;Lcom/android/tools/r8/internal/WS;Lcom/android/tools/r8/threading/ThreadingModule;Ljava/util/concurrent/ExecutorService;Lcom/android/tools/r8/internal/Xq0$a;)V+33
j  com.android.tools.r8.internal.Xq0.a(Ljava/util/Collection;Ljava/util/function/Consumer;Lcom/android/tools/r8/threading/ThreadingModule;Ljava/util/concurrent/ExecutorService;)V+16
j  com.android.tools.r8.D8.d(Lcom/android/tools/r8/utils/i;Lcom/android/tools/r8/internal/MI;Ljava/util/concurrent/ExecutorService;)V+243
j  com.android.tools.r8.D8.b(Lcom/android/tools/r8/utils/i;Lcom/android/tools/r8/internal/MI;Ljava/util/concurrent/ExecutorService;)V+3
j  com.android.tools.r8.D8$$Lambda+0x00000001015e6f48.run()V+12
j  com.android.tools.r8.internal.Nu.a(Lcom/android/tools/r8/internal/Me0;Lcom/android/tools/r8/internal/Nu$a;)V+2
j  com.android.tools.r8.internal.Nu.b(Lcom/android/tools/r8/internal/Me0;Lcom/android/tools/r8/internal/Nu$a;)V+2
j  com.android.tools.r8.D8.run(Lcom/android/tools/r8/D8Command;Ljava/util/concurrent/ExecutorService;)V+22
j  com.android.builder.dexing.D8DexArchiveBuilder.convert(Ljava/util/stream/Stream;Ljava/nio/file/Path;Ljava/nio/file/Path;Lcom/android/builder/dexing/DependencyGraphUpdater;)V+298
j  com.android.build.gradle.internal.dependency.BaseDexingTransform.process(Ljava/io/File;Lkotlin/jvm/functions/Function2;Ljava/util/List;Ljava/io/File;Ljava/io/File;ZLcom/android/build/gradle/internal/dependency/DesugarGraph;)V+795
j  com.android.build.gradle.internal.dependency.BaseDexingTransform.processNonIncrementally(Ljava/io/File;Ljava/util/List;Ljava/io/File;Ljava/io/File;ZLjava/io/File;)V+112
j  com.android.build.gradle.internal.dependency.BaseDexingTransform.transform(Lorg/gradle/api/artifacts/transform/TransformOutputs;)V+367
j  org.gradle.api.internal.artifacts.transform.DefaultTransform.transform(Lorg/gradle/api/provider/Provider;Ljava/io/File;Lorg/gradle/api/internal/artifacts/transform/TransformDependencies;Lorg/gradle/work/InputChanges;)Lorg/gradle/api/internal/artifacts/transform/TransformExecutionResult;+42
j  org.gradle.api.internal.artifacts.transform.AbstractTransformExecution$2.call(Lorg/gradle/internal/operations/BuildOperationContext;)Lorg/gradle/api/internal/artifacts/transform/TransformExecutionResult;+53
j  org.gradle.api.internal.artifacts.transform.AbstractTransformExecution$2.call(Lorg/gradle/internal/operations/BuildOperationContext;)Ljava/lang/Object;+2
J 20837 c2 org.gradle.internal.operations.DefaultBuildOperationRunner$CallableBuildOperationWorker.execute(Lorg/gradle/internal/operations/BuildOperation;Lorg/gradle/internal/operations/BuildOperationContext;)V (10 bytes) @ 0x0000020bee4ead14 [0x0000020bee4eaca0+0x0000000000000074]
J 16038 c2 org.gradle.internal.operations.DefaultBuildOperationRunner$2.execute(Lorg/gradle/internal/operations/BuildOperationDescriptor;Lorg/gradle/internal/operations/BuildOperationState;Lorg/gradle/internal/operations/BuildOperationState;Lorg/gradle/internal/operations/DefaultBuildOperationRunner$ReadableBuildOperationContext;Lorg/gradle/internal/operations/DefaultBuildOperationRunner$BuildOperationExecutionListener;)Lorg/gradle/internal/operations/BuildOperation; (110 bytes) @ 0x0000020bee3bdf48 [0x0000020bee3bcb80+0x00000000000013c8]
J 20964 c2 org.gradle.internal.operations.DefaultBuildOperationRunner.execute(Lorg/gradle/internal/operations/BuildOperationDescriptor$Builder;Lorg/gradle/internal/operations/BuildOperationState;Lorg/gradle/internal/operations/DefaultBuildOperationRunner$BuildOperationExecution;)Ljava/lang/Object; (147 bytes) @ 0x0000020bee32534c [0x0000020bee324b80+0x00000000000007cc]
J 16338 c2 org.gradle.internal.operations.DefaultBuildOperationRunner.execute(Lorg/gradle/internal/operations/BuildOperation;Lorg/gradle/internal/operations/BuildOperationWorker;Lorg/gradle/internal/operations/BuildOperationState;)V (23 bytes) @ 0x0000020bee3e4810 [0x0000020bee3e4740+0x00000000000000d0]
J 8070 c1 org.gradle.internal.operations.DefaultBuildOperationRunner.call(Lorg/gradle/internal/operations/CallableBuildOperation;)Ljava/lang/Object; (24 bytes) @ 0x0000020be6d12cc4 [0x0000020be6d12820+0x00000000000004a4]
j  org.gradle.api.internal.artifacts.transform.AbstractTransformExecution.executeWithinTransformerListener(Lorg/gradle/internal/execution/UnitOfWork$ExecutionRequest;)Lorg/gradle/internal/execution/UnitOfWork$WorkOutput;+13
j  org.gradle.api.internal.artifacts.transform.AbstractTransformExecution.execute(Lorg/gradle/internal/execution/UnitOfWork$ExecutionRequest;)Lorg/gradle/internal/execution/UnitOfWork$WorkOutput;+19
j  org.gradle.internal.execution.steps.ExecuteStep.executeInternal(Lorg/gradle/internal/execution/UnitOfWork;Lorg/gradle/internal/execution/steps/InputChangesContext;)Lorg/gradle/internal/execution/steps/Result;+16
j  org.gradle.internal.execution.steps.ExecuteStep.access$000(Lorg/gradle/internal/execution/UnitOfWork;Lorg/gradle/internal/execution/steps/InputChangesContext;)Lorg/gradle/internal/execution/steps/Result;+2
j  org.gradle.internal.execution.steps.ExecuteStep$1.call(Lorg/gradle/internal/operations/BuildOperationContext;)Lorg/gradle/internal/execution/steps/Result;+8
j  org.gradle.internal.execution.steps.ExecuteStep$1.call(Lorg/gradle/internal/operations/BuildOperationContext;)Ljava/lang/Object;+2
J 20837 c2 org.gradle.internal.operations.DefaultBuildOperationRunner$CallableBuildOperationWorker.execute(Lorg/gradle/internal/operations/BuildOperation;Lorg/gradle/internal/operations/BuildOperationContext;)V (10 bytes) @ 0x0000020bee4ead14 [0x0000020bee4eaca0+0x0000000000000074]
J 16038 c2 org.gradle.internal.operations.DefaultBuildOperationRunner$2.execute(Lorg/gradle/internal/operations/BuildOperationDescriptor;Lorg/gradle/internal/operations/BuildOperationState;Lorg/gradle/internal/operations/BuildOperationState;Lorg/gradle/internal/operations/DefaultBuildOperationRunner$ReadableBuildOperationContext;Lorg/gradle/internal/operations/DefaultBuildOperationRunner$BuildOperationExecutionListener;)Lorg/gradle/internal/operations/BuildOperation; (110 bytes) @ 0x0000020bee3bdf48 [0x0000020bee3bcb80+0x00000000000013c8]
J 20964 c2 org.gradle.internal.operations.DefaultBuildOperationRunner.execute(Lorg/gradle/internal/operations/BuildOperationDescriptor$Builder;Lorg/gradle/internal/operations/BuildOperationState;Lorg/gradle/internal/operations/DefaultBuildOperationRunner$BuildOperationExecution;)Ljava/lang/Object; (147 bytes) @ 0x0000020bee32534c [0x0000020bee324b80+0x00000000000007cc]
J 16338 c2 org.gradle.internal.operations.DefaultBuildOperationRunner.execute(Lorg/gradle/internal/operations/BuildOperation;Lorg/gradle/internal/operations/BuildOperationWorker;Lorg/gradle/internal/operations/BuildOperationState;)V (23 bytes) @ 0x0000020bee3e4810 [0x0000020bee3e4740+0x00000000000000d0]
J 8070 c1 org.gradle.internal.operations.DefaultBuildOperationRunner.call(Lorg/gradle/internal/operations/CallableBuildOperation;)Ljava/lang/Object; (24 bytes) @ 0x0000020be6d12cc4 [0x0000020be6d12820+0x00000000000004a4]
j  org.gradle.internal.execution.steps.ExecuteStep.execute(Lorg/gradle/internal/execution/UnitOfWork;Lorg/gradle/internal/execution/steps/ChangingOutputsContext;)Lorg/gradle/internal/execution/steps/Result;+28
j  org.gradle.internal.execution.steps.ExecuteStep.execute(Lorg/gradle/internal/execution/UnitOfWork;Lorg/gradle/internal/execution/steps/Context;)Lorg/gradle/internal/execution/steps/Result;+6
j  org.gradle.internal.execution.steps.CancelExecutionStep.execute(Lorg/gradle/internal/execution/UnitOfWork;Lorg/gradle/internal/execution/steps/Context;)Lorg/gradle/internal/execution/steps/Result;+35
j  org.gradle.internal.execution.steps.TimeoutStep.executeWithoutTimeout(Lorg/gradle/internal/execution/UnitOfWork;Lorg/gradle/internal/execution/steps/Context;)Lorg/gradle/internal/execution/steps/Result;+6
j  org.gradle.internal.execution.steps.TimeoutStep.execute(Lorg/gradle/internal/execution/UnitOfWork;Lorg/gradle/internal/execution/steps/Context;)Lorg/gradle/internal/execution/steps/Result;+92
j  org.gradle.internal.execution.steps.PreCreateOutputParentsStep.execute(Lorg/gradle/internal/execution/UnitOfWork;Lorg/gradle/internal/execution/steps/ChangingOutputsContext;)Lorg/gradle/internal/execution/steps/Result;+24
j  org.gradle.internal.execution.steps.PreCreateOutputParentsStep.execute(Lorg/gradle/internal/execution/UnitOfWork;Lorg/gradle/internal/execution/steps/Context;)Lorg/gradle/internal/execution/steps/Result;+6
j  org.gradle.internal.execution.steps.BroadcastChangingOutputsStep.execute(Lorg/gradle/internal/execution/UnitOfWork;Lorg/gradle/internal/execution/steps/InputChangesContext;)Lorg/gradle/internal/execution/steps/Result;+53
j  org.gradle.internal.execution.steps.BroadcastChangingOutputsStep.execute(Lorg/gradle/internal/execution/UnitOfWork;Lorg/gradle/internal/execution/steps/Context;)Lorg/gradle/internal/execution/steps/Result;+6
j  org.gradle.internal.execution.steps.NoInputChangesStep.execute(Lorg/gradle/internal/execution/UnitOfWork;Lorg/gradle/internal/execution/steps/ValidationFinishedContext;)Lorg/gradle/internal/execution/steps/Result;+23
j  org.gradle.internal.execution.steps.NoInputChangesStep.execute(Lorg/gradle/internal/execution/UnitOfWork;Lorg/gradle/internal/execution/steps/Context;)Lorg/gradle/internal/execution/steps/Result;+6
j  org.gradle.internal.execution.steps.CaptureOutputsAfterExecutionStep.execute(Lorg/gradle/internal/execution/UnitOfWork;Lorg/gradle/internal/execution/steps/WorkspaceContext;)Lorg/gradle/internal/execution/steps/AfterExecutionResult;+6
j  org.gradle.internal.execution.steps.CaptureOutputsAfterExecutionStep.execute(Lorg/gradle/internal/execution/UnitOfWork;Lorg/gradle/internal/execution/steps/Context;)Lorg/gradle/internal/execution/steps/Result;+6
j  org.gradle.internal.execution.steps.BuildCacheStep.executeWithoutCache(Lorg/gradle/internal/execution/UnitOfWork;Lorg/gradle/internal/execution/steps/WorkspaceContext;)Lorg/gradle/internal/execution/steps/AfterExecutionResult;+6
j  org.gradle.internal.execution.steps.BuildCacheStep.lambda$execute$1(Lorg/gradle/internal/execution/UnitOfWork;Lorg/gradle/internal/execution/steps/WorkspaceContext;Lorg/gradle/internal/execution/caching/CachingState$Disabled;)Lorg/gradle/internal/execution/steps/AfterExecutionResult;+3
j  org.gradle.internal.execution.steps.BuildCacheStep$$Lambda+0x00000001013d8258.apply(Ljava/lang/Object;)Ljava/lang/Object;+16
j  org.gradle.internal.Either$Right.fold(Ljava/util/function/Function;Ljava/util/function/Function;)Ljava/lang/Object;+5
j  org.gradle.internal.execution.caching.CachingState.fold(Ljava/util/function/Function;Ljava/util/function/Function;)Ljava/lang/Object;+6
j  org.gradle.internal.execution.steps.BuildCacheStep.execute(Lorg/gradle/internal/execution/UnitOfWork;Lorg/gradle/internal/execution/steps/WorkspaceContext;)Lorg/gradle/internal/execution/steps/AfterExecutionResult;+25
j  org.gradle.internal.execution.steps.BuildCacheStep.execute(Lorg/gradle/internal/execution/UnitOfWork;Lorg/gradle/internal/execution/steps/Context;)Lorg/gradle/internal/execution/steps/Result;+6
j  org.gradle.internal.execution.steps.NeverUpToDateStep.execute(Lorg/gradle/internal/execution/UnitOfWork;Lorg/gradle/internal/execution/steps/NonIncrementalCachingContext;)Lorg/gradle/internal/execution/steps/UpToDateResult;+6
j  org.gradle.internal.execution.steps.NeverUpToDateStep.execute(Lorg/gradle/internal/execution/UnitOfWork;Lorg/gradle/internal/execution/steps/Context;)Lorg/gradle/internal/execution/steps/Result;+6
j  org.gradle.internal.execution.steps.legacy.MarkSnapshottingInputsFinishedStep.execute(Lorg/gradle/internal/execution/UnitOfWork;Lorg/gradle/internal/execution/steps/CachingContext;)Lorg/gradle/internal/execution/steps/Result;+18
j  org.gradle.internal.execution.steps.legacy.MarkSnapshottingInputsFinishedStep.execute(Lorg/gradle/internal/execution/UnitOfWork;Lorg/gradle/internal/execution/steps/Context;)Lorg/gradle/internal/execution/steps/Result;+6
j  org.gradle.internal.execution.steps.ResolveNonIncrementalCachingStateStep.executeDelegate(Lorg/gradle/internal/execution/UnitOfWork;Lorg/gradle/internal/execution/steps/ValidationFinishedContext;Lorg/gradle/internal/execution/caching/CachingState;)Lorg/gradle/internal/execution/steps/UpToDateResult;+14
j  org.gradle.internal.execution.steps.AbstractResolveCachingStateStep.execute(Lorg/gradle/internal/execution/UnitOfWork;Lorg/gradle/internal/execution/steps/ValidationFinishedContext;)Lorg/gradle/internal/execution/steps/CachingResult;+51
j  org.gradle.internal.execution.steps.AbstractResolveCachingStateStep.execute(Lorg/gradle/internal/execution/UnitOfWork;Lorg/gradle/internal/execution/steps/Context;)Lorg/gradle/internal/execution/steps/Result;+6
j  org.gradle.internal.execution.steps.ValidateStep.execute(Lorg/gradle/internal/execution/UnitOfWork;Lorg/gradle/internal/execution/steps/BeforeExecutionContext;)Lorg/gradle/internal/execution/steps/Result;+255
j  org.gradle.internal.execution.steps.ValidateStep.execute(Lorg/gradle/internal/execution/UnitOfWork;Lorg/gradle/internal/execution/steps/Context;)Lorg/gradle/internal/execution/steps/Result;+6
j  org.gradle.internal.execution.steps.AbstractCaptureStateBeforeExecutionStep.execute(Lorg/gradle/internal/execution/UnitOfWork;Lorg/gradle/internal/execution/steps/PreviousExecutionContext;)Lorg/gradle/internal/execution/steps/CachingResult;+32
j  org.gradle.internal.execution.steps.AbstractCaptureStateBeforeExecutionStep.execute(Lorg/gradle/internal/execution/UnitOfWork;Lorg/gradle/internal/execution/steps/Context;)Lorg/gradle/internal/execution/steps/Result;+6
j  org.gradle.internal.execution.steps.legacy.MarkSnapshottingInputsStartedStep.execute(Lorg/gradle/internal/execution/UnitOfWork;Lorg/gradle/internal/execution/steps/Context;)Lorg/gradle/internal/execution/steps/Result;+12
j  org.gradle.internal.execution.steps.AssignImmutableWorkspaceStep.lambda$executeInTemporaryWorkspace$3(Lorg/gradle/internal/execution/steps/IdentityContext;Lorg/gradle/internal/execution/UnitOfWork;Lorg/gradle/internal/execution/workspace/ImmutableWorkspaceProvider$ImmutableWorkspace;Ljava/io/File;)Lorg/gradle/internal/execution/steps/WorkspaceResult;+50
j  org.gradle.internal.execution.steps.AssignImmutableWorkspaceStep$$Lambda+0x0000000101503a98.executeInTemporaryWorkspace(Ljava/io/File;)Ljava/lang/Object;+17
j  org.gradle.internal.execution.workspace.impl.CacheBasedImmutableWorkspaceProvider$1.withTemporaryWorkspace(Lorg/gradle/internal/execution/workspace/ImmutableWorkspaceProvider$ImmutableWorkspace$TemporaryWorkspaceAction;)Ljava/lang/Object;+47
j  org.gradle.internal.execution.steps.AssignImmutableWorkspaceStep.executeInTemporaryWorkspace(Lorg/gradle/internal/execution/UnitOfWork;Lorg/gradle/internal/execution/steps/IdentityContext;Lorg/gradle/internal/execution/workspace/ImmutableWorkspaceProvider$ImmutableWorkspace;)Lorg/gradle/internal/execution/steps/WorkspaceResult;+10
j  org.gradle.internal.execution.steps.AssignImmutableWorkspaceStep.lambda$execute$0(Lorg/gradle/internal/execution/UnitOfWork;Lorg/gradle/internal/execution/steps/IdentityContext;Lorg/gradle/internal/execution/workspace/ImmutableWorkspaceProvider$ImmutableWorkspace;)Lorg/gradle/internal/execution/steps/WorkspaceResult;+4
j  org.gradle.internal.execution.steps.AssignImmutableWorkspaceStep$$Lambda+0x0000000100681748.get()Ljava/lang/Object;+16
J 8556 c1 org.gradle.internal.execution.steps.AssignImmutableWorkspaceStep.execute(Lorg/gradle/internal/execution/UnitOfWork;Lorg/gradle/internal/execution/steps/IdentityContext;)Lorg/gradle/internal/execution/steps/WorkspaceResult; (55 bytes) @ 0x0000020be62cde94 [0x0000020be62cd4a0+0x00000000000009f4]
J 8557 c1 org.gradle.internal.execution.steps.AssignImmutableWorkspaceStep.execute(Lorg/gradle/internal/execution/UnitOfWork;Lorg/gradle/internal/execution/steps/Context;)Lorg/gradle/internal/execution/steps/Result; (10 bytes) @ 0x0000020be6a26094 [0x0000020be6a25f40+0x0000000000000154]
J 8552 c1 org.gradle.internal.execution.steps.ChoosePipelineStep.execute(Lorg/gradle/internal/execution/UnitOfWork;Lorg/gradle/internal/execution/steps/IdentityContext;)Lorg/gradle/internal/execution/steps/Result; (71 bytes) @ 0x0000020be652ed4c [0x0000020be652e6a0+0x00000000000006ac]
J 8555 c1 org.gradle.internal.execution.steps.ChoosePipelineStep.execute(Lorg/gradle/internal/execution/UnitOfWork;Lorg/gradle/internal/execution/steps/Context;)Lorg/gradle/internal/execution/steps/Result; (10 bytes) @ 0x0000020be6151d94 [0x0000020be6151c40+0x0000000000000154]
J 17255 c1 org.gradle.internal.execution.steps.ExecuteWorkBuildOperationFiringStep.lambda$execute$0(Lorg/gradle/internal/execution/UnitOfWork;Lorg/gradle/internal/execution/steps/IdentityContext;Lorg/gradle/internal/operations/BuildOperationContext;)Lorg/gradle/internal/execution/steps/CachingResult; (78 bytes) @ 0x0000020be73e6714 [0x0000020be73e6600+0x0000000000000114]
J 8577 c1 org.gradle.internal.execution.steps.ExecuteWorkBuildOperationFiringStep$$Lambda+0x000000010080d4e0.apply(Ljava/lang/Object;)Ljava/lang/Object; (20 bytes) @ 0x0000020be61bd3cc [0x0000020be61bd240+0x000000000000018c]
J 21133 c2 org.gradle.internal.execution.steps.BuildOperationStep$1.call(Lorg/gradle/internal/operations/BuildOperationContext;)Ljava/lang/Object; (11 bytes) @ 0x0000020bee56a1f0 [0x0000020bee56a1a0+0x0000000000000050]
J 20837 c2 org.gradle.internal.operations.DefaultBuildOperationRunner$CallableBuildOperationWorker.execute(Lorg/gradle/internal/operations/BuildOperation;Lorg/gradle/internal/operations/BuildOperationContext;)V (10 bytes) @ 0x0000020bee4ead14 [0x0000020bee4eaca0+0x0000000000000074]
J 16038 c2 org.gradle.internal.operations.DefaultBuildOperationRunner$2.execute(Lorg/gradle/internal/operations/BuildOperationDescriptor;Lorg/gradle/internal/operations/BuildOperationState;Lorg/gradle/internal/operations/BuildOperationState;Lorg/gradle/internal/operations/DefaultBuildOperationRunner$ReadableBuildOperationContext;Lorg/gradle/internal/operations/DefaultBuildOperationRunner$BuildOperationExecutionListener;)Lorg/gradle/internal/operations/BuildOperation; (110 bytes) @ 0x0000020bee3bdf48 [0x0000020bee3bcb80+0x00000000000013c8]
J 20964 c2 org.gradle.internal.operations.DefaultBuildOperationRunner.execute(Lorg/gradle/internal/operations/BuildOperationDescriptor$Builder;Lorg/gradle/internal/operations/BuildOperationState;Lorg/gradle/internal/operations/DefaultBuildOperationRunner$BuildOperationExecution;)Ljava/lang/Object; (147 bytes) @ 0x0000020bee32534c [0x0000020bee324b80+0x00000000000007cc]
J 20835 c2 org.gradle.internal.execution.steps.BuildOperationStep.operation(Ljava/util/function/Function;Lorg/gradle/internal/operations/BuildOperationDescriptor$Builder;)Ljava/lang/Object; (20 bytes) @ 0x0000020bede40d08 [0x0000020bede40b00+0x0000000000000208]
J 8580 c1 org.gradle.internal.execution.steps.ExecuteWorkBuildOperationFiringStep.lambda$execute$1(Lorg/gradle/internal/execution/UnitOfWork;Lorg/gradle/internal/execution/steps/IdentityContext;Ljava/lang/String;)Lorg/gradle/internal/execution/steps/CachingResult; (41 bytes) @ 0x0000020be65e31f4 [0x0000020be65e2820+0x00000000000009d4]
J 8579 c1 org.gradle.internal.execution.steps.ExecuteWorkBuildOperationFiringStep$$Lambda+0x000000010067cf20.apply(Ljava/lang/Object;)Ljava/lang/Object; (20 bytes) @ 0x0000020be6300334 [0x0000020be63001c0+0x0000000000000174]
J 8559 c1 org.gradle.internal.execution.steps.ExecuteWorkBuildOperationFiringStep.execute(Lorg/gradle/internal/execution/UnitOfWork;Lorg/gradle/internal/execution/steps/Context;)Lorg/gradle/internal/execution/steps/Result; (10 bytes) @ 0x0000020be66d1304 [0x0000020be66d0ac0+0x0000000000000844]
J 8463 c1 org.gradle.internal.execution.steps.IdentityCacheStep.executeInCache(Lorg/gradle/internal/execution/UnitOfWork;Lorg/gradle/internal/execution/steps/IdentityContext;)Lorg/gradle/internal/execution/ExecutionEngine$IdentityCacheResult; (45 bytes) @ 0x0000020be6df0b34 [0x0000020be6df09e0+0x0000000000000154]
J 8462 c1 org.gradle.internal.execution.steps.IdentityCacheStep$$Lambda+0x000000010080d2a8.get()Ljava/lang/Object; (16 bytes) @ 0x0000020be6df0414 [0x0000020be6df0340+0x00000000000000d4]
J 8103 c1 org.gradle.cache.Cache$$Lambda+0x00000001001dd730.apply(Ljava/lang/Object;)Ljava/lang/Object; (9 bytes) @ 0x0000020be6d238fc [0x0000020be6d237c0+0x000000000000013c]
J 17342 c2 java.util.concurrent.ConcurrentHashMap.computeIfAbsent(Ljava/lang/Object;Ljava/util/function/Function;)Ljava/lang/Object; java.base@21.0.5 (576 bytes) @ 0x0000020bede89568 [0x0000020bede89160+0x0000000000000408]
J 8441 c1 org.gradle.cache.internal.DefaultCrossBuildInMemoryCacheFactory$CrossBuildCacheRetainingDataFromPreviousBuild.get(Ljava/lang/Object;Ljava/util/function/Function;)Ljava/lang/Object; (18 bytes) @ 0x0000020be6de36ec [0x0000020be6de3580+0x000000000000016c]
J 6414 c1 org.gradle.cache.Cache.get(Ljava/lang/Object;Ljava/util/function/Supplier;)Ljava/lang/Object; (14 bytes) @ 0x0000020be61c4b34 [0x0000020be61c4620+0x0000000000000514]
J 8430 c1 org.gradle.internal.execution.steps.IdentityCacheStep.lambda$executeDeferred$1(Lorg/gradle/cache/Cache;Lorg/gradle/internal/execution/UnitOfWork$Identity;Lorg/gradle/internal/execution/UnitOfWork;Lorg/gradle/internal/execution/steps/IdentityContext;)Lorg/gradle/internal/Try; (41 bytes) @ 0x0000020be6ddb494 [0x0000020be6ddaf80+0x0000000000000514]
J 8293 c1 org.gradle.internal.execution.steps.IdentityCacheStep$$Lambda+0x000000010080c4c8.get()Ljava/lang/Object; (24 bytes) @ 0x0000020be6d85bdc [0x0000020be6d85b40+0x000000000000009c]
J 8343 c1 org.gradle.internal.Deferrable$3.completeAndGet()Ljava/lang/Object; (46 bytes) @ 0x0000020be6da3ae4 [0x0000020be6da3940+0x00000000000001a4]
J 8237 c1 org.gradle.internal.Deferrable$1.completeAndGet()Ljava/lang/Object; (18 bytes) @ 0x0000020be6d67c0c [0x0000020be6d67b00+0x000000000000010c]
J 8237 c1 org.gradle.internal.Deferrable$1.completeAndGet()Ljava/lang/Object; (18 bytes) @ 0x0000020be6d67c0c [0x0000020be6d67b00+0x000000000000010c]
J 20893 c1 org.gradle.internal.Deferrable$$Lambda+0x000000010081c718.get()Ljava/lang/Object; (14 bytes) @ 0x0000020be6bac424 [0x0000020be6bac2e0+0x0000000000000144]
J 8343 c1 org.gradle.internal.Deferrable$3.completeAndGet()Ljava/lang/Object; (46 bytes) @ 0x0000020be6da3ae4 [0x0000020be6da3940+0x00000000000001a4]
J 8535 c1 org.gradle.api.internal.artifacts.transform.TransformingAsyncArtifactListener$TransformedArtifact.finalizeValue()Lorg/gradle/internal/Try; (168 bytes) @ 0x0000020be6e214b4 [0x0000020be6e20900+0x0000000000000bb4]
J 8624 c1 org.gradle.api.internal.artifacts.transform.TransformingAsyncArtifactListener$TransformedArtifact.run(Lorg/gradle/internal/operations/BuildOperationContext;)V (6 bytes) @ 0x0000020be61b383c [0x0000020be61b37c0+0x000000000000007c]
J 8591 c1 org.gradle.internal.operations.DefaultBuildOperationExecutor$$Lambda+0x00000001007f3128.execute(Lorg/gradle/internal/operations/BuildOperation;Lorg/gradle/internal/operations/BuildOperationContext;)V (11 bytes) @ 0x0000020be6a3413c [0x0000020be6a33f40+0x00000000000001fc]
J 16038 c2 org.gradle.internal.operations.DefaultBuildOperationRunner$2.execute(Lorg/gradle/internal/operations/BuildOperationDescriptor;Lorg/gradle/internal/operations/BuildOperationState;Lorg/gradle/internal/operations/BuildOperationState;Lorg/gradle/internal/operations/DefaultBuildOperationRunner$ReadableBuildOperationContext;Lorg/gradle/internal/operations/DefaultBuildOperationRunner$BuildOperationExecutionListener;)Lorg/gradle/internal/operations/BuildOperation; (110 bytes) @ 0x0000020bee3bdf48 [0x0000020bee3bcb80+0x00000000000013c8]
J 20964 c2 org.gradle.internal.operations.DefaultBuildOperationRunner.execute(Lorg/gradle/internal/operations/BuildOperationDescriptor$Builder;Lorg/gradle/internal/operations/BuildOperationState;Lorg/gradle/internal/operations/DefaultBuildOperationRunner$BuildOperationExecution;)Ljava/lang/Object; (147 bytes) @ 0x0000020bee32534c [0x0000020bee324b80+0x00000000000007cc]
J 16338 c2 org.gradle.internal.operations.DefaultBuildOperationRunner.execute(Lorg/gradle/internal/operations/BuildOperation;Lorg/gradle/internal/operations/BuildOperationWorker;Lorg/gradle/internal/operations/BuildOperationState;)V (23 bytes) @ 0x0000020bee3e4810 [0x0000020bee3e4740+0x00000000000000d0]
J 15970 c1 org.gradle.internal.operations.DefaultBuildOperationQueue$WorkerRunnable.doRunBatch(Lorg/gradle/internal/operations/BuildOperation;)I (44 bytes) @ 0x0000020be78a0614 [0x0000020be78a0500+0x0000000000000114]
j  org.gradle.internal.operations.DefaultBuildOperationQueue$WorkerRunnable.lambda$runBatch$0(Lorg/gradle/internal/operations/BuildOperation;)Ljava/lang/Integer;+2
j  org.gradle.internal.operations.DefaultBuildOperationQueue$WorkerRunnable$$Lambda+0x000000010080d070.create()Ljava/lang/Object;+8
J 15963 c1 org.gradle.internal.resources.AbstractResourceLockRegistry.whileDisallowingLockChanges(Lorg/gradle/internal/Factory;)Ljava/lang/Object; (44 bytes) @ 0x0000020be789e65c [0x0000020be789e5c0+0x000000000000009c]
j  org.gradle.internal.work.DefaultWorkerLeaseService.whileDisallowingProjectLockChanges(Lorg/gradle/internal/Factory;)Ljava/lang/Object;+14
j  org.gradle.internal.operations.DefaultBuildOperationQueue$WorkerRunnable.lambda$runBatch$1(Lorg/gradle/internal/operations/BuildOperation;)Ljava/lang/Integer;+33
j  org.gradle.internal.operations.DefaultBuildOperationQueue$WorkerRunnable$$Lambda+0x000000010080ce38.create()Ljava/lang/Object;+8
J 15914 c1 org.gradle.internal.work.DefaultWorkerLeaseService.runAsWorkerThread(Lorg/gradle/internal/Factory;)Ljava/lang/Object; (37 bytes) @ 0x0000020be788ea7c [0x0000020be788e9a0+0x00000000000000dc]
J 20647 c1 org.gradle.internal.operations.DefaultBuildOperationQueue$WorkerRunnable.run()V (48 bytes) @ 0x0000020be6cd8eec [0x0000020be6cd89c0+0x000000000000052c]
j  org.gradle.internal.operations.DefaultBuildOperationQueue.waitForCompletion()V+13
j  org.gradle.internal.operations.DefaultBuildOperationExecutor.executeInParallel(ZLorg/gradle/internal/operations/BuildOperationQueue$QueueWorker;Lorg/gradle/api/Action;Lorg/gradle/internal/operations/BuildOperationConstraint;)V+102
j  org.gradle.internal.operations.DefaultBuildOperationExecutor.runAll(Lorg/gradle/api/Action;Lorg/gradle/internal/operations/BuildOperationConstraint;)V+22
j  org.gradle.api.internal.artifacts.ivyservice.resolveengine.artifact.ParallelResolveArtifactSet$VisitingSet.visit(Lorg/gradle/api/internal/artifacts/ivyservice/resolveengine/artifact/ArtifactVisitor;)V+18
j  org.gradle.api.internal.artifacts.ivyservice.resolveengine.artifact.ResolvedArtifactSetResolver$1.run(Lorg/gradle/internal/operations/BuildOperationContext;)V+18
J 10421 c1 org.gradle.internal.operations.DefaultBuildOperationRunner$1.execute(Lorg/gradle/internal/operations/BuildOperation;Lorg/gradle/internal/operations/BuildOperationContext;)V (10 bytes) @ 0x0000020be7057aac [0x0000020be7057860+0x000000000000024c]
J 16038 c2 org.gradle.internal.operations.DefaultBuildOperationRunner$2.execute(Lorg/gradle/internal/operations/BuildOperationDescriptor;Lorg/gradle/internal/operations/BuildOperationState;Lorg/gradle/internal/operations/BuildOperationState;Lorg/gradle/internal/operations/DefaultBuildOperationRunner$ReadableBuildOperationContext;Lorg/gradle/internal/operations/DefaultBuildOperationRunner$BuildOperationExecutionListener;)Lorg/gradle/internal/operations/BuildOperation; (110 bytes) @ 0x0000020bee3bdf48 [0x0000020bee3bcb80+0x00000000000013c8]
J 20964 c2 org.gradle.internal.operations.DefaultBuildOperationRunner.execute(Lorg/gradle/internal/operations/BuildOperationDescriptor$Builder;Lorg/gradle/internal/operations/BuildOperationState;Lorg/gradle/internal/operations/DefaultBuildOperationRunner$BuildOperationExecution;)Ljava/lang/Object; (147 bytes) @ 0x0000020bee32534c [0x0000020bee324b80+0x00000000000007cc]
J 16338 c2 org.gradle.internal.operations.DefaultBuildOperationRunner.execute(Lorg/gradle/internal/operations/BuildOperation;Lorg/gradle/internal/operations/BuildOperationWorker;Lorg/gradle/internal/operations/BuildOperationState;)V (23 bytes) @ 0x0000020bee3e4810 [0x0000020bee3e4740+0x00000000000000d0]
J 10420 c1 org.gradle.internal.operations.DefaultBuildOperationRunner.run(Lorg/gradle/internal/operations/RunnableBuildOperation;)V (13 bytes) @ 0x0000020be70565a4 [0x0000020be7056200+0x00000000000003a4]
j  org.gradle.api.internal.artifacts.ivyservice.resolveengine.artifact.ResolvedArtifactSetResolver.visitArtifacts(Lorg/gradle/api/internal/artifacts/ivyservice/resolveengine/artifact/ResolvedArtifactSet;Lorg/gradle/api/internal/artifacts/ivyservice/resolveengine/artifact/ArtifactVisitor;Lorg/gradle/api/internal/artifacts/configurations/ResolutionHost;)V+15
j  org.gradle.api.internal.artifacts.ivyservice.resolveengine.artifact.ResolvedArtifactSetResolver.lambda$visitInUnmanagedWorkerThread$0(Lorg/gradle/api/internal/artifacts/ivyservice/resolveengine/artifact/ResolvedArtifactSet;Lorg/gradle/api/internal/artifacts/ivyservice/resolveengine/artifact/ArtifactVisitor;Lorg/gradle/api/internal/artifacts/configurations/ResolutionHost;)V+4
j  org.gradle.api.internal.artifacts.ivyservice.resolveengine.artifact.ResolvedArtifactSetResolver$$Lambda+0x00000001007f87d0.run()V+16
j  org.gradle.internal.work.DefaultWorkerLeaseService.runAsUnmanagedWorkerThread(Ljava/lang/Runnable;)V+18
j  org.gradle.api.internal.artifacts.ivyservice.resolveengine.artifact.ResolvedArtifactSetResolver.visitInUnmanagedWorkerThread(Lorg/gradle/api/internal/artifacts/ivyservice/resolveengine/artifact/ResolvedArtifactSet;Lorg/gradle/api/internal/artifacts/ivyservice/resolveengine/artifact/ArtifactVisitor;Lorg/gradle/api/internal/artifacts/configurations/ResolutionHost;)V+13
j  org.gradle.api.internal.artifacts.ivyservice.resolveengine.artifact.DefaultSelectedArtifactSet.visitArtifacts(Lorg/gradle/api/internal/artifacts/ivyservice/resolveengine/artifact/ArtifactVisitor;Z)V+50
j  org.gradle.api.internal.artifacts.ivyservice.resolveengine.artifact.SelectedArtifactSet.visitFiles(Lorg/gradle/api/internal/artifacts/ivyservice/resolveengine/artifact/ResolvedFileVisitor;Z)V+10
j  org.gradle.api.internal.artifacts.configurations.ResolutionBackedFileCollection.visitContents(Lorg/gradle/api/internal/file/FileCollectionStructureVisitor;)V+18
J 10682 c1 org.gradle.api.internal.file.CompositeFileCollection$$Lambda+0x00000001007fc280.accept(Ljava/lang/Object;)V (12 bytes) @ 0x0000020be70c3a9c [0x0000020be70c3680+0x000000000000041c]
J 10677 c1 org.gradle.api.internal.file.collections.UnpackingVisitor.add(Ljava/lang/Object;)V (367 bytes) @ 0x0000020be70bccc4 [0x0000020be70ba580+0x0000000000002744]
J 10677 c1 org.gradle.api.internal.file.collections.UnpackingVisitor.add(Ljava/lang/Object;)V (367 bytes) @ 0x0000020be70bb204 [0x0000020be70ba580+0x0000000000000c84]
J 16982 c1 org.gradle.api.internal.file.DefaultFileCollectionFactory$ResolvingFileCollection.visitChildren(Ljava/util/function/Consumer;)V (35 bytes) @ 0x0000020be7acd19c [0x0000020be7acd060+0x000000000000013c]
J 12649 c1 org.gradle.api.internal.file.CompositeFileCollection.visitContents(Lorg/gradle/api/internal/file/FileCollectionStructureVisitor;)V (11 bytes) @ 0x0000020be72a3a0c [0x0000020be72a3520+0x00000000000004ec]
J 10682 c1 org.gradle.api.internal.file.CompositeFileCollection$$Lambda+0x00000001007fc280.accept(Ljava/lang/Object;)V (12 bytes) @ 0x0000020be70c3a9c [0x0000020be70c3680+0x000000000000041c]
j  org.gradle.api.internal.tasks.PropertyFileCollection.visitChildren(Ljava/util/function/Consumer;)V+5
J 12649 c1 org.gradle.api.internal.file.CompositeFileCollection.visitContents(Lorg/gradle/api/internal/file/FileCollectionStructureVisitor;)V (11 bytes) @ 0x0000020be72a3a0c [0x0000020be72a3520+0x00000000000004ec]
J 17368 c2 org.gradle.internal.fingerprint.impl.DefaultFileCollectionSnapshotter.snapshot(Lorg/gradle/api/file/FileCollection;)Lorg/gradle/internal/execution/FileCollectionSnapshotter$Result; (46 bytes) @ 0x0000020bedf22210 [0x0000020bedf220a0+0x0000000000000170]
J 8276 c1 org.gradle.internal.execution.impl.DefaultInputFingerprinter$InputCollectingVisitor.visitInputFileProperty(Ljava/lang/String;Lorg/gradle/internal/properties/InputBehavior;Lorg/gradle/internal/execution/UnitOfWork$InputFileValueSupplier;)V (135 bytes) @ 0x0000020be6d7d85c [0x0000020be6d7cf20+0x000000000000093c]
j  org.gradle.api.internal.tasks.execution.TaskExecution.visitRegularInputs(Lorg/gradle/internal/execution/UnitOfWork$InputVisitor;)V+156
j  org.gradle.internal.execution.steps.AbstractCaptureStateBeforeExecutionStep$$Lambda+0x00000001013b94a0.accept(Ljava/lang/Object;)V+8
J 8224 c1 org.gradle.internal.execution.impl.DefaultInputFingerprinter.fingerprintInputProperties(Lcom/google/common/collect/ImmutableSortedMap;Lcom/google/common/collect/ImmutableSortedMap;Lcom/google/common/collect/ImmutableSortedMap;Lcom/google/common/collect/ImmutableSortedMap;Ljava/util/function/Consumer;)Lorg/gradle/internal/execution/InputFingerprinter$Result; (41 bytes) @ 0x0000020be6d60114 [0x0000020be6d5ff60+0x00000000000001b4]
j  org.gradle.internal.execution.steps.AbstractCaptureStateBeforeExecutionStep.captureExecutionStateWithOutputs(Lorg/gradle/internal/execution/UnitOfWork;Lorg/gradle/internal/execution/steps/PreviousExecutionContext;Lcom/google/common/collect/ImmutableSortedMap;Lorg/gradle/internal/execution/history/OverlappingOutputs;)Lorg/gradle/internal/execution/history/BeforeExecutionState;+159
j  org.gradle.internal.execution.steps.AbstractCaptureStateBeforeExecutionStep.lambda$captureExecutionState$0(Lorg/gradle/internal/execution/UnitOfWork;Lorg/gradle/internal/execution/steps/PreviousExecutionContext;Lorg/gradle/internal/operations/BuildOperationContext;)Lorg/gradle/internal/execution/history/BeforeExecutionState;+25
j  org.gradle.internal.execution.steps.AbstractCaptureStateBeforeExecutionStep$$Lambda+0x00000001013beb98.apply(Ljava/lang/Object;)Ljava/lang/Object;+16
J 21133 c2 org.gradle.internal.execution.steps.BuildOperationStep$1.call(Lorg/gradle/internal/operations/BuildOperationContext;)Ljava/lang/Object; (11 bytes) @ 0x0000020bee56a1f0 [0x0000020bee56a1a0+0x0000000000000050]
J 20837 c2 org.gradle.internal.operations.DefaultBuildOperationRunner$CallableBuildOperationWorker.execute(Lorg/gradle/internal/operations/BuildOperation;Lorg/gradle/internal/operations/BuildOperationContext;)V (10 bytes) @ 0x0000020bee4ead14 [0x0000020bee4eaca0+0x0000000000000074]
J 16038 c2 org.gradle.internal.operations.DefaultBuildOperationRunner$2.execute(Lorg/gradle/internal/operations/BuildOperationDescriptor;Lorg/gradle/internal/operations/BuildOperationState;Lorg/gradle/internal/operations/BuildOperationState;Lorg/gradle/internal/operations/DefaultBuildOperationRunner$ReadableBuildOperationContext;Lorg/gradle/internal/operations/DefaultBuildOperationRunner$BuildOperationExecutionListener;)Lorg/gradle/internal/operations/BuildOperation; (110 bytes) @ 0x0000020bee3bdf48 [0x0000020bee3bcb80+0x00000000000013c8]
J 20964 c2 org.gradle.internal.operations.DefaultBuildOperationRunner.execute(Lorg/gradle/internal/operations/BuildOperationDescriptor$Builder;Lorg/gradle/internal/operations/BuildOperationState;Lorg/gradle/internal/operations/DefaultBuildOperationRunner$BuildOperationExecution;)Ljava/lang/Object; (147 bytes) @ 0x0000020bee32534c [0x0000020bee324b80+0x00000000000007cc]
J 20835 c2 org.gradle.internal.execution.steps.BuildOperationStep.operation(Ljava/util/function/Function;Lorg/gradle/internal/operations/BuildOperationDescriptor$Builder;)Ljava/lang/Object; (20 bytes) @ 0x0000020bede40d08 [0x0000020bede40b00+0x0000000000000208]
j  org.gradle.internal.execution.steps.AbstractCaptureStateBeforeExecutionStep.captureExecutionState(Lorg/gradle/internal/execution/UnitOfWork;Lorg/gradle/internal/execution/steps/PreviousExecutionContext;)Lorg/gradle/internal/execution/history/BeforeExecutionState;+42
j  org.gradle.internal.execution.steps.AbstractCaptureStateBeforeExecutionStep.execute(Lorg/gradle/internal/execution/UnitOfWork;Lorg/gradle/internal/execution/steps/PreviousExecutionContext;)Lorg/gradle/internal/execution/steps/CachingResult;+10
j  org.gradle.internal.execution.steps.AbstractCaptureStateBeforeExecutionStep.execute(Lorg/gradle/internal/execution/UnitOfWork;Lorg/gradle/internal/execution/steps/Context;)Lorg/gradle/internal/execution/steps/Result;+6
j  org.gradle.internal.execution.steps.AbstractSkipEmptyWorkStep.executeWithNonEmptySources(Lorg/gradle/internal/execution/UnitOfWork;Lorg/gradle/internal/execution/steps/WorkspaceContext;)Lorg/gradle/internal/execution/steps/CachingResult;+12
j  org.gradle.internal.execution.steps.AbstractSkipEmptyWorkStep.execute(Lorg/gradle/internal/execution/UnitOfWork;Lorg/gradle/internal/execution/steps/WorkspaceContext;)Lorg/gradle/internal/execution/steps/CachingResult;+42
j  org.gradle.internal.execution.steps.AbstractSkipEmptyWorkStep.execute(Lorg/gradle/internal/execution/UnitOfWork;Lorg/gradle/internal/execution/steps/Context;)Lorg/gradle/internal/execution/steps/Result;+6
j  org.gradle.internal.execution.steps.legacy.MarkSnapshottingInputsStartedStep.execute(Lorg/gradle/internal/execution/UnitOfWork;Lorg/gradle/internal/execution/steps/Context;)Lorg/gradle/internal/execution/steps/Result;+12
j  org.gradle.internal.execution.steps.LoadPreviousExecutionStateStep.execute(Lorg/gradle/internal/execution/UnitOfWork;Lorg/gradle/internal/execution/steps/WorkspaceContext;)Lorg/gradle/internal/execution/steps/AfterExecutionResult;+42
j  org.gradle.internal.execution.steps.LoadPreviousExecutionStateStep.execute(Lorg/gradle/internal/execution/UnitOfWork;Lorg/gradle/internal/execution/steps/Context;)Lorg/gradle/internal/execution/steps/Result;+6
j  org.gradle.internal.execution.steps.HandleStaleOutputsStep.execute(Lorg/gradle/internal/execution/UnitOfWork;Lorg/gradle/internal/execution/steps/WorkspaceContext;)Lorg/gradle/internal/execution/steps/AfterExecutionResult;+21
j  org.gradle.internal.execution.steps.HandleStaleOutputsStep.execute(Lorg/gradle/internal/execution/UnitOfWork;Lorg/gradle/internal/execution/steps/Context;)Lorg/gradle/internal/execution/steps/Result;+6
j  org.gradle.internal.execution.steps.AssignMutableWorkspaceStep.lambda$execute$0(Lorg/gradle/internal/execution/steps/IdentityContext;Lorg/gradle/internal/execution/UnitOfWork;Ljava/io/File;Lorg/gradle/internal/execution/history/ExecutionHistoryStore;)Lorg/gradle/internal/execution/steps/WorkspaceResult;+30
j  org.gradle.internal.execution.steps.AssignMutableWorkspaceStep$$Lambda+0x00000001013b19e0.executeInWorkspace(Ljava/io/File;Lorg/gradle/internal/execution/history/ExecutionHistoryStore;)Ljava/lang/Object;+14
j  org.gradle.api.internal.tasks.execution.TaskExecution$4.withWorkspace(Ljava/lang/String;Lorg/gradle/internal/execution/workspace/MutableWorkspaceProvider$WorkspaceAction;)Ljava/lang/Object;+33
j  org.gradle.internal.execution.steps.AssignMutableWorkspaceStep.execute(Lorg/gradle/internal/execution/UnitOfWork;Lorg/gradle/internal/execution/steps/IdentityContext;)Lorg/gradle/internal/execution/steps/WorkspaceResult;+26
j  org.gradle.internal.execution.steps.AssignMutableWorkspaceStep.execute(Lorg/gradle/internal/execution/UnitOfWork;Lorg/gradle/internal/execution/steps/Context;)Lorg/gradle/internal/execution/steps/Result;+6
J 8552 c1 org.gradle.internal.execution.steps.ChoosePipelineStep.execute(Lorg/gradle/internal/execution/UnitOfWork;Lorg/gradle/internal/execution/steps/IdentityContext;)Lorg/gradle/internal/execution/steps/Result; (71 bytes) @ 0x0000020be652ec8c [0x0000020be652e6a0+0x00000000000005ec]
J 8555 c1 org.gradle.internal.execution.steps.ChoosePipelineStep.execute(Lorg/gradle/internal/execution/UnitOfWork;Lorg/gradle/internal/execution/steps/Context;)Lorg/gradle/internal/execution/steps/Result; (10 bytes) @ 0x0000020be6151d94 [0x0000020be6151c40+0x0000000000000154]
j  org.gradle.internal.execution.steps.ExecuteWorkBuildOperationFiringStep.lambda$execute$2(Lorg/gradle/internal/execution/UnitOfWork;Lorg/gradle/internal/execution/steps/IdentityContext;)Lorg/gradle/internal/execution/steps/CachingResult;+6
j  org.gradle.internal.execution.steps.ExecuteWorkBuildOperationFiringStep$$Lambda+0x000000010067d178.get()Ljava/lang/Object;+12
J 8559 c1 org.gradle.internal.execution.steps.ExecuteWorkBuildOperationFiringStep.execute(Lorg/gradle/internal/execution/UnitOfWork;Lorg/gradle/internal/execution/steps/Context;)Lorg/gradle/internal/execution/steps/Result; (10 bytes) @ 0x0000020be66d1944 [0x0000020be66d0ac0+0x0000000000000e84]
j  org.gradle.internal.execution.steps.IdentityCacheStep.execute(Lorg/gradle/internal/execution/UnitOfWork;Lorg/gradle/internal/execution/steps/IdentityContext;)Lorg/gradle/internal/execution/steps/WorkspaceResult;+6
j  org.gradle.internal.execution.steps.IdentityCacheStep.execute(Lorg/gradle/internal/execution/UnitOfWork;Lorg/gradle/internal/execution/steps/Context;)Lorg/gradle/internal/execution/steps/Result;+6
j  org.gradle.internal.execution.steps.IdentifyStep.execute(Lorg/gradle/internal/execution/UnitOfWork;Lorg/gradle/internal/execution/steps/ExecutionRequestContext;)Lorg/gradle/internal/execution/steps/Result;+11
j  org.gradle.internal.execution.steps.IdentifyStep.execute(Lorg/gradle/internal/execution/UnitOfWork;Lorg/gradle/internal/execution/steps/Context;)Lorg/gradle/internal/execution/steps/Result;+6
j  org.gradle.internal.execution.impl.DefaultExecutionEngine$1.execute()Lorg/gradle/internal/execution/ExecutionEngine$Result;+15
j  org.gradle.api.internal.tasks.execution.ExecuteActionsTaskExecuter.executeIfValid(Lorg/gradle/api/internal/TaskInternal;Lorg/gradle/api/internal/tasks/TaskStateInternal;Lorg/gradle/api/internal/tasks/TaskExecutionContext;Lorg/gradle/api/internal/tasks/execution/TaskExecution;)Lorg/gradle/api/internal/tasks/TaskExecuterResult;+54
j  org.gradle.api.internal.tasks.execution.ExecuteActionsTaskExecuter.execute(Lorg/gradle/api/internal/TaskInternal;Lorg/gradle/api/internal/tasks/TaskStateInternal;Lorg/gradle/api/internal/tasks/TaskExecutionContext;)Lorg/gradle/api/internal/tasks/TaskExecuterResult;+65
j  org.gradle.api.internal.tasks.execution.FinalizePropertiesTaskExecuter.execute(Lorg/gradle/api/internal/TaskInternal;Lorg/gradle/api/internal/tasks/TaskStateInternal;Lorg/gradle/api/internal/tasks/TaskExecutionContext;)Lorg/gradle/api/internal/tasks/TaskExecuterResult;+61
j  org.gradle.api.internal.tasks.execution.ResolveTaskExecutionModeExecuter.execute(Lorg/gradle/api/internal/TaskInternal;Lorg/gradle/api/internal/tasks/TaskStateInternal;Lorg/gradle/api/internal/tasks/TaskExecutionContext;)Lorg/gradle/api/internal/tasks/TaskExecuterResult;+56
j  org.gradle.api.internal.tasks.execution.SkipTaskWithNoActionsExecuter.execute(Lorg/gradle/api/internal/TaskInternal;Lorg/gradle/api/internal/tasks/TaskStateInternal;Lorg/gradle/api/internal/tasks/TaskExecutionContext;)Lorg/gradle/api/internal/tasks/TaskExecuterResult;+120
j  org.gradle.api.internal.tasks.execution.SkipOnlyIfTaskExecuter.execute(Lorg/gradle/api/internal/TaskInternal;Lorg/gradle/api/internal/tasks/TaskStateInternal;Lorg/gradle/api/internal/tasks/TaskExecutionContext;)Lorg/gradle/api/internal/tasks/TaskExecuterResult;+199
j  org.gradle.api.internal.tasks.execution.CatchExceptionTaskExecuter.execute(Lorg/gradle/api/internal/TaskInternal;Lorg/gradle/api/internal/tasks/TaskStateInternal;Lorg/gradle/api/internal/tasks/TaskExecutionContext;)Lorg/gradle/api/internal/tasks/TaskExecuterResult;+7
j  org.gradle.api.internal.tasks.execution.EventFiringTaskExecuter$1.executeTask(Lorg/gradle/internal/operations/BuildOperationContext;)Lorg/gradle/api/internal/tasks/TaskExecuterResult;+136
j  org.gradle.api.internal.tasks.execution.EventFiringTaskExecuter$1.call(Lorg/gradle/internal/operations/BuildOperationContext;)Lorg/gradle/api/internal/tasks/TaskExecuterResult;+2
j  org.gradle.api.internal.tasks.execution.EventFiringTaskExecuter$1.call(Lorg/gradle/internal/operations/BuildOperationContext;)Ljava/lang/Object;+2
J 20837 c2 org.gradle.internal.operations.DefaultBuildOperationRunner$CallableBuildOperationWorker.execute(Lorg/gradle/internal/operations/BuildOperation;Lorg/gradle/internal/operations/BuildOperationContext;)V (10 bytes) @ 0x0000020bee4ead14 [0x0000020bee4eaca0+0x0000000000000074]
J 16038 c2 org.gradle.internal.operations.DefaultBuildOperationRunner$2.execute(Lorg/gradle/internal/operations/BuildOperationDescriptor;Lorg/gradle/internal/operations/BuildOperationState;Lorg/gradle/internal/operations/BuildOperationState;Lorg/gradle/internal/operations/DefaultBuildOperationRunner$ReadableBuildOperationContext;Lorg/gradle/internal/operations/DefaultBuildOperationRunner$BuildOperationExecutionListener;)Lorg/gradle/internal/operations/BuildOperation; (110 bytes) @ 0x0000020bee3bdf48 [0x0000020bee3bcb80+0x00000000000013c8]
J 20964 c2 org.gradle.internal.operations.DefaultBuildOperationRunner.execute(Lorg/gradle/internal/operations/BuildOperationDescriptor$Builder;Lorg/gradle/internal/operations/BuildOperationState;Lorg/gradle/internal/operations/DefaultBuildOperationRunner$BuildOperationExecution;)Ljava/lang/Object; (147 bytes) @ 0x0000020bee32534c [0x0000020bee324b80+0x00000000000007cc]
J 16338 c2 org.gradle.internal.operations.DefaultBuildOperationRunner.execute(Lorg/gradle/internal/operations/BuildOperation;Lorg/gradle/internal/operations/BuildOperationWorker;Lorg/gradle/internal/operations/BuildOperationState;)V (23 bytes) @ 0x0000020bee3e4810 [0x0000020bee3e4740+0x00000000000000d0]
J 8070 c1 org.gradle.internal.operations.DefaultBuildOperationRunner.call(Lorg/gradle/internal/operations/CallableBuildOperation;)Ljava/lang/Object; (24 bytes) @ 0x0000020be6d12cc4 [0x0000020be6d12820+0x00000000000004a4]
j  org.gradle.api.internal.tasks.execution.EventFiringTaskExecuter.execute(Lorg/gradle/api/internal/TaskInternal;Lorg/gradle/api/internal/tasks/TaskStateInternal;Lorg/gradle/api/internal/tasks/TaskExecutionContext;)Lorg/gradle/api/internal/tasks/TaskExecuterResult;+15
j  org.gradle.execution.plan.LocalTaskNodeExecutor.execute(Lorg/gradle/execution/plan/Node;Lorg/gradle/api/internal/tasks/NodeExecutionContext;)Z+87
j  org.gradle.execution.taskgraph.DefaultTaskExecutionGraph$InvokeNodeExecutorsAction.execute(Lorg/gradle/execution/plan/Node;)V+46
j  org.gradle.execution.taskgraph.DefaultTaskExecutionGraph$InvokeNodeExecutorsAction.execute(Ljava/lang/Object;)V+5
j  org.gradle.execution.taskgraph.DefaultTaskExecutionGraph$BuildOperationAwareExecutionAction.lambda$execute$0(Lorg/gradle/execution/plan/Node;)V+5
j  org.gradle.execution.taskgraph.DefaultTaskExecutionGraph$BuildOperationAwareExecutionAction$$Lambda+0x0000000100fbc8b8.run()V+8
j  org.gradle.internal.operations.CurrentBuildOperationRef.with(Lorg/gradle/internal/operations/BuildOperationRef;Ljava/lang/Runnable;)V+11
j  org.gradle.execution.taskgraph.DefaultTaskExecutionGraph$BuildOperationAwareExecutionAction.execute(Lorg/gradle/execution/plan/Node;)V+14
j  org.gradle.execution.taskgraph.DefaultTaskExecutionGraph$BuildOperationAwareExecutionAction.execute(Ljava/lang/Object;)V+5
j  org.gradle.execution.plan.DefaultPlanExecutor$ExecutorWorker.execute(Ljava/lang/Object;Lorg/gradle/execution/plan/WorkSource;Lorg/gradle/api/Action;)V+14
j  org.gradle.execution.plan.DefaultPlanExecutor$ExecutorWorker.run()V+75
J 10589 c2 org.gradle.internal.concurrent.ExecutorPolicy$CatchAndRecordFailures.onExecute(Ljava/lang/Runnable;)V (29 bytes) @ 0x0000020bedff2514 [0x0000020bedff24c0+0x0000000000000054]
J 15859 c1 org.gradle.internal.concurrent.AbstractManagedExecutor$1.run()V (57 bytes) @ 0x0000020be7874fd4 [0x0000020be7874e20+0x00000000000001b4]
j  java.util.concurrent.ThreadPoolExecutor.runWorker(Ljava/util/concurrent/ThreadPoolExecutor$Worker;)V+92 java.base@21.0.5
j  java.util.concurrent.ThreadPoolExecutor$Worker.run()V+5 java.base@21.0.5
j  java.lang.Thread.runWith(Ljava/lang/Object;Ljava/lang/Runnable;)V+5 java.base@21.0.5
j  java.lang.Thread.run()V+19 java.base@21.0.5
v  ~StubRoutines::call_stub 0x0000020bed5210e7

Compiled method (n/a) 90712 1826     n 0       java.lang.ClassLoader::defineClass0 (native)
 total in heap  [0x0000020bedb96c90,0x0000020bedb97418] = 1928
 relocation     [0x0000020bedb96df0,0x0000020bedb96e30] = 64
 main code      [0x0000020bedb96e40,0x0000020bedb97412] = 1490
 stub code      [0x0000020bedb97412,0x0000020bedb97418] = 6

[Constant Pool (empty)]

[MachCode]
[Entry Point]
  # {method} {0x0000020bfb025198} 'defineClass0' '(Ljava/lang/ClassLoader;Ljava/lang/Class;Ljava/lang/String;[BIILjava/security/ProtectionDomain;ZILjava/lang/Object;)Ljava/lang/Class;' in 'java/lang/ClassLoader'
  # parm0:    rdx:rdx   = 'java/lang/ClassLoader'
  # parm1:    r8:r8     = 'java/lang/Class'
  # parm2:    r9:r9     = 'java/lang/String'
  # parm3:    rdi:rdi   = '[B'
  # parm4:    rsi       = int
  # parm5:    rcx       = int
  # parm6:    [sp+0xb0]   = 'java/security/ProtectionDomain'  (sp of caller)
  # parm7:    [sp+0xb8]   = boolean
  # parm8:    [sp+0xc0]   = int
  # parm9:    [sp+0xc8]   = 'java/lang/Object'
  0x0000020bedb96e40: 448b 5208 | 49c1 e203 | 493b c20f | 8407 0000 

  0x0000020bedb96e50: ;   {runtime_call ic_miss_stub}
  0x0000020bedb96e50: 00e9 2a7b | 9dff 6690 
[Verified Entry Point]
  0x0000020bedb96e58: 8984 2400 | 80ff ff55 | 488b ec48 | 81ec a000 | 0000 6690 | 4181 7f20 | 2100 0000 

  0x0000020bedb96e74: ;   {runtime_call StubRoutines (final stubs)}
  0x0000020bedb96e74: 7405 e805 | 469c ff48 | 837d 2800 | 488d 4528 | 480f 4445 | 2848 8944 | 2458 4863 | 4520 4889 
  0x0000020bedb96e94: 4424 5048 | 6345 1848 | 8944 2448 | 4883 7d10 | 0048 8d45 | 1048 0f44 | 4510 4889 | 4424 4048 
  0x0000020bedb96eb4: 894c 2438 | 4889 7424 | 3048 897c | 2478 4883 | ff00 488d | 4424 7848 | 0f44 4424 | 7848 8944 
  0x0000020bedb96ed4: 2428 4c89 | 4c24 7049 | 83f9 0048 | 8d44 2470 | 480f 4444 | 2470 4889 | 4424 204c | 8944 2468 
  0x0000020bedb96ef4: 4983 f800 | 4c8d 4c24 | 684c 0f44 | 4c24 6848 | 8954 2460 | 4883 fa00 | 4c8d 4424 | 604c 0f44 
  0x0000020bedb96f14: ;   {oop(a 'java/lang/Class'{0x00000000800895e8} = 'java/lang/ClassLoader')}
  0x0000020bedb96f14: 4424 6049 | bee8 9508 | 8000 0000 | 004c 89b4 | 2490 0000 | 004c 8db4 | 2490 0000 | 0049 8bd6 
  0x0000020bedb96f34: ;   {internal_word}
  0x0000020bedb96f34: c5f8 7749 | ba34 6fb9 | ed0b 0200 | 004d 8997 | a003 0000 | 4989 a798 

  0x0000020bedb96f4c: ;   {external_word}
  0x0000020bedb96f4c: 0300 0049 | ba40 47b3 | b8f8 7f00 | 0041 803a | 000f 844e | 0000 0052 | 4150 4151 

  0x0000020bedb96f68: ;   {metadata({method} {0x0000020bfb025198} 'defineClass0' '(Ljava/lang/ClassLoader;Ljava/lang/Class;Ljava/lang/String;[BIILjava/security/ProtectionDomain;ZILjava/lang/Object;)Ljava/lang/Class;' in 'java/lang/ClassLoader')}
  0x0000020bedb96f68: 48ba 9051 | 02fb 0b02 | 0000 498b | cf48 83ec | 2040 f6c4 | 0f0f 8419 | 0000 0048 

  0x0000020bedb96f84: ;   {runtime_call}
  0x0000020bedb96f84: 83ec 0848 | b8d0 6b6d | b8f8 7f00 | 00ff d048 | 83c4 08e9 | 0c00 0000 

  0x0000020bedb96f9c: ;   {runtime_call}
  0x0000020bedb96f9c: 48b8 d06b | 6db8 f87f | 0000 ffd0 | 4883 c420 | 4159 4158 | 5a49 8d8f | b803 0000 | 41c7 8744 
  0x0000020bedb96fbc: 0400 0004 

  0x0000020bedb96fc0: ;   {runtime_call}
  0x0000020bedb96fc0: 0000 0048 | b81c 15dc | 1af9 7f00 | 00ff d0c5 | f877 41c7 | 8744 0400 | 0005 0000 | 00f0 8344 
  0x0000020bedb96fe0: 24c0 0049 | 3baf 4804 | 0000 0f87 | 0e00 0000 | 4183 bf40 | 0400 0000 | 0f84 2b00 | 0000 c5f8 
  0x0000020bedb97000: 7748 8945 | f849 8bcf | 4c8b e448 | 83ec 2048 

  0x0000020bedb97010: ;   {runtime_call}
  0x0000020bedb97010: 83e4 f048 | b870 da38 | b8f8 7f00 | 00ff d049 | 8be4 4d33 | e448 8b45 | f841 c787 | 4404 0000 
  0x0000020bedb97030: 0800 0000 | 4183 bfc0 | 0400 0002 | 0f84 a303 

  0x0000020bedb97040: ;   {external_word}
  0x0000020bedb97040: 0000 49ba | 4047 b3b8 | f87f 0000 | 4180 3a00 | 0f84 4c00 | 0000 4889 

  0x0000020bedb97058: ;   {metadata({method} {0x0000020bfb025198} 'defineClass0' '(Ljava/lang/ClassLoader;Ljava/lang/Class;Ljava/lang/String;[BIILjava/security/ProtectionDomain;ZILjava/lang/Object;)Ljava/lang/Class;' in 'java/lang/ClassLoader')}
  0x0000020bedb97058: 45f8 48ba | 9051 02fb | 0b02 0000 | 498b cf48 | 83ec 2040 | f6c4 0f0f | 8419 0000 | 0048 83ec 
  0x0000020bedb97078: ;   {runtime_call}
  0x0000020bedb97078: 0848 b8d0 | 6b6d b8f8 | 7f00 00ff | d048 83c4 | 08e9 0c00 

  0x0000020bedb9708c: ;   {runtime_call}
  0x0000020bedb9708c: 0000 48b8 | d06b 6db8 | f87f 0000 | ffd0 4883 | c420 488b | 45f8 49c7 | 8798 0300 | 0000 0000 
  0x0000020bedb970ac: 0049 c787 | a003 0000 | 0000 0000 | c5f8 7748 | 85c0 0f84 | fe02 0000 | a803 0f85 | 0800 0000 
  0x0000020bedb970cc: 488b 00e9 | ee02 0000 | a801 0f85 | 0900 0000 | 488b 40fe | e9dd 0200 | 0048 8b40 | ff41 807f 
  0x0000020bedb970ec: 4000 0f84 | ce02 0000 | 4883 f800 | 0f84 c402 | 0000 498b | 4f28 4883 | f900 0f84 | 1400 0000 
  0x0000020bedb9710c: 4883 e908 | 4989 4f28 | 4903 4f38 | 4889 01e9 | a202 0000 | 4881 ec50 | 0100 0048 | 8904 2448 
  0x0000020bedb9712c: 894c 2408 | 4889 5424 | 1048 8974 | 2418 4889 | 7c24 204c | 8944 2428 | 4c89 4c24 | 304c 8954 
  0x0000020bedb9714c: 2438 4c89 | 5c24 40c5 | fb11 4424 | 50c5 fb11 | 4c24 58c5 | fb11 5424 | 60c5 fb11 | 5c24 68c5 
  0x0000020bedb9716c: fb11 6424 | 70c5 fb11 | 6c24 78c5 | fb11 b424 | 8000 0000 | c5fb 11bc | 2488 0000 | 00c5 7b11 
  0x0000020bedb9718c: ;   {no_reloc}
  0x0000020bedb9718c: 8424 9000 | 0000 c57b | 118c 2498 | 0000 00c5 | 7b11 9424 | a000 0000 | c57b 119c | 24a8 0000 
  0x0000020bedb971ac: 00c5 7b11 | a424 b000 | 0000 c57b | 11ac 24b8 | 0000 00c5 | 7b11 b424 | c000 0000 | c57b 11bc 
  0x0000020bedb971cc: 24c8 0000 | 0062 e1ff | 0811 4424 | 1a62 e1ff | 0811 4c24 | 1b62 e1ff | 0811 5424 | 1c62 e1ff 
  0x0000020bedb971ec: 0811 5c24 | 1d62 e1ff | 0811 6424 | 1e62 e1ff | 0811 6c24 | 1f62 e1ff | 0811 7424 | 2062 e1ff 
  0x0000020bedb9720c: 0811 7c24 | 2162 61ff | 0811 4424 | 2262 61ff | 0811 4c24 | 2362 61ff | 0811 5424 | 2462 61ff 
  0x0000020bedb9722c: 0811 5c24 | 2562 61ff | 0811 6424 | 2662 61ff | 0811 6c24 | 2762 61ff | 0811 7424 | 2862 61ff 
  0x0000020bedb9724c: 0811 7c24 | 2949 8bd7 | 488b c848 | 83ec 2040 | f6c4 0f0f | 8419 0000 | 0048 83ec 

  0x0000020bedb97268: ;   {runtime_call}
  0x0000020bedb97268: 0848 b870 | ed2b b8f8 | 7f00 00ff | d048 83c4 | 08e9 0c00 

  0x0000020bedb9727c: ;   {runtime_call}
  0x0000020bedb9727c: 0000 48b8 | 70ed 2bb8 | f87f 0000 | ffd0 4883 | c420 6261 | ff08 107c | 2429 6261 | ff08 1074 
  0x0000020bedb9729c: 2428 6261 | ff08 106c | 2427 6261 | ff08 1064 | 2426 6261 | ff08 105c | 2425 6261 | ff08 1054 
  0x0000020bedb972bc: 2424 6261 | ff08 104c | 2423 6261 | ff08 1044 | 2422 62e1 | ff08 107c | 2421 62e1 | ff08 1074 
  0x0000020bedb972dc: 2420 62e1 | ff08 106c | 241f 62e1 | ff08 1064 | 241e 62e1 | ff08 105c | 241d 62e1 | ff08 1054 
  0x0000020bedb972fc: 241c 62e1 | ff08 104c | 241b 62e1 | ff08 1044 | 241a c57b | 10bc 24c8 | 0000 00c5 | 7b10 b424 
  0x0000020bedb9731c: c000 0000 | c57b 10ac | 24b8 0000 | 00c5 7b10 | a424 b000 | 0000 c57b | 109c 24a8 | 0000 00c5 
  0x0000020bedb9733c: 7b10 9424 | a000 0000 | c57b 108c | 2498 0000 | 00c5 7b10 | 8424 9000 | 0000 c5fb | 10bc 2488 
  0x0000020bedb9735c: 0000 00c5 | fb10 b424 | 8000 0000 | c5fb 106c | 2478 c5fb | 1064 2470 | c5fb 105c | 2468 c5fb 
  0x0000020bedb9737c: ;   {no_reloc}
  0x0000020bedb9737c: 1054 2460 | c5fb 104c | 2458 c5fb | 1044 2450 | 4c8b 5c24 | 404c 8b54 | 2438 4c8b | 4c24 304c 
  0x0000020bedb9739c: 8b44 2428 | 488b 7c24 | 2048 8b74 | 2418 488b | 5424 1048 | 8b4c 2408 | 488b 0424 | 4881 c450 
  0x0000020bedb973bc: 0100 00c5 | f877 498b | 8f28 0400 | 00c7 8100 | 0100 0000 | 0000 00c9 | 4983 7f08 | 000f 8501 
  0x0000020bedb973dc: 0000 00c3 

  0x0000020bedb973e0: ;   {runtime_call StubRoutines (initial stubs)}
  0x0000020bedb973e0: e91b 9b98 | ffc5 f877 | 4889 45f8 | 4c8b e448 | 83ec 2048 

  0x0000020bedb973f4: ;   {runtime_call}
  0x0000020bedb973f4: 83e4 f048 | b870 a36d | b8f8 7f00 | 00ff d049 | 8be4 4d33 | e448 8b45 | f8e9 30fc | ffff f4f4 
  0x0000020bedb97414: f4f4 f4f4 
[/MachCode]


Compiled method (c2) 90718 22210   !   4       java.lang.invoke.MethodHandles$Lookup$ClassDefiner::defineClass (213 bytes)
 total in heap  [0x0000020bee7c8990,0x0000020bee7ca148] = 6072
 relocation     [0x0000020bee7c8af0,0x0000020bee7c8be0] = 240
 main code      [0x0000020bee7c8be0,0x0000020bee7c9950] = 3440
 stub code      [0x0000020bee7c9950,0x0000020bee7c99a0] = 80
 metadata       [0x0000020bee7c99a0,0x0000020bee7c9aa0] = 256
 scopes data    [0x0000020bee7c9aa0,0x0000020bee7c9e70] = 976
 scopes pcs     [0x0000020bee7c9e70,0x0000020bee7c9ff0] = 384
 dependencies   [0x0000020bee7c9ff0,0x0000020bee7ca030] = 64
 handler table  [0x0000020bee7ca030,0x0000020bee7ca108] = 216
 nul chk table  [0x0000020bee7ca108,0x0000020bee7ca148] = 64

[Constant Pool (empty)]

[MachCode]
[Entry Point]
  # {method} {0x0000020bfb45c008} 'defineClass' '(ZLjava/lang/Object;)Ljava/lang/Class;' in 'java/lang/invoke/MethodHandles$Lookup$ClassDefiner'
  # this:     rdx:rdx   = 'java/lang/invoke/MethodHandles$Lookup$ClassDefiner'
  # parm0:    r8        = boolean
  # parm1:    r9:r9     = 'java/lang/Object'
  #           [sp+0xa0]  (sp of caller)
  0x0000020bee7c8be0: 448b 5208 | 49c1 e203 

  0x0000020bee7c8be8: ;   {runtime_call ic_miss_stub}
  0x0000020bee7c8be8: 493b c20f | 858f 5dda | fe66 6690 | 0f1f 8400 | 0000 0000 | 6666 6690 
[Verified Entry Point]
  0x0000020bee7c8c00: 8984 2400 | 80ff ff55 | 4881 ec90 | 0000 0090 | 4181 7f20 | 2100 0000 | 0f85 270d | 0000 4c89 
  0x0000020bee7c8c20: 4c24 3844 | 8944 2430 | 4889 5424 | 208b 7a10 

  0x0000020bee7c8c30: ; implicit exception: dispatches to 0x0000020bee7c97f0
  0x0000020bee7c8c30: 8b5f 1044 | 8b53 3448 | 8bc3 4585 | d275 0b45 | 33c0 4533 | d2e9 d200 | 0000 8b6f | 1885 ed0f 
  0x0000020bee7c8c50: 851f 0600 

  0x0000020bee7c8c54: ;   {oop(a 'java/lang/Class'{0x000000008000b530} = 'jdk/internal/access/SharedSecrets')}
  0x0000020bee7c8c54: 0049 bb30 | b500 8000 | 0000 0045 | 8b43 7c44 | 8b5f 1045 

  0x0000020bee7c8c68: ;   {metadata('java/lang/System$2')}
  0x0000020bee7c8c68: 8b48 0841 | 81f9 5ac8 | 0020 0f85 | a005 0000 | 4585 db0f | 846b 0500 | 0048 8944 | 2448 895c 
  0x0000020bee7c8c88: 2434 4c8b | c74c 8944 | 2450 897c | 2428 498b | ea44 8954 | 2440 498b 

  0x0000020bee7c8ca0: ;   {optimized virtual_call}
  0x0000020bee7c8ca0: d366 90e8 

  0x0000020bee7c8ca4: ; ImmutableOopMap {rbp=Oop [32]=Oop [40]=NarrowOop [52]=NarrowOop [56]=Oop [64]=NarrowOop [72]=Oop [80]=Oop }
                      ;*invokevirtual getProtectionDomain0 {reexecute=0 rethrow=0 return_oop=1}
                      ; - java.lang.Class::protectionDomain@1
                      ; - java.lang.System$2::protectionDomain@1
                      ; - java.lang.invoke.MethodHandles$Lookup::lookupClassProtectionDomain@17
                      ; - java.lang.invoke.MethodHandles$Lookup$ClassDefiner::defineClass@23
  0x0000020bee7c8ca4: b0e9 44ff 

  0x0000020bee7c8ca8: ;   {other}
  0x0000020bee7c8ca8: 0f1f 8400 | 1803 0000 | 488b d848 | 85c0 0f84 | 8a01 0000 | 4180 7f40 | 000f 85f5 | 0000 0044 
  0x0000020bee7c8cc8: 8b5c 2428 | 4c8b 5424 | 504c 8bcb | 4589 4b18 | 4c8b db4d | 33da 49c1 | eb14 4d85 | db74 2048 
  0x0000020bee7c8ce8: 85db 741b | 49c1 ea09 | 49b8 0000 | a6f5 0b02 | 0000 4d03 | c241 8038 | 020f 85ed | 0000 00f0 
  0x0000020bee7c8d08: 8344 24c0 | 004c 8bd3 | 8b5c 2434 | 488b 4424 | 484c 8bc5 

  0x0000020bee7c8d1c: ;   {oop(a 'java/lang/Class'{0x000000008000b530} = 'jdk/internal/access/SharedSecrets')}
  0x0000020bee7c8d1c: 49bb 30b5 | 0080 0000 | 0000 418b | 7b7c 4c8b | 5c24 2045 | 8b5b 184c | 8b4c 2420 | 458b 710c 
  0x0000020bee7c8d3c: 418b 6914 

  0x0000020bee7c8d40: ; implicit exception: dispatches to 0x0000020bee7c9820
  0x0000020bee7c8d40: 448b 4f08 

  0x0000020bee7c8d44: ;   {metadata('java/lang/System$2')}
  0x0000020bee7c8d44: 4181 f95a | c800 200f | 856b 0400 | 0041 8b4b | 0c4c 8bcd | 498b fb49 | 8bd0 4c8b | c033 f64c 
  0x0000020bee7c8d64: 8914 2444 | 8b54 2430 | 4489 5424 | 0844 8974 | 2410 4c8b | 5424 384c | 8954 2418 

  0x0000020bee7c8d80: ;   {static_call}
  0x0000020bee7c8d80: 488b e8e8 

  0x0000020bee7c8d84: ; ImmutableOopMap {rbp=Oop [32]=Oop }
                      ;*invokestatic defineClass0 {reexecute=0 rethrow=0 return_oop=1}
                      ; - java.lang.System$2::defineClass@17
                      ; - java.lang.invoke.MethodHandles$Lookup$ClassDefiner::defineClass@57
  0x0000020bee7c8d84: d0e0 3cff 

  0x0000020bee7c8d88: ;   {other}
  0x0000020bee7c8d88: 0f1f 8400 | f803 0001 | 4c8b 5424 | 2045 8b52 | 1c41 0fb6 | 6a0c 85ed | 0f85 b604 | 0000 4881 
  0x0000020bee7c8da8: c490 0000 

  0x0000020bee7c8dac: ;   {poll_return}
  0x0000020bee7c8dac: 005d 493b | a748 0400 | 000f 8774 | 0b00 00c3 | 448b 5c24 | 2845 8b53 | 1845 85d2 | 0f84 fefe 
  0x0000020bee7c8dcc: ffff 4d8b | 4728 498b | ca4d 85c0 | 0f84 be04 | 0000 4d8b | 5738 4b89 | 4c02 f849 | 83c0 f84d 
  0x0000020bee7c8dec: 8947 28e9 | d8fe ffff | 4d8b 5748 | 4d8b 5f58 | f083 4424 | c000 4180 | 3800 0f84 | fbfe ffff 
  0x0000020bee7c8e0c: 4588 204d | 85d2 7520 | 498b c849 | 8bd7 49ba | 50ed 2bb8 | f87f 0000 

  0x0000020bee7c8e24: ;   {other}
  0x0000020bee7c8e24: 41ff d20f | 1f84 0000 | 0000 00e9 | d3fe ffff | 4f89 4413 | f849 83c2 | f84d 8957 | 48e9 c1fe 
  0x0000020bee7c8e44: ;   {oop(a 'java/lang/Class'{0x00000000800bdd98} = 'java/lang/Class')}
  0x0000020bee7c8e44: ffff 49ba | 98dd 0b80 | 0000 0000 | 458b 5a70 | 4585 db74 | 0849 8bdb | e95b feff | ff49 8b87 
  0x0000020bee7c8e64: b801 0000 | 4c8b d049 | 83c2 184d | 3b97 c801 | 0000 0f83 | 7407 0000 | 4d89 97b8 | 0100 0041 
  0x0000020bee7c8e84: 0f0d 8ac0 | 0000 0048 | c700 0100 | 0000 4c8b | d049 83c2 

  0x0000020bee7c8e98: ;   {metadata('java/security/Permissions')}
  0x0000020bee7c8e98: 10c7 4008 | 8521 0120 | 4489 600c | c5fd efc0 | c4c1 79d6 | 024c 8bc0 | 4d8b 8fb8 | 0100 004d 
  0x0000020bee7c8eb8: 8bd1 4983 | c240 4d3b | 97c8 0100 | 000f 8353 | 0700 004d | 8997 b801 | 0000 410f | 0d8a c000 
  0x0000020bee7c8ed8: 0000 49c7 | 0101 0000 | 004d 8bd9 | 4983 c310 

  0x0000020bee7c8ee8: ;   {metadata('java/util/concurrent/ConcurrentHashMap')}
  0x0000020bee7c8ee8: 41c7 4108 | 11ab 0020 | 4589 610c | c5fd efc0 | 62d1 fe28 | 7f03 62d1 | fe08 7f43 | 0241 c741 
  0x0000020bee7c8f08: 1410 0000 | 00f0 8344 | 24c0 0041 | 807f 4000 | 0f85 d403 | 0000 4d8b | d849 8bc9 | 4933 cb4d 
  0x0000020bee7c8f28: 8bd1 4589 | 5010 48c1 | e914 4885 | c974 1a49 | c1eb 0948 | b900 00a6 | f50b 0200 | 0049 03cb 
  0x0000020bee7c8f48: 8039 020f | 85e5 0400 | 0041 807f | 4000 0f85 | 6303 0000 | 4889 6c24 | 7045 8960 | 1449 8be8 
  0x0000020bee7c8f68: ;   {oop(a 'java/security/AllPermission'{0x0000000081a5efc0})}
  0x0000020bee7c8f68: 498b d049 | b8c0 efa5 | 8100 0000 

  0x0000020bee7c8f74: ;   {optimized virtual_call}
  0x0000020bee7c8f74: 0066 90e8 

  0x0000020bee7c8f78: ; ImmutableOopMap {rbp=Oop [32]=Oop [40]=NarrowOop [52]=NarrowOop [56]=Oop [64]=NarrowOop [72]=Oop [80]=Oop [112]=Oop }
                      ;*invokevirtual add {reexecute=0 rethrow=0 return_oop=0}
                      ; - java.lang.Class::protectionDomain@27
                      ; - java.lang.System$2::protectionDomain@1
                      ; - java.lang.invoke.MethodHandles$Lookup::lookupClassProtectionDomain@17
                      ; - java.lang.invoke.MethodHandles$Lookup$ClassDefiner::defineClass@23
  0x0000020bee7c8f78: 045f dafe 

  0x0000020bee7c8f7c: ;   {other}
  0x0000020bee7c8f7c: 0f1f 8400 | ec05 0002 | 4d8b 87b8 | 0100 004d | 8bd0 4983 | c228 4d3b | 97c8 0100 | 000f 83de 
  0x0000020bee7c8f9c: 0600 004d | 8997 b801 | 0000 4d8b | d849 83c3 | 1049 c700 | 0100 0000 | 410f 0d8a | c000 0000 
  0x0000020bee7c8fbc: ;   {metadata('java/security/ProtectionDomain')}
  0x0000020bee7c8fbc: 41c7 4008 | 5788 0020 | 4589 600c | c5fd efc0 | 41ba 0700 | 0000 c4c1 | 7892 fa62 | d1fe 2f7f 
  0x0000020bee7c8fdc: 0349 8b87 | b801 0000 | 4c8b d049 | 83c2 104d | 3b97 c801 | 0000 0f83 | a406 0000 | 4d89 97b8 
  0x0000020bee7c8ffc: 0100 0041 | 0f0d 8ac0 | 0000 0048 | c700 0100 

  0x0000020bee7c900c: ;   {metadata('java/security/ProtectionDomain$Key')}
  0x0000020bee7c900c: 0000 c740 | 0894 5500 | 2044 8960 | 0c4c 8bcd | 498b f94c | 8bd8 4589 | 5820 4c8b | d04d 8bd8 
  0x0000020bee7c902c: 4d33 d349 | 8be8 49c1 | ea14 4d85 | d274 1a49 | c1eb 0948 | b900 00a6 | f50b 0200 | 0049 03cb 
  0x0000020bee7c904c: 8039 020f | 85e1 0400 | 0041 807f | 4000 0f85 | 7003 0000 | 4180 7f40 | 000f 8598 | 0300 0041 
  0x0000020bee7c906c: 8978 1c45 | 8960 104d | 8bd1 4d8b | d84d 33d3 | 49c1 ea14 | 4d85 d20f | 843f 0300 | 0049 c1eb 
  0x0000020bee7c908c: 0948 b900 | 00a6 f50b | 0200 0049 | 03cb 8039 | 020f 85ed | 0400 004d | 8bd1 41c6 | 420c 01f0 
  0x0000020bee7c90ac: 8344 24c0 | 0045 3b61 | 1474 0541 | c640 0c01 | 4180 7f40 | 000f 85ce | 0200 0045 | 8960 144d 
  0x0000020bee7c90cc: 8b8f b801 | 0000 4d8b | d149 83c2 | 104d 3b97 | c801 0000 | 0f83 6a05 | 0000 4d89 | 97b8 0100 
  0x0000020bee7c90ec: 0041 0f0d | 8ac0 0000 | 0049 c701 | 0100 0000 | 410f 0d8a | 0001 0000 

  0x0000020bee7c9104: ;   {metadata('java/security/Principal'[])}
  0x0000020bee7c9104: 41c7 4108 | 1956 0020 | 410f 0d8a | 4001 0000 | 4589 610c | 410f 0d8a | 8001 0000 | 4180 7f40 
  0x0000020bee7c9124: 000f 85fa | 0100 004d | 8bd8 4d8b | d145 8950 | 184d 8bd1 | 4d33 d349 | c1ea 144d | 85d2 741a 
  0x0000020bee7c9144: 49c1 eb09 | 48b9 0000 | a6f5 0b02 | 0000 4903 | cb80 3902 | 0f85 8403 | 0000 41c6 | 400d 0141 
  0x0000020bee7c9164: 807f 4000 | 0f85 ea01 

  0x0000020bee7c916c: ;   {oop(a 'java/lang/Class'{0x00000000800bdd98} = 'java/lang/Class')}
  0x0000020bee7c916c: 0000 49ba | 98dd 0b80 | 0000 0000 | 4189 6a70 

  0x0000020bee7c917c: ;   {oop(a 'java/lang/Class'{0x00000000800bdd98} = 'java/lang/Class')}
  0x0000020bee7c917c: 4d8b d049 | bb98 dd0b | 8000 0000 | 004d 33d3 | 49c1 ea14 | 4d85 d274 | 1a49 c1eb | 0948 b900 
  0x0000020bee7c919c: 00a6 f50b | 0200 0049 | 03cb 8039 | 020f 85db | 0200 004d | 8bd8 488b | 6c24 70e9 | 9dfc ffff 
  0x0000020bee7c91bc: bade ffff | ff89 5c24 | 2c89 7c24 | 344c 8944 | 2440 4489 | 5c24 484c | 8954 2450 | 4489 7424 
  0x0000020bee7c91dc: ;   {runtime_call UncommonTrapBlob}
  0x0000020bee7c91dc: 4c66 90e8 

  0x0000020bee7c91e0: ; ImmutableOopMap {rbp=NarrowOop [32]=Oop [44]=NarrowOop [52]=NarrowOop [56]=Oop [64]=Oop [72]=NarrowOop [80]=Oop }
                      ;*invokeinterface defineClass {reexecute=0 rethrow=0 return_oop=0}
                      ; - java.lang.invoke.MethodHandles$Lookup$ClassDefiner::defineClass@57
  0x0000020bee7c91e0: 1ceb dafe 

  0x0000020bee7c91e4: ;   {other}
  0x0000020bee7c91e4: 0f1f 8400 | 5408 0003 | baf6 ffff | ff48 8b6c | 2420 448b | 4424 3044 | 8944 2420 | 895c 2424 
  0x0000020bee7c9204: 4489 5424 

  0x0000020bee7c9208: ;   {runtime_call UncommonTrapBlob}
  0x0000020bee7c9208: 3066 90e8 

  0x0000020bee7c920c: ; ImmutableOopMap {rbp=Oop [36]=NarrowOop [48]=NarrowOop [56]=Oop }
                      ;*invokevirtual protectionDomain {reexecute=0 rethrow=0 return_oop=0}
                      ; - java.lang.System$2::protectionDomain@1
                      ; - java.lang.invoke.MethodHandles$Lookup::lookupClassProtectionDomain@17
                      ; - java.lang.invoke.MethodHandles$Lookup$ClassDefiner::defineClass@23
  0x0000020bee7c920c: f0ea dafe 

  0x0000020bee7c9210: ;   {other}
  0x0000020bee7c9210: 0f1f 8400 | 8008 0004 | bade ffff | ff48 8b6c | 2420 448b | 4c24 3044 | 894c 2420 | 4c8b 4c24 
  0x0000020bee7c9230: 384c 894c | 2428 895c | 2424 897c | 2430 4489 | 5424 3444 | 8944 2438 | 4489 5c24 

  0x0000020bee7c924c: ;   {runtime_call UncommonTrapBlob}
  0x0000020bee7c924c: 3c66 90e8 

  0x0000020bee7c9250: ; ImmutableOopMap {rbp=Oop [36]=NarrowOop [40]=Oop [48]=NarrowOop [52]=NarrowOop [56]=NarrowOop [60]=NarrowOop }
                      ;*invokeinterface protectionDomain {reexecute=0 rethrow=0 return_oop=0}
                      ; - java.lang.invoke.MethodHandles$Lookup::lookupClassProtectionDomain@17
                      ; - java.lang.invoke.MethodHandles$Lookup$ClassDefiner::defineClass@23
  0x0000020bee7c9250: acea dafe 

  0x0000020bee7c9254: ;   {other}
  0x0000020bee7c9254: 0f1f 8400 | c408 0005 | ba45 ffff | ff48 8944 

  0x0000020bee7c9264: ;   {runtime_call UncommonTrapBlob}
  0x0000020bee7c9264: 2430 90e8 

  0x0000020bee7c9268: ; ImmutableOopMap {[32]=Oop [48]=Oop }
                      ;*ifeq {reexecute=1 rethrow=0 return_oop=0}
                      ; - (reexecute) java.lang.invoke.MethodHandles$Lookup$ClassDefiner::defineClass@108
  0x0000020bee7c9268: 94ea dafe 

  0x0000020bee7c926c: ;   {other}
  0x0000020bee7c926c: 0f1f 8400 | dc08 0006 | ba45 ffff | ff44 8944 | 2428 4c89 | 4c24 3089 | 5c24 2c44 | 8954 2438 
  0x0000020bee7c928c: ;   {runtime_call UncommonTrapBlob}
  0x0000020bee7c928c: 6666 90e8 

  0x0000020bee7c9290: ; ImmutableOopMap {rbp=NarrowOop [32]=Oop [44]=NarrowOop [48]=Oop [56]=NarrowOop }
                      ;*ifnonnull {reexecute=1 rethrow=0 return_oop=0}
                      ; - (reexecute) java.lang.invoke.MethodHandles$Lookup::lookupClassProtectionDomain@6
                      ; - java.lang.invoke.MethodHandles$Lookup$ClassDefiner::defineClass@23
  0x0000020bee7c9290: 6cea dafe 

  0x0000020bee7c9294: ;   {other}
  0x0000020bee7c9294: 0f1f 8400 | 0409 0007 | 418b fb49 | 8bd7 49ba | 70ed 2bb8 | f87f 0000 

  0x0000020bee7c92ac: ;   {other}
  0x0000020bee7c92ac: 41ff d20f | 1f84 0000 | 0000 0044 | 8bdf e90d | faff ff45 | 8b58 1445 | 85db 0f84 | 90fc ffff 
  0x0000020bee7c92cc: 4d8b 5728 | 498b cb4d | 85d2 0f84 | 0f04 0000 | 4d8b 5f38 | 4b89 4c13 | f849 83c2 | f84d 8957 
  0x0000020bee7c92ec: 28e9 6afc | ffff 458b | 5810 4585 | db0f 841f | fcff ff4d | 8b57 2849 | 8bcb 4d85 | d20f 84b3 
  0x0000020bee7c930c: 0300 004d | 8b5f 384b | 894c 13f8 | 4983 c2f8 | 4d89 5728 | e9f9 fbff | ff45 8b58 | 1845 85db 
  0x0000020bee7c932c: 0f84 f9fd | ffff 4d8b | 5728 498b | cb4d 85d2 | 0f84 f503 | 0000 4d8b | 5f38 4b89 | 4c13 f849 
  0x0000020bee7c934c: 83c2 f84d | 8957 28e9 | d3fd ffff 

  0x0000020bee7c9358: ;   {oop(a 'java/lang/Class'{0x00000000800bdd98} = 'java/lang/Class')}
  0x0000020bee7c9358: 49ba 98dd | 0b80 0000 | 0000 458b | 5a70 4585 | db0f 84ff | fdff ff4d | 8b57 2849 | 8bcb 4d85 
  0x0000020bee7c9378: d20f 842d | 0400 004d | 8b5f 384b | 894c 13f8 | 4983 c2f8 | 4d89 5728 | e9d9 fdff | ff45 8b50 
  0x0000020bee7c9398: 1445 85d2 | 0f84 25fd | ffff 4d8b | 5f28 498b | ca4d 85db | 0f84 d703 | 0000 4d8b | 5738 4b89 
  0x0000020bee7c93b8: 4c1a f849 | 83c3 f84d | 895f 28e9 | fffc ffff | 4d8b d1e9 | d6fc ffff | 458b 5010 | 4585 d20f 
  0x0000020bee7c93d8: 8483 fcff | ff4d 8b5f | 2849 8bca | 4d85 db0f | 8473 0300 | 004d 8b57 | 384b 894c | 1af8 4983 
  0x0000020bee7c93f8: c3f8 4d89 | 5f28 e95d | fcff ff45 | 8b58 1c45 | 85db 0f84 | 5bfc ffff | 4d8b 5728 | 498b cb4d 
  0x0000020bee7c9418: 85d2 0f84 | ee02 0000 | 4d8b 5f38 | 4b89 4c13 | f849 83c2 | f84d 8957 | 28e9 35fc | ffff 4d8b 
  0x0000020bee7c9438: 5748 4d8b | 5f58 f083 | 4424 c000 | 8039 000f | 8404 fbff | ff44 8821 | 4d85 d275 

  0x0000020bee7c9454: ;   {no_reloc}
  0x0000020bee7c9454: 2349 8bd8 | 498b d749 | ba50 ed2b | b8f8 7f00 | 0041 ffd2 

  0x0000020bee7c9468: ;   {other}
  0x0000020bee7c9468: 0f1f 8400 | 0000 0000 | 4c8b c3e9 | d9fa ffff | 4b89 4c13 | f849 83c2 | f84d 8957 | 48e9 c7fa 
  0x0000020bee7c9488: ffff 4d8b | 5748 4d8b | 5f58 f083 | 4424 c000 | 8039 0074 | 2f44 8821 | 4d85 d274 | 0f4b 894c 
  0x0000020bee7c94a8: 13f8 4983 | c2f8 4d89 | 5748 eb18 | 498b d749 | ba50 ed2b | b8f8 7f00 | 0041 ffd2 

  0x0000020bee7c94c4: ;   {other}
  0x0000020bee7c94c4: 0f1f 8400 | 0000 0000 

  0x0000020bee7c94cc: ;   {oop(a 'java/lang/Class'{0x00000000800bdd98} = 'java/lang/Class')}
  0x0000020bee7c94cc: 49ba 98dd | 0b80 0000 | 0000 458b | 5270 4d8b | c2e9 cdfc | ffff 4d8b | 5748 4d8b | 5f58 f083 
  0x0000020bee7c94ec: 4424 c000 | 8039 000f | 8465 fcff | ff44 8821 | 4d85 d275 | 2349 8bd8 | 498b d749 | ba50 ed2b 
  0x0000020bee7c950c: b8f8 7f00 | 0041 ffd2 

  0x0000020bee7c9514: ;   {other}
  0x0000020bee7c9514: 0f1f 8400 | 0000 0000 | 4c8b c3e9 | 3afc ffff | 4b89 4c13 | f849 83c2 | f84d 8957 | 48e9 28fc 
  0x0000020bee7c9534: ffff 4d8b | 5748 4d8b | 5f58 f083 | 4424 c000 | 8039 000f | 8408 fbff | ff44 8821 | 4d85 d275 
  0x0000020bee7c9554: 2949 8bf0 | 498b d949 | 8bd7 49ba | 50ed 2bb8 | f87f 0000 

  0x0000020bee7c9568: ;   {other}
  0x0000020bee7c9568: 41ff d20f | 1f84 0000 | 0000 004c | 8bcb 4c8b | c6e9 d7fa | ffff 4b89 | 4c13 f849 | 83c2 f84d 
  0x0000020bee7c9588: 8957 48e9 | c5fa ffff | 4d8b 5748 | 4d8b 5f58 | f083 4424 | c000 8039 | 0074 3b44 | 8821 4d85 
  0x0000020bee7c95a8: d274 0f4b | 894c 13f8 | 4983 c2f8 | 4d89 5748 | eb24 498b | f849 8bd9 | 498b d749 | ba50 ed2b 
  0x0000020bee7c95c8: b8f8 7f00 | 0041 ffd2 

  0x0000020bee7c95d0: ;   {other}
  0x0000020bee7c95d0: 0f1f 8400 | 0000 0000 | 4c8b cb4c | 8bc7 458b | 501c 4585 | d20f 84e4 | 0100 00e9 | b6fa ffff 
  0x0000020bee7c95f0: 4889 6c24 

  0x0000020bee7c95f4: ;   {metadata('java/security/Permissions')}
  0x0000020bee7c95f4: 5848 ba28 | 0c09 0001 | 0000 0048 | 8b6c 2420 

  0x0000020bee7c9604: ;   {runtime_call _new_instance_Java}
  0x0000020bee7c9604: 6666 90e8 

  0x0000020bee7c9608: ; ImmutableOopMap {rbp=Oop [32]=Oop [40]=NarrowOop [52]=NarrowOop [56]=Oop [64]=NarrowOop [72]=Oop [80]=Oop [88]=Oop }
                      ;*new {reexecute=0 rethrow=0 return_oop=1}
                      ; - java.lang.Class::protectionDomain@15
                      ; - java.lang.System$2::protectionDomain@1
                      ; - java.lang.invoke.MethodHandles$Lookup::lookupClassProtectionDomain@17
                      ; - java.lang.invoke.MethodHandles$Lookup$ClassDefiner::defineClass@23
  0x0000020bee7c9608: 7499 e7fe 

  0x0000020bee7c960c: ;   {other}
  0x0000020bee7c960c: 0f1f 8400 | 7c0c 0008 | 488b 6c24 | 58e9 8ff8 | ffff 4889 | 6c24 6849 

  0x0000020bee7c9624: ;   {metadata('java/util/concurrent/ConcurrentHashMap')}
  0x0000020bee7c9624: 8be8 48ba | 8858 0500 | 0100 0000 

  0x0000020bee7c9630: ;   {runtime_call _new_instance_Java}
  0x0000020bee7c9630: 6666 90e8 

  0x0000020bee7c9634: ; ImmutableOopMap {rbp=Oop [32]=Oop [40]=NarrowOop [52]=NarrowOop [56]=Oop [64]=NarrowOop [72]=Oop [80]=Oop [104]=Oop }
                      ;*new {reexecute=0 rethrow=0 return_oop=1}
                      ; - java.security.Permissions::<init>@10
                      ; - java.lang.Class::protectionDomain@19
                      ; - java.lang.System$2::protectionDomain@1
                      ; - java.lang.invoke.MethodHandles$Lookup::lookupClassProtectionDomain@17
                      ; - java.lang.invoke.MethodHandles$Lookup$ClassDefiner::defineClass@23
  0x0000020bee7c9634: 4899 e7fe 

  0x0000020bee7c9638: ;   {other}
  0x0000020bee7c9638: 0f1f 8400 | a80c 0009 | 4c8b c54c | 8bc8 488b | 6c24 68e9 | b5f8 ffff | 4c89 4424 

  0x0000020bee7c9654: ;   {metadata('java/security/Principal'[])}
  0x0000020bee7c9654: 4048 bac8 | b002 0001 | 0000 0045 

  0x0000020bee7c9660: ;   {runtime_call _new_array_Java}
  0x0000020bee7c9660: 33c0 90e8 

  0x0000020bee7c9664: ; ImmutableOopMap {rbp=NarrowOop [32]=Oop [40]=NarrowOop [52]=NarrowOop [56]=Oop [64]=Oop [72]=Oop [80]=Oop [112]=Oop }
                      ;*anewarray {reexecute=0 rethrow=0 return_oop=1}
                      ; - java.security.ProtectionDomain::<init>@70
                      ; - java.lang.Class::protectionDomain@36
                      ; - java.lang.System$2::protectionDomain@1
                      ; - java.lang.invoke.MethodHandles$Lookup::lookupClassProtectionDomain@17
                      ; - java.lang.invoke.MethodHandles$Lookup$ClassDefiner::defineClass@23
  0x0000020bee7c9664: 981e e8fe 

  0x0000020bee7c9668: ;   {other}
  0x0000020bee7c9668: 0f1f 8400 | d80c 000a | 4c8b 4424 | 404c 8bc8 | e9a3 faff 

  0x0000020bee7c967c: ;   {metadata('java/security/ProtectionDomain')}
  0x0000020bee7c967c: ff48 bab8 | 4204 0001 

  0x0000020bee7c9684: ;   {runtime_call _new_instance_Java}
  0x0000020bee7c9684: 0000 00e8 

  0x0000020bee7c9688: ; ImmutableOopMap {rbp=Oop [32]=Oop [40]=NarrowOop [52]=NarrowOop [56]=Oop [64]=NarrowOop [72]=Oop [80]=Oop [112]=Oop }
                      ;*new {reexecute=0 rethrow=0 return_oop=1}
                      ; - java.lang.Class::protectionDomain@30
                      ; - java.lang.System$2::protectionDomain@1
                      ; - java.lang.invoke.MethodHandles$Lookup::lookupClassProtectionDomain@17
                      ; - java.lang.invoke.MethodHandles$Lookup$ClassDefiner::defineClass@23
  0x0000020bee7c9688: f498 e7fe 

  0x0000020bee7c968c: ;   {other}
  0x0000020bee7c968c: 0f1f 8400 | fc0c 000b | 4c8b c0e9 | 41f9 ffff | 4c89 4424 

  0x0000020bee7c96a0: ;   {metadata('java/security/ProtectionDomain$Key')}
  0x0000020bee7c96a0: 5848 baa0 | ac02 0001 

  0x0000020bee7c96a8: ;   {runtime_call _new_instance_Java}
  0x0000020bee7c96a8: 0000 00e8 

  0x0000020bee7c96ac: ; ImmutableOopMap {rbp=Oop [32]=Oop [40]=NarrowOop [52]=NarrowOop [56]=Oop [64]=NarrowOop [72]=Oop [80]=Oop [88]=Oop [112]=Oop }
                      ;*new {reexecute=0 rethrow=0 return_oop=1}
                      ; - java.security.ProtectionDomain::<init>@10
                      ; - java.lang.Class::protectionDomain@36
                      ; - java.lang.System$2::protectionDomain@1
                      ; - java.lang.invoke.MethodHandles$Lookup::lookupClassProtectionDomain@17
                      ; - java.lang.invoke.MethodHandles$Lookup$ClassDefiner::defineClass@23
  0x0000020bee7c96ac: d098 e7fe 

  0x0000020bee7c96b0: ;   {other}
  0x0000020bee7c96b0: 0f1f 8400 | 200d 000c | 4c8b 4424 | 58e9 57f9 | ffff 498b | f949 8bd8 | 498b d749 | ba70 ed2b 
  0x0000020bee7c96d0: b8f8 7f00 | 0041 ffd2 

  0x0000020bee7c96d8: ;   {other}
  0x0000020bee7c96d8: 0f1f 8400 | 0000 0000 | 4c8b c34c | 8bcf e933 | f8ff ff49 | 8bd8 498b | d749 ba70 | ed2b b8f8 
  0x0000020bee7c96f8: 7f00 0041 

  0x0000020bee7c96fc: ;   {other}
  0x0000020bee7c96fc: ffd2 0f1f | 8400 0000 | 0000 4c8b | c3e9 4ef8 | ffff 498b | f049 8bd9 | 498b d749 | ba70 ed2b 
  0x0000020bee7c971c: b8f8 7f00 | 0041 ffd2 

  0x0000020bee7c9724: ;   {other}
  0x0000020bee7c9724: 0f1f 8400 | 0000 0000 | 4c8b cb4c | 8bc6 e934 | f9ff ff49 | 8bf9 498b | d849 8bd7 | 49ba 70ed 
  0x0000020bee7c9744: 2bb8 f87f | 0000 41ff 

  0x0000020bee7c974c: ;   {other}
  0x0000020bee7c974c: d20f 1f84 | 0000 0000 | 004c 8bc3 | 4c8b cfe9 | cbf9 ffff | 498b f049 | 8bd9 498b | d749 ba70 
  0x0000020bee7c976c: ed2b b8f8 | 7f00 0041 

  0x0000020bee7c9774: ;   {other}
  0x0000020bee7c9774: ffd2 0f1f | 8400 0000 | 0000 4c8b | cb4c 8bc6 | e9d7 f8ff | ff49 8bd8 | 498b d749 | ba70 ed2b 
  0x0000020bee7c9794: b8f8 7f00 | 0041 ffd2 

  0x0000020bee7c979c: ;   {other}
  0x0000020bee7c979c: 0f1f 8400 | 0000 0000 | 4c8b c3e9 | 1bf9 ffff | 498b d849 | 8bd7 49ba | 70ed 2bb8 | f87f 0000 
  0x0000020bee7c97bc: ;   {other}
  0x0000020bee7c97bc: 41ff d20f | 1f84 0000 | 0000 004c | 8bc3 e99f | f9ff ffba | f6ff ffff | 488b 6c24 | 2044 8b54 
  0x0000020bee7c97dc: 2430 4489 

  0x0000020bee7c97e0: ;   {runtime_call UncommonTrapBlob}
  0x0000020bee7c97e0: 5424 20e8 

  0x0000020bee7c97e4: ; ImmutableOopMap {rbp=Oop [52]=NarrowOop [56]=Oop [64]=NarrowOop }
                      ;*invokevirtual setReadOnly {reexecute=0 rethrow=0 return_oop=0}
                      ; - java.security.ProtectionDomain::<init>@38
                      ; - java.lang.Class::protectionDomain@36
                      ; - java.lang.System$2::protectionDomain@1
                      ; - java.lang.invoke.MethodHandles$Lookup::lookupClassProtectionDomain@17
                      ; - java.lang.invoke.MethodHandles$Lookup$ClassDefiner::defineClass@23
  0x0000020bee7c97e4: 18e5 dafe 

  0x0000020bee7c97e8: ;   {other}
  0x0000020bee7c97e8: 0f1f 8400 | 580e 000d | baf6 ffff | ff48 8b6c 

  0x0000020bee7c97f8: ;   {runtime_call UncommonTrapBlob}
  0x0000020bee7c97f8: 2420 90e8 

  0x0000020bee7c97fc: ; ImmutableOopMap {rbp=Oop [56]=Oop }
                      ;*invokevirtual lookupClass {reexecute=0 rethrow=0 return_oop=0}
                      ; - java.lang.invoke.MethodHandles$Lookup$ClassDefiner::defineClass@4
  0x0000020bee7c97fc: 00e5 dafe 

  0x0000020bee7c9800: ;   {other}
  0x0000020bee7c9800: 0f1f 8400 | 700e 000e | baf6 ffff | ff48 8b6c 

  0x0000020bee7c9810: ;   {runtime_call UncommonTrapBlob}
  0x0000020bee7c9810: 2420 90e8 

  0x0000020bee7c9814: ; ImmutableOopMap {rbp=Oop [56]=Oop }
                      ;*invokevirtual getClassLoader {reexecute=0 rethrow=0 return_oop=0}
                      ; - java.lang.invoke.MethodHandles$Lookup$ClassDefiner::defineClass@9
  0x0000020bee7c9814: e8e4 dafe 

  0x0000020bee7c9818: ;   {other}
  0x0000020bee7c9818: 0f1f 8400 | 880e 000f | baf6 ffff | ff89 5c24 | 2c4c 8944 | 2440 4489 | 5c24 344c | 8954 2448 
  0x0000020bee7c9838: 4489 7424 

  0x0000020bee7c983c: ;   {runtime_call UncommonTrapBlob}
  0x0000020bee7c983c: 5066 90e8 

  0x0000020bee7c9840: ; ImmutableOopMap {rbp=NarrowOop [32]=Oop [44]=NarrowOop [52]=NarrowOop [56]=Oop [64]=Oop [72]=Oop }
                      ;*invokeinterface defineClass {reexecute=0 rethrow=0 return_oop=0}
                      ; - java.lang.invoke.MethodHandles$Lookup$ClassDefiner::defineClass@57
  0x0000020bee7c9840: bce4 dafe 

  0x0000020bee7c9844: ;   {other}
  0x0000020bee7c9844: 0f1f 8400 | b40e 0010 | baf6 ffff | ff48 8b6c | 2420 895c 

  0x0000020bee7c9858: ;   {runtime_call UncommonTrapBlob}
  0x0000020bee7c9858: 2420 90e8 

  0x0000020bee7c985c: ; ImmutableOopMap {rbp=Oop [32]=NarrowOop }
                      ;*arraylength {reexecute=0 rethrow=0 return_oop=0}
                      ; - java.lang.System$2::defineClass@8
                      ; - java.lang.invoke.MethodHandles$Lookup$ClassDefiner::defineClass@57
  0x0000020bee7c985c: a0e4 dafe 

  0x0000020bee7c9860: ;   {other}
  0x0000020bee7c9860: 0f1f 8400 | d00e 0011 | baf6 ffff | ff48 8b6c | 2420 4889 

  0x0000020bee7c9874: ;   {runtime_call UncommonTrapBlob}
  0x0000020bee7c9874: 4424 28e8 

  0x0000020bee7c9878: ; ImmutableOopMap {rbp=Oop [40]=Oop }
                      ;*invokevirtual isEnabled {reexecute=0 rethrow=0 return_oop=0}
                      ; - java.lang.invoke.MethodHandles$Lookup$ClassDefiner::defineClass@105
  0x0000020bee7c9878: 84e4 dafe 

  0x0000020bee7c987c: ;   {other}
  0x0000020bee7c987c: 0f1f 8400 | ec0e 0012 | baf6 ffff | ff48 8b6c | 2420 448b | 4c24 3044 | 894c 2420 | 895c 2424 
  0x0000020bee7c989c: 4489 5424 | 3044 895c 

  0x0000020bee7c98a4: ;   {runtime_call UncommonTrapBlob}
  0x0000020bee7c98a4: 2434 90e8 

  0x0000020bee7c98a8: ; ImmutableOopMap {rbp=Oop [36]=NarrowOop [48]=NarrowOop [52]=NarrowOop [56]=Oop }
                      ;*invokeinterface protectionDomain {reexecute=0 rethrow=0 return_oop=0}
                      ; - java.lang.invoke.MethodHandles$Lookup::lookupClassProtectionDomain@17
                      ; - java.lang.invoke.MethodHandles$Lookup$ClassDefiner::defineClass@23
  0x0000020bee7c98a8: 54e4 dafe 

  0x0000020bee7c98ac: ;   {other}
  0x0000020bee7c98ac: 0f1f 8400 | 1c0f 0013 | baf6 ffff | ff48 8b6c 

  0x0000020bee7c98bc: ;   {runtime_call UncommonTrapBlob}
  0x0000020bee7c98bc: 2420 90e8 

  0x0000020bee7c98c0: ; ImmutableOopMap {rbp=Oop [40]=Oop }
                      ;*invokevirtual isEnabled {reexecute=0 rethrow=0 return_oop=0}
                      ; - java.lang.invoke.MethodHandles$Lookup$ClassDefiner::defineClass@162
  0x0000020bee7c98c0: 3ce4 dafe 

  0x0000020bee7c98c4: ;   {other}
  0x0000020bee7c98c4: 0f1f 8400 | 340f 0014 | eb51 eb4f | eb4d eb4b | eb49 488b | d0eb 47eb | 4248 8944 | 2428 4c8b 
  0x0000020bee7c98e4: 5424 2045 | 8b52 1c45 | 0fb6 420c | 4585 c074 | 234c 8b5c | 2420 458b | 4b18 458b | 5b14 498b 
  0x0000020bee7c9904: d24d 8bc3 

  0x0000020bee7c9908: ;   {optimized virtual_call}
  0x0000020bee7c9908: 488b e8e8 

  0x0000020bee7c990c: ; ImmutableOopMap {rbp=Oop [40]=Oop }
                      ;*invokevirtual dumpFailedClass {reexecute=0 rethrow=0 return_oop=0}
                      ; - java.lang.invoke.MethodHandles$Lookup$ClassDefiner::defineClass@207
  0x0000020bee7c990c: 7055 dafe 

  0x0000020bee7c9910: ;   {other}
  0x0000020bee7c9910: 0f1f 8400 | 800f 0015 | 488b 5424 | 28eb 0348 | 8bd0 4881 | c490 0000 

  0x0000020bee7c9928: ;   {runtime_call _rethrow_Java}
  0x0000020bee7c9928: 005d e9d1 

  0x0000020bee7c992c: ;   {internal_word}
  0x0000020bee7c992c: 45e8 fe49 | baae 8d7c | ee0b 0200 | 004d 8997 | 6004 0000 

  0x0000020bee7c9940: ;   {runtime_call SafepointBlob}
  0x0000020bee7c9940: e93b d2da 

  0x0000020bee7c9944: ;   {runtime_call StubRoutines (final stubs)}
  0x0000020bee7c9944: fee8 361b | d9fe e9cf | f2ff fff4 
[Stub Code]
  0x0000020bee7c9950: ;   {no_reloc}
  0x0000020bee7c9950: 48bb 0000 | 0000 0000 

  0x0000020bee7c9958: ;   {runtime_call nmethod}
  0x0000020bee7c9958: 0000 e9fb 

  0x0000020bee7c995c: ;   {static_stub}
  0x0000020bee7c995c: ffff ff48 | bb00 0000 | 0000 0000 

  0x0000020bee7c9968: ;   {runtime_call nmethod}
  0x0000020bee7c9968: 00e9 fbff 

  0x0000020bee7c996c: ;   {static_stub}
  0x0000020bee7c996c: ffff 48bb | 0000 0000 | 0000 0000 

  0x0000020bee7c9978: ;   {runtime_call nmethod}
  0x0000020bee7c9978: e9fb ffff 

  0x0000020bee7c997c: ;   {static_stub}
  0x0000020bee7c997c: ff48 bb00 | 0000 0000 

  0x0000020bee7c9984: ;   {runtime_call nmethod}
  0x0000020bee7c9984: 0000 00e9 | fbff ffff 
[Exception Handler]
  0x0000020bee7c998c: ;   {runtime_call ExceptionBlob}
  0x0000020bee7c998c: e96f 9fe7 | fee8 0000 | 0000 4883 

  0x0000020bee7c9998: ;   {runtime_call DeoptimizationBlob}
  0x0000020bee7c9998: 2c24 05e9 | 80e6 dafe 
[/MachCode]


Compiled method (c1) 90733 3906   !   3       java.lang.invoke.InnerClassLambdaMetafactory::generateInnerClass (506 bytes)
 total in heap  [0x0000020be6048d10,0x0000020be604bee0] = 12752
 relocation     [0x0000020be6048e70,0x0000020be60491b8] = 840
 main code      [0x0000020be60491c0,0x0000020be604aff8] = 7736
 stub code      [0x0000020be604aff8,0x0000020be604b190] = 408
 oops           [0x0000020be604b190,0x0000020be604b1a0] = 16
 metadata       [0x0000020be604b1a0,0x0000020be604b228] = 136
 scopes data    [0x0000020be604b228,0x0000020be604b810] = 1512
 scopes pcs     [0x0000020be604b810,0x0000020be604bd60] = 1360
 dependencies   [0x0000020be604bd60,0x0000020be604bd88] = 40
 handler table  [0x0000020be604bd88,0x0000020be604be18] = 144
 nul chk table  [0x0000020be604be18,0x0000020be604bee0] = 200

[Constant Pool (empty)]

[MachCode]
[Entry Point]
  # {method} {0x0000020bfb46acb8} 'generateInnerClass' '()Ljava/lang/Class;' in 'java/lang/invoke/InnerClassLambdaMetafactory'
  #           [sp+0x150]  (sp of caller)
  0x0000020be60491c0: 448b 5208 | 49c1 e203 

  0x0000020be60491c8: ;   {runtime_call ic_miss_stub}
  0x0000020be60491c8: 4c3b d00f | 85af 5752 | 0766 6666 | 0f1f 8400 | 0000 0000 | 6666 6690 
[Verified Entry Point]
  0x0000020be60491e0: 8984 2400 | 80ff ff55 | 4881 ec40 | 0100 0090 | 4181 7f20 | 2100 0000 

  0x0000020be60491f8: ;   {runtime_call StubRoutines (final stubs)}
  0x0000020be60491f8: 7405 e881 | 2251 0748 | 8954 2478 

  0x0000020be6049204: ;   {metadata(method data for {method} {0x0000020bfb46acb8} 'generateInnerClass' '()Ljava/lang/Class;' in 'java/lang/invoke/InnerClassLambdaMetafactory')}
  0x0000020be6049204: 48be 0847 | f4fc 0b02 | 0000 8bbe | cc00 0000 | 83c7 0289 | becc 0000 | 0081 e7fe | 0700 0085 
  0x0000020be6049224: ff0f 845e | 1900 008b | 7220 483b | 0648 8bfe 

  0x0000020be6049234: ;   {metadata(method data for {method} {0x0000020bfb46acb8} 'generateInnerClass' '()Ljava/lang/Class;' in 'java/lang/invoke/InnerClassLambdaMetafactory')}
  0x0000020be6049234: 48bb 0847 | f4fc 0b02 | 0000 4883 | 8310 0100 

  0x0000020be6049244: ;   {metadata(method data for {method} {0x0000020bfb017aa0} 'getName' '()Ljava/lang/String;' in 'java/lang/Class')}
  0x0000020be6049244: 0001 48bf | 20fe 60fb | 0b02 0000 | 8b9f cc00 | 0000 83c3 | 0289 9fcc | 0000 0081 | e3fe ff1f 
  0x0000020be6049264: 0085 db0f | 8442 1900 | 008b 7e2c 

  0x0000020be6049270: ;   {metadata(method data for {method} {0x0000020bfb017aa0} 'getName' '()Ljava/lang/String;' in 'java/lang/Class')}
  0x0000020be6049270: 4885 ff48 | bb20 fe60 | fb0b 0200 | 0048 c7c0 | 1001 0000 | 7407 48c7 | c020 0100 | 0048 8b0c 
  0x0000020be6049290: 0348 8d49 | 0148 890c | 030f 8415 

  0x0000020be604929c: ;   {metadata(method data for {method} {0x0000020bfb017aa0} 'getName' '()Ljava/lang/String;' in 'java/lang/Class')}
  0x0000020be604929c: 0000 0048 | be20 fe60 | fb0b 0200 | 00ff 8630 | 0100 00e9 | 2b00 0000 

  0x0000020be60492b4: ;   {metadata(method data for {method} {0x0000020bfb017aa0} 'getName' '()Ljava/lang/String;' in 'java/lang/Class')}
  0x0000020be60492b4: 488b fe48 | bb20 fe60 | fb0b 0200 | 0048 8383 | 4801 0000 | 0148 8bd6 

  0x0000020be60492cc: ;   {optimized virtual_call}
  0x0000020be60492cc: 6666 90e8 

  0x0000020be60492d0: ; ImmutableOopMap {[120]=Oop }
                      ;*invokevirtual initClassName {reexecute=0 rethrow=0 return_oop=0}
                      ; - java.lang.Class::getName@14
                      ; - java.lang.invoke.InnerClassLambdaMetafactory::generateInnerClass@4
  0x0000020be60492d0: 8437 a907 

  0x0000020be60492d4: ;   {other}
  0x0000020be60492d4: 0f1f 8400 | c405 0000 | 488b f848 | 3b07 4c8b 

  0x0000020be60492e4: ;   {metadata(method data for {method} {0x0000020bfb46acb8} 'generateInnerClass' '()Ljava/lang/Class;' in 'java/lang/invoke/InnerClassLambdaMetafactory')}
  0x0000020be60492e4: c749 b908 | 47f4 fc0b | 0200 0049 | 8381 4801 | 0000 0141 | b82e 0000 | 0041 b92f | 0000 0048 
  0x0000020be6049304: ;   {optimized virtual_call}
  0x0000020be6049304: 8bd7 90e8 

  0x0000020be6049308: ; ImmutableOopMap {[120]=Oop }
                      ;*invokevirtual replace {reexecute=0 rethrow=0 return_oop=0}
                      ; - java.lang.invoke.InnerClassLambdaMetafactory::generateInnerClass@11
  0x0000020be6049308: 540a b307 

  0x0000020be604930c: ;   {other}
  0x0000020be604930c: 0f1f 8400 | fc05 0001 | 4889 8424 | 8000 0000 | 488b 5424 | 7844 0fbe | 4211 4585 

  0x0000020be6049328: ;   {metadata(method data for {method} {0x0000020bfb46acb8} 'generateInnerClass' '()Ljava/lang/Class;' in 'java/lang/invoke/InnerClassLambdaMetafactory')}
  0x0000020be6049328: c049 b808 | 47f4 fc0b | 0200 0048 | c7c6 8001 | 0000 7507 | 48c7 c690 | 0100 0049 | 8b3c 3048 
  0x0000020be6049348: 8d7f 0149 | 893c 300f | 8565 0000 | 0044 8b42 

  0x0000020be6049358: ;   {oop(a 'java/lang/Class'{0x0000000080018118} = 'java/io/Serializable')}
  0x0000020be6049358: 2048 be18 | 8101 8000 | 0000 0048 

  0x0000020be6049364: ;   {metadata(method data for {method} {0x0000020bfb46acb8} 'generateInnerClass' '()Ljava/lang/Class;' in 'java/lang/invoke/InnerClassLambdaMetafactory')}
  0x0000020be6049364: 8bfe 48bb | 0847 f4fc | 0b02 0000 | 4883 83a0 | 0100 0001 | 488b d60f 

  0x0000020be604937c: ;   {optimized virtual_call}
  0x0000020be604937c: 1f40 00e8 

  0x0000020be6049380: ; ImmutableOopMap {[120]=Oop [128]=Oop }
                      ;*invokevirtual isAssignableFrom {reexecute=0 rethrow=0 return_oop=0}
                      ; - java.lang.invoke.InnerClassLambdaMetafactory::generateInnerClass@29
  0x0000020be6049380: b48b a807 

  0x0000020be6049384: ;   {other}
  0x0000020be6049384: 0f1f 8400 | 7406 0002 

  0x0000020be604938c: ;   {metadata(method data for {method} {0x0000020bfb46acb8} 'generateInnerClass' '()Ljava/lang/Class;' in 'java/lang/invoke/InnerClassLambdaMetafactory')}
  0x0000020be604938c: 85c0 48bb | 0847 f4fc | 0b02 0000 | 48c7 c2e8 | 0100 0075 | 0748 c7c2 | d801 0000 | 488b 3413 
  0x0000020be60493ac: 488d 7601 | 4889 3413 | 0f85 0b00 | 0000 41b8 | 0000 0000 | e916 0000 

  0x0000020be60493c4: ;   {metadata(method data for {method} {0x0000020bfb46acb8} 'generateInnerClass' '()Ljava/lang/Class;' in 'java/lang/invoke/InnerClassLambdaMetafactory')}
  0x0000020be60493c4: 0048 bb08 | 47f4 fc0b | 0200 00ff | 83f8 0100 | 0041 b801 | 0000 0048 | 8b54 2478 | 8b5a 4044 
  0x0000020be60493e4: 8b4b 0c45 

  0x0000020be60493e8: ;   {metadata(method data for {method} {0x0000020bfb46acb8} 'generateInnerClass' '()Ljava/lang/Class;' in 'java/lang/invoke/InnerClassLambdaMetafactory')}
  0x0000020be60493e8: 85c9 48bb | 0847 f4fc | 0b02 0000 | 48c7 c610 | 0200 0075 | 0748 c7c6 | 2002 0000 | 488b 3c33 
  0x0000020be6049408: 488d 7f01 | 4889 3c33 | 0f85 ca01 | 0000 488b | 8424 8000 | 0000 bb01 

  0x0000020be6049420: ;   {metadata('java/lang/String'[])}
  0x0000020be6049420: 0000 0048 | ba90 f005 | 0001 0000 | 004c 8be8 | 4863 db48 | 8bfb 4881 | fbff ffff | 000f 8797 
  0x0000020be6049440: 1700 0048 | c7c6 1700 | 0000 488d | 349e 4883 | e6f8 498b | 87b8 0100 | 0048 8d34 | 3049 3bb7 
  0x0000020be6049460: c801 0000 | 0f87 7017 | 0000 4989 | b7b8 0100 | 0048 2bf0 | 48c7 0001 | 0000 0048 | 8bca 48c1 
  0x0000020be6049480: e903 8948 | 0889 580c | 4883 ee10 | 4885 f60f | 8411 0000 | 0048 33db | 48c1 ee03 | 4889 5cf0 
  0x0000020be60494a0: 0848 ffce | 75f6 4d85 

  0x0000020be60494a8: ;   {metadata(method data for {method} {0x0000020bfb46acb8} 'generateInnerClass' '()Ljava/lang/Class;' in 'java/lang/invoke/InnerClassLambdaMetafactory')}
  0x0000020be60494a8: ed75 1648 | be08 47f4 | fc0b 0200 | 0080 8e29 | 0200 0001 | e9df 0000 | 008b 5008 | 48c1 e203 
  0x0000020be60494c8: 418b 7508 | 48c1 e603 | 488b 92f0 | 0000 0048 | 3bf2 0f84 | 2700 0000 | 8b7a 1448 | 3b14 3e0f 
  0x0000020be60494e8: 841a 0000 | 0083 ff20 | 0f85 9300 | 0000 5652 

  0x0000020be60494f8: ;   {runtime_call slow_subtype_check Runtime1 stub}
  0x0000020be60494f8: e803 505f | 075e 5a85 | d20f 8482 

  0x0000020be6049504: ;   {metadata(method data for {method} {0x0000020bfb46acb8} 'generateInnerClass' '()Ljava/lang/Class;' in 'java/lang/invoke/InnerClassLambdaMetafactory')}
  0x0000020be6049504: 0000 0048 | be08 47f4 | fc0b 0200 | 0041 8b55 | 0848 c1e2 | 0348 3b96 | 4002 0000 | 750d 4883 
  0x0000020be6049524: 8648 0200 | 0001 e971 | 0000 0048 | 3b96 5002 | 0000 750d | 4883 8658 | 0200 0001 | e95b 0000 
  0x0000020be6049544: 0048 83be | 4002 0000 | 0075 1748 | 8996 4002 | 0000 48c7 | 8648 0200 | 0001 0000 | 00e9 3a00 
  0x0000020be6049564: 0000 4883 | be50 0200 | 0000 7517 | 4889 9650 | 0200 0048 | c786 5802 | 0000 0100 | 0000 e919 
  0x0000020be6049584: 0000 00eb 

  0x0000020be6049588: ;   {metadata(method data for {method} {0x0000020bfb46acb8} 'generateInnerClass' '()Ljava/lang/Class;' in 'java/lang/invoke/InnerClassLambdaMetafactory')}
  0x0000020be6049588: 1748 be08 | 47f4 fc0b | 0200 0048 | 83ae 3002 | 0000 01e9 | 4916 0000 | 488d 5010 | 410f be77 
  0x0000020be60495a8: 4085 f60f | 8541 1600 | 004d 8bd5 | 4489 1248 | 8bf2 4933 | f548 c1ee | 1448 83fe | 000f 8541 
  0x0000020be60495c8: ;   {metadata(method data for {method} {0x0000020bfb46acb8} 'generateInnerClass' '()Ljava/lang/Class;' in 'java/lang/invoke/InnerClassLambdaMetafactory')}
  0x0000020be60495c8: 1600 0048 | ba08 47f4 | fc0b 0200 | 00ff 8268 | 0200 00e9 | 3808 0000 | 4489 8424 | 8800 0000 
  0x0000020be60495e8: ;   {metadata(method data for {method} {0x0000020bfb46acb8} 'generateInnerClass' '()Ljava/lang/Class;' in 'java/lang/invoke/InnerClassLambdaMetafactory')}
  0x0000020be60495e8: 48be 0847 | f4fc 0b02 | 0000 4883 | 8680 0200 | 0001 41ff | c149 8bd1 | 0f1f 8000 

  0x0000020be6049604: ;   {static_call}
  0x0000020be6049604: 0000 00e8 

  0x0000020be6049608: ; ImmutableOopMap {[120]=Oop [128]=Oop }
                      ;*invokestatic newLinkedHashSet {reexecute=0 rethrow=0 return_oop=0}
                      ; - java.lang.invoke.InnerClassLambdaMetafactory::generateInnerClass@68
  0x0000020be6049608: 9401 e901 

  0x0000020be604960c: ;   {other}
  0x0000020be604960c: 0f1f 8400 | fc08 0003 | 4889 8424 | 9000 0000 

  0x0000020be604961c: ; implicit exception: dispatches to 0x0000020be604ac24
  0x0000020be604961c: 483b 004c 

  0x0000020be6049620: ;   {metadata(method data for {method} {0x0000020bfb46acb8} 'generateInnerClass' '()Ljava/lang/Class;' in 'java/lang/invoke/InnerClassLambdaMetafactory')}
  0x0000020be6049620: 8bc0 49b9 | 0847 f4fc | 0b02 0000 | 458b 4008 | 49c1 e003 | 4d3b 81a0 | 0200 0075 | 0d49 8381 
  0x0000020be6049640: a802 0000 | 01e9 6000 | 0000 4d3b | 81b0 0200 | 0075 0d49 | 8381 b802 | 0000 01e9 | 4a00 0000 
  0x0000020be6049660: 4983 b9a0 | 0200 0000 | 7517 4d89 | 81a0 0200 | 0049 c781 | a802 0000 | 0100 0000 | e929 0000 
  0x0000020be6049680: 0049 83b9 | b002 0000 | 0075 174d | 8981 b002 | 0000 49c7 | 81b8 0200 | 0001 0000 | 00e9 0800 
  0x0000020be60496a0: 0000 4983 | 8190 0200 

  0x0000020be60496a8: ;   {metadata(method data for {method} {0x0000020bfb2e5010} 'add' '(Ljava/lang/Object;)Z' in 'java/util/HashSet')}
  0x0000020be60496a8: 0001 49b8 | f052 4dfb | 0b02 0000 | 458b 88cc | 0000 0041 | 83c1 0245 | 8988 cc00 | 0000 4181 
  0x0000020be60496c8: e1fe ff1f | 0045 85c9 | 0f84 5315 | 0000 8b50 | 0c48 3b02 

  0x0000020be60496dc: ;   {metadata(method data for {method} {0x0000020bfb2e5010} 'add' '(Ljava/lang/Object;)Z' in 'java/util/HashSet')}
  0x0000020be60496dc: 4c8b c249 | b9f0 524d | fb0b 0200 | 0045 8b40 | 0849 c1e0 | 034d 3b81 | 2001 0000 | 750d 4983 
  0x0000020be60496fc: 8128 0100 | 0001 e960 | 0000 004d | 3b81 3001 | 0000 750d | 4983 8138 | 0100 0001 | e94a 0000 
  0x0000020be604971c: 0049 83b9 | 2001 0000 | 0075 174d | 8981 2001 | 0000 49c7 | 8128 0100 | 0001 0000 | 00e9 2900 
  0x0000020be604973c: 0000 4983 | b930 0100 | 0000 7517 | 4d89 8130 | 0100 0049 | c781 3801 | 0000 0100 | 0000 e908 
  0x0000020be604975c: 0000 0049 | 8381 1001 | 0000 014c | 8b84 2480 

  0x0000020be604976c: ;   {oop(a 'java/lang/Object'{0x0000000080057968})}
  0x0000020be604976c: 0000 0049 | b968 7905 | 8000 0000 | 000f 1f40 | 0048 b808 | a300 0001 

  0x0000020be6049784: ;   {virtual_call}
  0x0000020be6049784: 0000 00e8 

  0x0000020be6049788: ; ImmutableOopMap {[120]=Oop [144]=Oop }
                      ;*invokevirtual put {reexecute=0 rethrow=0 return_oop=0}
                      ; - java.util.HashSet::add@8
                      ; - java.lang.invoke.InnerClassLambdaMetafactory::generateInnerClass@76
  0x0000020be6049788: b484 de07 

  0x0000020be604978c: ;   {other}
  0x0000020be604978c: 0f1f 8400 | 7c0a 0004 

  0x0000020be6049794: ;   {metadata(method data for {method} {0x0000020bfb2e5010} 'add' '(Ljava/lang/Object;)Z' in 'java/util/HashSet')}
  0x0000020be6049794: 4885 c048 | baf0 524d | fb0b 0200 | 0048 c7c6 | 4801 0000 | 7507 48c7 | c658 0100 | 0048 8b3c 
  0x0000020be60497b4: 3248 8d7f | 0148 893c | 320f 851a 

  0x0000020be60497c0: ;   {metadata(method data for {method} {0x0000020bfb2e5010} 'add' '(Ljava/lang/Object;)Z' in 'java/util/HashSet')}
  0x0000020be60497c0: 0000 0048 | baf0 524d | fb0b 0200 | 00ff 8268 | 0100 00ba | 0100 0000 | e905 0000 | 00ba 0000 
  0x0000020be60497e0: 0000 83e2 | 0144 8b84 | 2488 0000 | 0048 8b54 | 2478 8b72 | 4048 89b4 | 24a8 0000 | 008b 7e0c 
  0x0000020be6049800: 89bc 24a4 | 0000 00bb | 0000 0000 | 4489 8424 | 8c00 0000 | 0f1f 4000 

  0x0000020be6049818: ;   {metadata(method data for {method} {0x0000020bfb46acb8} 'generateInnerClass' '()Ljava/lang/Class;' in 'java/lang/invoke/InnerClassLambdaMetafactory')}
  0x0000020be6049818: 3bdf 48b9 | 0847 f4fc | 0b02 0000 | 49c7 c1c8 | 0200 007d | 0749 c7c1 | d802 0000 | 4e8b 1c09 
  0x0000020be6049838: 4d8d 5b01 | 4e89 1c09 | 0f8d 0303 | 0000 4863 | cb8b 4c8e | 1048 3b01 

  0x0000020be6049850: ;   {metadata(method data for {method} {0x0000020bfb46acb8} 'generateInnerClass' '()Ljava/lang/Class;' in 'java/lang/invoke/InnerClassLambdaMetafactory')}
  0x0000020be6049850: 4c8b c949 | bb08 47f4 | fc0b 0200 | 0049 8383 | e802 0000 

  0x0000020be6049864: ;   {metadata(method data for {method} {0x0000020bfb017aa0} 'getName' '()Ljava/lang/String;' in 'java/lang/Class')}
  0x0000020be6049864: 0149 b920 | fe60 fb0b | 0200 0045 | 8b99 cc00 | 0000 4183 | c302 4589 | 99cc 0000 | 0041 81e3 
  0x0000020be6049884: feff 1f00 | 4585 db0f | 84c8 1300 | 0044 8b49 | 2c4d 85c9 

  0x0000020be6049898: ;   {metadata(method data for {method} {0x0000020bfb017aa0} 'getName' '()Ljava/lang/String;' in 'java/lang/Class')}
  0x0000020be6049898: 49bb 20fe | 60fb 0b02 | 0000 49c7 | c510 0100 | 0074 0749 | c7c5 2001 | 0000 4f8b | 342b 4d8d 
  0x0000020be60498b8: 7601 4f89 | 342b 0f84 | 2800 0000 

  0x0000020be60498c4: ;   {metadata(method data for {method} {0x0000020bfb017aa0} 'getName' '()Ljava/lang/String;' in 'java/lang/Class')}
  0x0000020be60498c4: 49bb 20fe | 60fb 0b02 | 0000 41ff | 8330 0100 | 004d 8bd9 | 4889 8c24 | 9800 0000 | 899c 24a0 
  0x0000020be60498e4: 0000 00e9 | 3b00 0000 | 899c 24a0 | 0000 004c 

  0x0000020be60498f4: ;   {metadata(method data for {method} {0x0000020bfb017aa0} 'getName' '()Ljava/lang/String;' in 'java/lang/Class')}
  0x0000020be60498f4: 8bc9 49bb | 20fe 60fb | 0b02 0000 | 4983 8348 | 0100 0001 | 488b d148 | 898c 2498 | 0000 000f 
  0x0000020be6049914: ;   {optimized virtual_call}
  0x0000020be6049914: 1f40 00e8 

  0x0000020be6049918: ; ImmutableOopMap {[120]=Oop [144]=Oop [152]=Oop [168]=Oop }
                      ;*invokevirtual initClassName {reexecute=0 rethrow=0 return_oop=0}
                      ; - java.lang.Class::getName@14
                      ; - java.lang.invoke.InnerClassLambdaMetafactory::generateInnerClass@114
  0x0000020be6049918: 6455 5207 

  0x0000020be604991c: ;   {other}
  0x0000020be604991c: 0f1f 8400 | 0c0c 0005 | 4c8b d849 | 3b03 4d8b 

  0x0000020be604992c: ;   {metadata(method data for {method} {0x0000020bfb46acb8} 'generateInnerClass' '()Ljava/lang/Class;' in 'java/lang/invoke/InnerClassLambdaMetafactory')}
  0x0000020be604992c: c349 b908 | 47f4 fc0b | 0200 0049 | 8381 2003 | 0000 0141 | b82e 0000 | 0041 b92f | 0000 0049 
  0x0000020be604994c: ;   {optimized virtual_call}
  0x0000020be604994c: 8bd3 90e8 

  0x0000020be6049950: ; ImmutableOopMap {[120]=Oop [144]=Oop [152]=Oop [168]=Oop }
                      ;*invokevirtual replace {reexecute=0 rethrow=0 return_oop=0}
                      ; - java.lang.invoke.InnerClassLambdaMetafactory::generateInnerClass@121
  0x0000020be6049950: 0c04 b307 

  0x0000020be6049954: ;   {other}
  0x0000020be6049954: 0f1f 8400 | 440c 0006 | 4c8b 8424 | 9000 0000 

  0x0000020be6049964: ;   {metadata(method data for {method} {0x0000020bfb46acb8} 'generateInnerClass' '()Ljava/lang/Class;' in 'java/lang/invoke/InnerClassLambdaMetafactory')}
  0x0000020be6049964: 48ba 0847 | f4fc 0b02 | 0000 458b | 4008 49c1 | e003 4c3b | 8268 0300 | 0075 0d48 | 8382 7003 
  0x0000020be6049984: 0000 01e9 | 6000 0000 | 4c3b 8278 | 0300 0075 | 0d48 8382 | 8003 0000 | 01e9 4a00 | 0000 4883 
  0x0000020be60499a4: ba68 0300 | 0000 7517 | 4c89 8268 | 0300 0048 | c782 7003 | 0000 0100 | 0000 e929 | 0000 0048 
  0x0000020be60499c4: 83ba 7803 | 0000 0075 | 174c 8982 | 7803 0000 | 48c7 8280 | 0300 0001 | 0000 00e9 | 0800 0000 
  0x0000020be60499e4: 4883 8258 | 0300 0001 | 4c8b c048 | 8b94 2490 | 0000 0066 | 0f1f 4400 | 0048 b858 | 9b00 0001 
  0x0000020be6049a04: ;   {virtual_call}
  0x0000020be6049a04: 0000 00e8 

  0x0000020be6049a08: ; ImmutableOopMap {[120]=Oop [144]=Oop [152]=Oop [168]=Oop }
                      ;*invokeinterface add {reexecute=0 rethrow=0 return_oop=0}
                      ; - java.lang.invoke.InnerClassLambdaMetafactory::generateInnerClass@124
  0x0000020be6049a08: 5422 5207 

  0x0000020be6049a0c: ;   {other}
  0x0000020be6049a0c: 0f1f 8400 | fc0c 0007 | 488b 5424 | 7844 0fbe | 4211 4585 

  0x0000020be6049a20: ;   {metadata(method data for {method} {0x0000020bfb46acb8} 'generateInnerClass' '()Ljava/lang/Class;' in 'java/lang/invoke/InnerClassLambdaMetafactory')}
  0x0000020be6049a20: c049 b808 | 47f4 fc0b | 0200 0048 | c7c6 9003 | 0000 7507 | 48c7 c6a0 | 0300 0049 | 8b3c 3048 
  0x0000020be6049a40: 8d7f 0149 | 893c 300f | 856d 0000 | 0048 8b8c | 2498 0000 

  0x0000020be6049a54: ;   {oop(a 'java/lang/Class'{0x0000000080018118} = 'java/io/Serializable')}
  0x0000020be6049a54: 0048 be18 | 8101 8000 | 0000 004c 

  0x0000020be6049a60: ;   {metadata(method data for {method} {0x0000020bfb46acb8} 'generateInnerClass' '()Ljava/lang/Class;' in 'java/lang/invoke/InnerClassLambdaMetafactory')}
  0x0000020be6049a60: 8bc6 48bf | 0847 f4fc | 0b02 0000 | 4883 87b0 | 0300 0001 | 4c8b c148 | 8bd6 0f1f 

  0x0000020be6049a7c: ;   {optimized virtual_call}
  0x0000020be6049a7c: 4400 00e8 

  0x0000020be6049a80: ; ImmutableOopMap {[120]=Oop [144]=Oop [168]=Oop }
                      ;*invokevirtual isAssignableFrom {reexecute=0 rethrow=0 return_oop=0}
                      ; - java.lang.invoke.InnerClassLambdaMetafactory::generateInnerClass@143
  0x0000020be6049a80: fc53 5207 

  0x0000020be6049a84: ;   {other}
  0x0000020be6049a84: 0f1f 8400 | 740d 0008 

  0x0000020be6049a8c: ;   {metadata(method data for {method} {0x0000020bfb46acb8} 'generateInnerClass' '()Ljava/lang/Class;' in 'java/lang/invoke/InnerClassLambdaMetafactory')}
  0x0000020be6049a8c: 85c0 48ba | 0847 f4fc | 0b02 0000 | 48c7 c6f8 | 0300 0075 | 0748 c7c6 | e803 0000 | 488b 3c32 
  0x0000020be6049aac: 488d 7f01 | 4889 3c32 | 0f85 0a00 | 0000 ba00 | 0000 00e9 | 1500 0000 

  0x0000020be6049ac4: ;   {metadata(method data for {method} {0x0000020bfb46acb8} 'generateInnerClass' '()Ljava/lang/Class;' in 'java/lang/invoke/InnerClassLambdaMetafactory')}
  0x0000020be6049ac4: 48ba 0847 | f4fc 0b02 | 0000 ff82 | 0804 0000 | ba01 0000 | 000b 9424 | 8c00 0000 | 8b9c 24a0 
  0x0000020be6049ae4: 0000 00ff 

  0x0000020be6049ae8: ;   {metadata(method data for {method} {0x0000020bfb46acb8} 'generateInnerClass' '()Ljava/lang/Class;' in 'java/lang/invoke/InnerClassLambdaMetafactory')}
  0x0000020be6049ae8: c348 be08 | 47f4 fc0b | 0200 008b | bed0 0000 | 0083 c702 | 89be d000 | 0000 81e7 | fe3f 0000 
  0x0000020be6049b08: 85ff 0f84 | 6f11 0000 | 4d8b 9750 

  0x0000020be6049b14: ; ImmutableOopMap {[120]=Oop [144]=Oop [168]=Oop }
                      ;*goto {reexecute=1 rethrow=0 return_oop=0}
                      ; - (reexecute) java.lang.invoke.InnerClassLambdaMetafactory::generateInnerClass@159
                      ;   {poll}
  0x0000020be6049b14: 0400 0041 

  0x0000020be6049b18: ;   {metadata(method data for {method} {0x0000020bfb46acb8} 'generateInnerClass' '()Ljava/lang/Class;' in 'java/lang/invoke/InnerClassLambdaMetafactory')}
  0x0000020be6049b18: 8502 48be | 0847 f4fc | 0b02 0000 | ff86 2004 | 0000 4c8b | c244 8984 | 248c 0000 | 008b bc24 
  0x0000020be6049b38: a400 0000 | 488b b424 | a800 0000 | e9cf fcff | ff48 8b84 | 2490 0000 | 0048 8bd0 

  0x0000020be6049b54: ;   {metadata(method data for {method} {0x0000020bfb46acb8} 'generateInnerClass' '()Ljava/lang/Class;' in 'java/lang/invoke/InnerClassLambdaMetafactory')}
  0x0000020be6049b54: 48be 0847 | f4fc 0b02 | 0000 8b52 | 0848 c1e2 | 0348 3b96 | 4804 0000 | 750d 4883 | 8650 0400 
  0x0000020be6049b74: 0001 e960 | 0000 0048 | 3b96 5804 | 0000 750d | 4883 8660 | 0400 0001 | e94a 0000 | 0048 83be 
  0x0000020be6049b94: 4804 0000 | 0075 1748 | 8996 4804 | 0000 48c7 | 8650 0400 | 0001 0000 | 00e9 2900 | 0000 4883 
  0x0000020be6049bb4: be58 0400 | 0000 7517 | 4889 9658 | 0400 0048 | c786 6004 | 0000 0100 | 0000 e908 | 0000 0048 
  0x0000020be6049bd4: 8386 3804 | 0000 0148 | 8bd0 0f1f | 8000 0000 | 0048 b858 | 9b00 0001 

  0x0000020be6049bec: ;   {virtual_call}
  0x0000020be6049bec: 0000 00e8 

  0x0000020be6049bf0: ; ImmutableOopMap {[120]=Oop [144]=Oop }
                      ;*invokeinterface size {reexecute=0 rethrow=0 return_oop=0}
                      ; - java.lang.invoke.InnerClassLambdaMetafactory::generateInnerClass@166
  0x0000020be6049bf0: ac63 3a08 

  0x0000020be6049bf4: ;   {other}
  0x0000020be6049bf4: 0f1f 8400 | e40e 000a 

  0x0000020be6049bfc: ;   {metadata('java/lang/String'[])}
  0x0000020be6049bfc: 488b d848 | ba90 f005 | 0001 0000 | 0048 63db | 488b fb48 | 81fb ffff | ff00 0f87 | 8410 0000 
  0x0000020be6049c1c: 48c7 c617 | 0000 0048 | 8d34 9e48 | 83e6 f849 | 8b87 b801 | 0000 488d | 3430 493b | b7c8 0100 
  0x0000020be6049c3c: 000f 875d | 1000 0049 | 89b7 b801 | 0000 482b | f048 c700 | 0100 0000 | 488b ca48 | c1e9 0389 
  0x0000020be6049c5c: 4808 8958 | 0c48 83ee | 1048 85f6 | 0f84 1100 | 0000 4833 | db48 c1ee | 0348 895c | f008 48ff 
  0x0000020be6049c7c: ce75 f64c | 8b84 2490 

  0x0000020be6049c84: ;   {metadata(method data for {method} {0x0000020bfb46acb8} 'generateInnerClass' '()Ljava/lang/Class;' in 'java/lang/invoke/InnerClassLambdaMetafactory')}
  0x0000020be6049c84: 0000 0048 | ba08 47f4 | fc0b 0200 | 0045 8b40 | 0849 c1e0 | 034c 3b82 | 8004 0000 | 750d 4883 
  0x0000020be6049ca4: 8288 0400 | 0001 e960 | 0000 004c | 3b82 9004 | 0000 750d | 4883 8298 | 0400 0001 | e94a 0000 
  0x0000020be6049cc4: 0048 83ba | 8004 0000 | 0075 174c | 8982 8004 | 0000 48c7 | 8288 0400 | 0001 0000 | 00e9 2900 
  0x0000020be6049ce4: 0000 4883 | ba90 0400 | 0000 7517 | 4c89 8290 | 0400 0048 | c782 9804 | 0000 0100 | 0000 e908 
  0x0000020be6049d04: 0000 0048 | 8382 7004 | 0000 014c | 8bc0 488b | 9424 9000 | 0000 6666 | 9048 b858 | 9b00 0001 
  0x0000020be6049d24: ;   {virtual_call}
  0x0000020be6049d24: 0000 00e8 

  0x0000020be6049d28: ; ImmutableOopMap {[120]=Oop }
                      ;*invokeinterface toArray {reexecute=0 rethrow=0 return_oop=0}
                      ; - java.lang.invoke.InnerClassLambdaMetafactory::generateInnerClass@174
  0x0000020be6049d28: 14bd 2600 

  0x0000020be6049d2c: ;   {other}
  0x0000020be6049d2c: 0f1f 8400 | 1c10 000b | 4885 c075 

  0x0000020be6049d38: ;   {metadata(method data for {method} {0x0000020bfb46acb8} 'generateInnerClass' '()Ljava/lang/Class;' in 'java/lang/invoke/InnerClassLambdaMetafactory')}
  0x0000020be6049d38: 1648 bf08 | 47f4 fc0b | 0200 0080 | 8fa1 0400 | 0001 e9bb 

  0x0000020be6049d4c: ;   {metadata('java/lang/String'[])}
  0x0000020be6049d4c: 0000 0048 | be90 f005 | 0001 0000 | 008b 7808 | 48c1 e703 | 483b 7740 | 0f85 8400 

  0x0000020be6049d68: ;   {metadata(method data for {method} {0x0000020bfb46acb8} 'generateInnerClass' '()Ljava/lang/Class;' in 'java/lang/invoke/InnerClassLambdaMetafactory')}
  0x0000020be6049d68: 0000 48bf | 0847 f4fc | 0b02 0000 | 8b70 0848 | c1e6 0348 | 3bb7 b804 | 0000 750d | 4883 87c0 
  0x0000020be6049d88: 0400 0001 | e979 0000 | 0048 3bb7 | c804 0000 | 750d 4883 | 87d0 0400 | 0001 e963 | 0000 0048 
  0x0000020be6049da8: 83bf b804 | 0000 0075 | 1748 89b7 | b804 0000 | 48c7 87c0 | 0400 0001 | 0000 00e9 | 4200 0000 
  0x0000020be6049dc8: 4883 bfc8 | 0400 0000 | 7517 4889 | b7c8 0400 | 0048 c787 | d004 0000 | 0100 0000 | e921 0000 
  0x0000020be6049de8: 00e9 1c00 

  0x0000020be6049dec: ;   {metadata(method data for {method} {0x0000020bfb46acb8} 'generateInnerClass' '()Ljava/lang/Class;' in 'java/lang/invoke/InnerClassLambdaMetafactory')}
  0x0000020be6049dec: 0000 48bf | 0847 f4fc | 0b02 0000 | 4883 afa8 | 0400 0001 | e9a5 0e00 | 00e9 0000 | 0000 4c8b 
  0x0000020be6049e0c: c844 8b84 | 248c 0000 | 0049 8bc1 | 4489 8424 | b000 0000 | 488b 5424 | 788b 5a58 | 8b7a 6448 
  0x0000020be6049e2c: 3b03 4c8b 

  0x0000020be6049e30: ;   {metadata(method data for {method} {0x0000020bfb46acb8} 'generateInnerClass' '()Ljava/lang/Class;' in 'java/lang/invoke/InnerClassLambdaMetafactory')}
  0x0000020be6049e30: cb48 be08 | 47f4 fc0b | 0200 0048 | 8386 e004 | 0000 0141 | b841 0000 | 0041 b930 

  0x0000020be6049e4c: ;   {oop(nullptr)}
  0x0000020be6049e4c: 1000 0048 | be00 0000 | 0000 0000 

  0x0000020be6049e58: ;   {oop("java/lang/Object"{0x00000000800f0920})}
  0x0000020be6049e58: 0048 b920 | 090f 8000 | 0000 0048 | 8904 2448 | 8bd3 0f1f 

  0x0000020be6049e6c: ;   {optimized virtual_call}
  0x0000020be6049e6c: 4400 00e8 

  0x0000020be6049e70: ; ImmutableOopMap {[120]=Oop }
                      ;*invokevirtual visit {reexecute=0 rethrow=0 return_oop=0}
                      ; - java.lang.invoke.InnerClassLambdaMetafactory::generateInnerClass@202
  0x0000020be6049e70: 6cdd 4900 

  0x0000020be6049e74: ;   {other}
  0x0000020be6049e74: 0f1f 8400 | 6411 000c | bb00 0000 | 00e9 f400 | 0000 6690 | 8b42 5844 | 8b4a 5c41 | 8b79 0c3b 
  0x0000020be6049e94: fb0f 8622 | 0e00 0048 | 63fb 458b | 4cb9 1048 | 63fb 418b | 7cb8 1048 | 3b00 4c8b 

  0x0000020be6049eb0: ;   {metadata(method data for {method} {0x0000020bfb46acb8} 'generateInnerClass' '()Ljava/lang/Class;' in 'java/lang/invoke/InnerClassLambdaMetafactory')}
  0x0000020be6049eb0: c048 be08 | 47f4 fc0b | 0200 0048 | 8386 3805 | 0000 0141 | b812 0000 

  0x0000020be6049ec8: ;   {oop(nullptr)}
  0x0000020be6049ec8: 0048 be00 | 0000 0000 

  0x0000020be6049ed0: ;   {oop(nullptr)}
  0x0000020be6049ed0: 0000 0048 | b900 0000 | 0000 0000 | 0048 8bd0 | 899c 24b4 

  0x0000020be6049ee4: ;   {optimized virtual_call}
  0x0000020be6049ee4: 0000 00e8 

  0x0000020be6049ee8: ; ImmutableOopMap {[120]=Oop }
                      ;*invokevirtual visitField {reexecute=0 rethrow=0 return_oop=0}
                      ; - java.lang.invoke.InnerClassLambdaMetafactory::generateInnerClass@240
  0x0000020be6049ee8: 94ad 0f08 

  0x0000020be6049eec: ;   {other}
  0x0000020be6049eec: 0f1f 8400 | dc11 000d 

  0x0000020be6049ef4: ; implicit exception: dispatches to 0x0000020be604acd0
                      ;   {metadata(method data for {method} {0x0000020bfb46acb8} 'generateInnerClass' '()Ljava/lang/Class;' in 'java/lang/invoke/InnerClassLambdaMetafactory')}
  0x0000020be6049ef4: 483b 0048 | ba08 47f4 | fc0b 0200 | 0048 8382 | 7005 0000 

  0x0000020be6049f08: ;   {metadata(method data for {method} {0x0000020bfb455bc8} 'visitEnd' '()V' in 'jdk/internal/org/objectweb/asm/FieldWriter')}
  0x0000020be6049f08: 0148 ba60 | a807 fc0b | 0200 008b | b2cc 0000 | 0083 c602 | 89b2 cc00 | 0000 81e6 | feff 1f00 
  0x0000020be6049f28: 85f6 0f84 | a50d 0000 | 8b9c 24b4 | 0000 00ff 

  0x0000020be6049f38: ;   {metadata(method data for {method} {0x0000020bfb46acb8} 'generateInnerClass' '()Ljava/lang/Class;' in 'java/lang/invoke/InnerClassLambdaMetafactory')}
  0x0000020be6049f38: c348 ba08 | 47f4 fc0b | 0200 008b | b2d0 0000 | 0083 c602 | 89b2 d000 | 0000 81e6 | fe3f 0000 
  0x0000020be6049f58: 85f6 0f84 | 960d 0000 | 4d8b 9750 

  0x0000020be6049f64: ; ImmutableOopMap {[120]=Oop }
                      ;*goto {reexecute=1 rethrow=0 return_oop=0}
                      ; - (reexecute) java.lang.invoke.InnerClassLambdaMetafactory::generateInnerClass@253
                      ;   {poll}
  0x0000020be6049f64: 0400 0041 

  0x0000020be6049f68: ;   {metadata(method data for {method} {0x0000020bfb46acb8} 'generateInnerClass' '()Ljava/lang/Class;' in 'java/lang/invoke/InnerClassLambdaMetafactory')}
  0x0000020be6049f68: 8502 48ba | 0847 f4fc | 0b02 0000 | ff82 a805 | 0000 488b | 5424 7844 | 8b42 6045 | 8b48 0c41 
  0x0000020be6049f88: ;   {metadata(method data for {method} {0x0000020bfb46acb8} 'generateInnerClass' '()Ljava/lang/Class;' in 'java/lang/invoke/InnerClassLambdaMetafactory')}
  0x0000020be6049f88: 3bd9 49b9 | 0847 f4fc | 0b02 0000 | 48c7 c728 | 0500 007c | 0748 c7c7 | 1805 0000 | 498b 3439 
  0x0000020be6049fa8: 488d 7601 | 4989 3439 | 0f8c d2fe | ffff 488b 

  0x0000020be6049fb8: ;   {metadata(method data for {method} {0x0000020bfb46acb8} 'generateInnerClass' '()Ljava/lang/Class;' in 'java/lang/invoke/InnerClassLambdaMetafactory')}
  0x0000020be6049fb8: f248 bf08 | 47f4 fc0b | 0200 0048 | 8387 c005 | 0000 0148 | 8bf2 488b | d666 0f1f 

  0x0000020be6049fd4: ;   {optimized virtual_call}
  0x0000020be6049fd4: 4400 00e8 

  0x0000020be6049fd8: ; ImmutableOopMap {[120]=Oop }
                      ;*invokevirtual generateConstructor {reexecute=0 rethrow=0 return_oop=0}
                      ; - java.lang.invoke.InnerClassLambdaMetafactory::generateInnerClass@257
  0x0000020be6049fd8: c4ce ffff 

  0x0000020be6049fdc: ;   {other}
  0x0000020be6049fdc: 0f1f 8400 | cc12 000f | 488b 5424 | 7844 8b42 | 1c49 3b00 

  0x0000020be6049ff0: ;   {metadata(method data for {method} {0x0000020bfb46acb8} 'generateInnerClass' '()Ljava/lang/Class;' in 'java/lang/invoke/InnerClassLambdaMetafactory')}
  0x0000020be6049ff0: 498b f048 | bf08 47f4 | fc0b 0200 | 0048 8387 | f805 0000 

  0x0000020be604a004: ;   {metadata(method data for {method} {0x0000020bfb0b8980} 'parameterCount' '()I' in 'java/lang/invoke/MethodType')}
  0x0000020be604a004: 0148 bea0 | 274b fb0b | 0200 008b | becc 0000 | 0083 c702 | 89be cc00 | 0000 81e7 | feff 1f00 
  0x0000020be604a024: 85ff 0f84 | f50c 0000 | 458b 4010 

  0x0000020be604a030: ; implicit exception: dispatches to 0x0000020be604ad42
  0x0000020be604a030: 458b 400c 

  0x0000020be604a034: ;   {metadata(method data for {method} {0x0000020bfb46acb8} 'generateInnerClass' '()Ljava/lang/Class;' in 'java/lang/invoke/InnerClassLambdaMetafactory')}
  0x0000020be604a034: 4585 c049 | b808 47f4 | fc0b 0200 | 0048 c7c6 | 3006 0000 | 7507 48c7 | c640 0600 | 0049 8b3c 
  0x0000020be604a054: 3048 8d7f | 0149 893c | 300f 8511 

  0x0000020be604a060: ;   {metadata(method data for {method} {0x0000020bfb46acb8} 'generateInnerClass' '()Ljava/lang/Class;' in 'java/lang/invoke/InnerClassLambdaMetafactory')}
  0x0000020be604a060: 0000 0049 | b808 47f4 | fc0b 0200 | 0041 ff80 | 5006 0000 | 8b72 588b | 7a24 8b5a | 2848 3b03 
  0x0000020be604a080: ;   {metadata(method data for {method} {0x0000020bfb46acb8} 'generateInnerClass' '()Ljava/lang/Class;' in 'java/lang/invoke/InnerClassLambdaMetafactory')}
  0x0000020be604a080: 4c8b c348 | b808 47f4 | fc0b 0200 | 0048 8380 | a806 0000 

  0x0000020be604a094: ;   {metadata(method data for {method} {0x0000020bfb0b9cc8} 'toMethodDescriptorString' '()Ljava/lang/String;' in 'java/lang/invoke/MethodType')}
  0x0000020be604a094: 0149 b8b0 | 4f9c fb0b | 0200 0041 | 8b80 cc00 | 0000 83c0 | 0241 8980 | cc00 0000 | 25fe ff1f 
  0x0000020be604a0b4: 0085 c00f | 848f 0c00 | 0044 8b43 | 204d 85c0 

  0x0000020be604a0c4: ;   {metadata(method data for {method} {0x0000020bfb0b9cc8} 'toMethodDescriptorString' '()Ljava/lang/String;' in 'java/lang/invoke/MethodType')}
  0x0000020be604a0c4: 48b8 b04f | 9cfb 0b02 | 0000 48c7 | c120 0100 | 0074 0748 | c7c1 1001 | 0000 4c8b | 0c08 4d8d 
  0x0000020be604a0e4: 4901 4c89 | 0c08 0f84 | 1800 0000 | 498b d848 | 89bc 24c8 | 0000 0048 | 89b4 24c0 | 0000 00e9 
  0x0000020be604a104: 7800 0000 | 4889 bc24 | c800 0000 | 4889 b424 | c000 0000 | 448b 430c 

  0x0000020be604a11c: ;   {metadata(method data for {method} {0x0000020bfb0b9cc8} 'toMethodDescriptorString' '()Ljava/lang/String;' in 'java/lang/invoke/MethodType')}
  0x0000020be604a11c: 8b43 1048 | b9b0 4f9c | fb0b 0200 | 0048 8381 | 3001 0000 | 0149 8bd0 | 4c8b c048 | 899c 24b8 
  0x0000020be604a13c: ;   {static_call}
  0x0000020be604a13c: 0000 00e8 

  0x0000020be604a140: ; ImmutableOopMap {[120]=Oop [184]=Oop [192]=Oop [200]=Oop }
                      ;*invokestatic unparseMethod {reexecute=0 rethrow=0 return_oop=0}
                      ; - java.lang.invoke.MethodType::toMethodDescriptorString@17
                      ; - java.lang.invoke.InnerClassLambdaMetafactory::generateInnerClass@293
  0x0000020be604a140: fcc7 3700 

  0x0000020be604a144: ;   {other}
  0x0000020be604a144: 0f1f 8400 | 3414 0010 | 450f be47 | 4045 85c0 | 488b 9c24 | b800 0000 | 0f85 0b0c | 0000 4c8b 
  0x0000020be604a164: d044 8953 | 204c 8bc3 | 4c33 c049 | c1e8 1449 | 83f8 000f | 850c 0c00 | 0048 8bd8 | 488b bc24 
  0x0000020be604a184: c800 0000 | 488b 9424 | c000 0000 

  0x0000020be604a190: ; implicit exception: dispatches to 0x0000020be604ada1
  0x0000020be604a190: 483b 0248 

  0x0000020be604a194: ;   {metadata(method data for {method} {0x0000020bfb46acb8} 'generateInnerClass' '()Ljava/lang/Class;' in 'java/lang/invoke/InnerClassLambdaMetafactory')}
  0x0000020be604a194: 8bf2 49b8 | 0847 f4fc | 0b02 0000 | 4983 80e0 | 0600 0001 | 41b8 0100 | 0000 4c8b | cf48 8bfb 
  0x0000020be604a1b4: ;   {oop(nullptr)}
  0x0000020be604a1b4: 48be 0000 | 0000 0000 

  0x0000020be604a1bc: ;   {oop(nullptr)}
  0x0000020be604a1bc: 0000 48b9 | 0000 0000 | 0000 0000 | 0f1f 8000 

  0x0000020be604a1cc: ;   {optimized virtual_call}
  0x0000020be604a1cc: 0000 00e8 

  0x0000020be604a1d0: ; ImmutableOopMap {[120]=Oop }
                      ;*invokevirtual visitMethod {reexecute=0 rethrow=0 return_oop=0}
                      ; - java.lang.invoke.InnerClassLambdaMetafactory::generateInnerClass@298
  0x0000020be604a1d0: 0c0e cf07 

  0x0000020be604a1d4: ;   {other}
  0x0000020be604a1d4: 0f1f 8400 | c414 0011 

  0x0000020be604a1dc: ;   {metadata('java/lang/invoke/InnerClassLambdaMetafactory$ForwardingMethodGenerator')}
  0x0000020be604a1dc: 4c8b c848 | bad0 4601 | 0001 0000 | 0049 8b87 | b801 0000 | 488d 7818 | 493b bfc8 | 0100 000f 
  0x0000020be604a1fc: 87a5 0b00 | 0049 89bf | b801 0000 | 48c7 0001 | 0000 0048 | 8bca 48c1 | e903 8948 | 0848 33c9 
  0x0000020be604a21c: 8948 0c48 | 33c9 4889 | 4810 4c8b 

  0x0000020be604a228: ;   {metadata(method data for {method} {0x0000020bfb46acb8} 'generateInnerClass' '()Ljava/lang/Class;' in 'java/lang/invoke/InnerClassLambdaMetafactory')}
  0x0000020be604a228: c048 ba08 | 47f4 fc0b | 0200 0048 | 8382 1807 

  0x0000020be604a238: ;   {metadata(method data for {method} {0x0000020bfb4755c0} '<init>' '(Ljava/lang/invoke/InnerClassLambdaMetafactory;Ljdk/internal/org/objectweb/asm/MethodVisitor;)V' in 'java/lang/invoke/InnerClassLambdaMetafactory$ForwardingMethodGenerator')}
  0x0000020be604a238: 0000 0149 | b810 57f4 | fc0b 0200 | 0041 8b90 | cc00 0000 | 83c2 0241 | 8990 cc00 | 0000 81e2 
  0x0000020be604a258: feff 1f00 | 85d2 0f84 | 4f0b 0000 | 450f be47 | 4045 85c0 | 0f85 620b | 0000 488b | 5424 784c 
  0x0000020be604a278: 8bd2 4489 | 5014 4c8b | c04c 33c2 | 49c1 e814 | 4983 f800 | 0f85 5e0b | 0000 4c8b 

  0x0000020be604a294: ;   {metadata(method data for {method} {0x0000020bfb4755c0} '<init>' '(Ljava/lang/invoke/InnerClassLambdaMetafactory;Ljdk/internal/org/objectweb/asm/MethodVisitor;)V' in 'java/lang/invoke/InnerClassLambdaMetafactory$ForwardingMethodGenerator')}
  0x0000020be604a294: c048 be10 | 57f4 fc0b | 0200 0048 | 8386 1001 

  0x0000020be604a2a4: ;   {metadata(method data for {method} {0x0000020bfb476760} '<init>' '(Ljdk/internal/org/objectweb/asm/MethodVisitor;)V' in 'java/lang/invoke/TypeConvertingMethodAdapter')}
  0x0000020be604a2a4: 0000 0149 | b820 a3f0 | fc0b 0200 | 0041 8bb0 | cc00 0000 | 83c6 0241 | 89b0 cc00 | 0000 81e6 
  0x0000020be604a2c4: feff 1f00 | 85f6 0f84 | 380b 0000 

  0x0000020be604a2d0: ;   {metadata(method data for {method} {0x0000020bfb476760} '<init>' '(Ljdk/internal/org/objectweb/asm/MethodVisitor;)V' in 'java/lang/invoke/TypeConvertingMethodAdapter')}
  0x0000020be604a2d0: 4c8b c048 | be20 a3f0 | fc0b 0200 | 0048 8386 | 1001 0000 | 0141 b800 | 0007 0048 | 8bd0 4889 
  0x0000020be604a2f0: 8424 d000 

  0x0000020be604a2f4: ;   {optimized virtual_call}
  0x0000020be604a2f4: 0000 90e8 

  0x0000020be604a2f8: ; ImmutableOopMap {[120]=Oop [208]=Oop }
                      ;*invokespecial <init> {reexecute=0 rethrow=0 return_oop=0}
                      ; - java.lang.invoke.TypeConvertingMethodAdapter::<init>@4
                      ; - java.lang.invoke.InnerClassLambdaMetafactory$ForwardingMethodGenerator::<init>@7
                      ; - java.lang.invoke.InnerClassLambdaMetafactory::generateInnerClass@310
  0x0000020be604a2f8: c490 c907 

  0x0000020be604a2fc: ;   {other}
  0x0000020be604a2fc: 0f1f 8400 | ec15 0012 | 488b 5424 | 7844 8b42 | 2848 8b84 | 24d0 0000 

  0x0000020be604a314: ;   {metadata(method data for {method} {0x0000020bfb46acb8} 'generateInnerClass' '()Ljava/lang/Class;' in 'java/lang/invoke/InnerClassLambdaMetafactory')}
  0x0000020be604a314: 0048 be08 | 47f4 fc0b | 0200 0048 | 8386 4007 | 0000 0148 | 8b94 24d0 

  0x0000020be604a32c: ;   {optimized virtual_call}
  0x0000020be604a32c: 0000 00e8 

  0x0000020be604a330: ; ImmutableOopMap {[120]=Oop }
                      ;*invokevirtual generate {reexecute=0 rethrow=0 return_oop=0}
                      ; - java.lang.invoke.InnerClassLambdaMetafactory::generateInnerClass@317
  0x0000020be604a330: aca4 ffff 

  0x0000020be604a334: ;   {other}
  0x0000020be604a334: 0f1f 8400 | 2416 0013 | 488b 5424 | 788b 7244 | 4889 b424 | f800 0000 

  0x0000020be604a34c: ;   {metadata(method data for {method} {0x0000020bfb46acb8} 'generateInnerClass' '()Ljava/lang/Class;' in 'java/lang/invoke/InnerClassLambdaMetafactory')}
  0x0000020be604a34c: 4885 f649 | b808 47f4 | fc0b 0200 | 0048 c7c7 | 6007 0000 | 7407 48c7 | c770 0700 | 0049 8b1c 
  0x0000020be604a36c: 3848 8d5b | 0149 891c | 380f 8494 | 0300 008b | 7e0c 89bc | 24f4 0000 | 00bb 0000 | 0000 660f 
  0x0000020be604a38c: 1f44 0000 

  0x0000020be604a390: ;   {metadata(method data for {method} {0x0000020bfb46acb8} 'generateInnerClass' '()Ljava/lang/Class;' in 'java/lang/invoke/InnerClassLambdaMetafactory')}
  0x0000020be604a390: 3bdf 49b8 | 0847 f4fc | 0b02 0000 | 48c7 c080 | 0700 007d | 0748 c7c0 | 9007 0000 | 498b 0c00 
  0x0000020be604a3b0: 488d 4901 | 4989 0c00 | 0f8d 5103 | 0000 4c63 | c342 8b44 | 8610 4889 | 8424 d800 | 0000 8b4a 
  0x0000020be604a3d0: 5844 8b4a | 2448 3b00 

  0x0000020be604a3d8: ;   {metadata(method data for {method} {0x0000020bfb46acb8} 'generateInnerClass' '()Ljava/lang/Class;' in 'java/lang/invoke/InnerClassLambdaMetafactory')}
  0x0000020be604a3d8: 4c8b c049 | bb08 47f4 | fc0b 0200 | 0049 8383 | a007 0000 

  0x0000020be604a3ec: ;   {metadata(method data for {method} {0x0000020bfb0b9cc8} 'toMethodDescriptorString' '()Ljava/lang/String;' in 'java/lang/invoke/MethodType')}
  0x0000020be604a3ec: 0149 b8b0 | 4f9c fb0b | 0200 0045 | 8b98 cc00 | 0000 4183 | c302 4589 | 98cc 0000 | 0041 81e3 
  0x0000020be604a40c: feff 1f00 | 4585 db0f | 841a 0a00 | 0044 8b40 | 204d 85c0 

  0x0000020be604a420: ;   {metadata(method data for {method} {0x0000020bfb0b9cc8} 'toMethodDescriptorString' '()Ljava/lang/String;' in 'java/lang/invoke/MethodType')}
  0x0000020be604a420: 49bb b04f | 9cfb 0b02 | 0000 49c7 | c520 0100 | 0074 0749 | c7c5 1001 | 0000 4f8b | 342b 4d8d 
  0x0000020be604a440: 7601 4f89 | 342b 0f84 | 2200 0000 | 4d8b d84c | 898c 24e8 | 0000 0048 | 898c 24e0 | 0000 0089 
  0x0000020be604a460: 9c24 f000 | 0000 488b | d8e9 7a00 | 0000 4c89 | 8c24 e800 | 0000 4889 | 8c24 e000 | 0000 899c 
  0x0000020be604a480: 24f0 0000 | 0044 8b40 | 0c44 8b58 

  0x0000020be604a48c: ;   {metadata(method data for {method} {0x0000020bfb0b9cc8} 'toMethodDescriptorString' '()Ljava/lang/String;' in 'java/lang/invoke/MethodType')}
  0x0000020be604a48c: 1049 bdb0 | 4f9c fb0b | 0200 0049 | 8385 3001 | 0000 0149 | 8bd0 4d8b 

  0x0000020be604a4a4: ;   {static_call}
  0x0000020be604a4a4: c366 90e8 

  0x0000020be604a4a8: ; ImmutableOopMap {[120]=Oop [216]=Oop [224]=Oop [232]=Oop [248]=Oop }
                      ;*invokestatic unparseMethod {reexecute=0 rethrow=0 return_oop=0}
                      ; - java.lang.invoke.MethodType::toMethodDescriptorString@17
                      ; - java.lang.invoke.InnerClassLambdaMetafactory::generateInnerClass@366
  0x0000020be604a4a8: d453 5207 

  0x0000020be604a4ac: ;   {other}
  0x0000020be604a4ac: 0f1f 8400 | 9c17 0014 | 450f be47 | 4045 85c0 | 488b 9c24 | d800 0000 | 0f85 8a09 | 0000 4c8b 
  0x0000020be604a4cc: d044 8953 | 204c 8bc3 | 4c33 c049 | c1e8 1449 | 83f8 000f | 858b 0900 | 004c 8bd8 | 4c8b 8c24 
  0x0000020be604a4ec: e800 0000 | 488b 9424 | e000 0000 

  0x0000020be604a4f8: ; implicit exception: dispatches to 0x0000020be604ae88
  0x0000020be604a4f8: 483b 0248 

  0x0000020be604a4fc: ;   {metadata(method data for {method} {0x0000020bfb46acb8} 'generateInnerClass' '()Ljava/lang/Class;' in 'java/lang/invoke/InnerClassLambdaMetafactory')}
  0x0000020be604a4fc: 8bca 49b8 | 0847 f4fc | 0b02 0000 | 4983 80d8 | 0700 0001 | 41b8 0100 | 0000 498b 

  0x0000020be604a518: ;   {oop(nullptr)}
  0x0000020be604a518: fb48 be00 | 0000 0000 

  0x0000020be604a520: ;   {oop(nullptr)}
  0x0000020be604a520: 0000 0048 | b900 0000 | 0000 0000 

  0x0000020be604a52c: ;   {optimized virtual_call}
  0x0000020be604a52c: 0066 90e8 

  0x0000020be604a530: ; ImmutableOopMap {[120]=Oop [216]=Oop [248]=Oop }
                      ;*invokevirtual visitMethod {reexecute=0 rethrow=0 return_oop=0}
                      ; - java.lang.invoke.InnerClassLambdaMetafactory::generateInnerClass@371
  0x0000020be604a530: 4c49 5207 

  0x0000020be604a534: ;   {other}
  0x0000020be604a534: 0f1f 8400 | 2418 0015 

  0x0000020be604a53c: ;   {metadata('java/lang/invoke/InnerClassLambdaMetafactory$ForwardingMethodGenerator')}
  0x0000020be604a53c: 4c8b c848 | bad0 4601 | 0001 0000 | 0049 8b87 | b801 0000 | 488d 7818 | 493b bfc8 | 0100 000f 
  0x0000020be604a55c: 872c 0900 | 0049 89bf | b801 0000 | 48c7 0001 | 0000 0048 | 8bca 48c1 | e903 8948 | 0848 33c9 
  0x0000020be604a57c: 8948 0c48 | 33c9 4889 | 4810 4c8b 

  0x0000020be604a588: ;   {metadata(method data for {method} {0x0000020bfb46acb8} 'generateInnerClass' '()Ljava/lang/Class;' in 'java/lang/invoke/InnerClassLambdaMetafactory')}
  0x0000020be604a588: c048 ba08 | 47f4 fc0b | 0200 0048 | 8382 1008 

  0x0000020be604a598: ;   {metadata(method data for {method} {0x0000020bfb4755c0} '<init>' '(Ljava/lang/invoke/InnerClassLambdaMetafactory;Ljdk/internal/org/objectweb/asm/MethodVisitor;)V' in 'java/lang/invoke/InnerClassLambdaMetafactory$ForwardingMethodGenerator')}
  0x0000020be604a598: 0000 0149 | b810 57f4 | fc0b 0200 | 0041 8b90 | cc00 0000 | 83c2 0241 | 8990 cc00 | 0000 81e2 
  0x0000020be604a5b8: feff 1f00 | 85d2 0f84 | d608 0000 | 450f be47 | 4045 85c0 | 0f85 e908 | 0000 488b | 5424 784c 
  0x0000020be604a5d8: 8bd2 4489 | 5014 4c8b | c04c 33c2 | 49c1 e814 | 4983 f800 | 0f85 e508 | 0000 4c8b 

  0x0000020be604a5f4: ;   {metadata(method data for {method} {0x0000020bfb4755c0} '<init>' '(Ljava/lang/invoke/InnerClassLambdaMetafactory;Ljdk/internal/org/objectweb/asm/MethodVisitor;)V' in 'java/lang/invoke/InnerClassLambdaMetafactory$ForwardingMethodGenerator')}
  0x0000020be604a5f4: c048 be10 | 57f4 fc0b | 0200 0048 | 8386 1001 

  0x0000020be604a604: ;   {metadata(method data for {method} {0x0000020bfb476760} '<init>' '(Ljdk/internal/org/objectweb/asm/MethodVisitor;)V' in 'java/lang/invoke/TypeConvertingMethodAdapter')}
  0x0000020be604a604: 0000 0149 | b820 a3f0 | fc0b 0200 | 0041 8bb0 | cc00 0000 | 83c6 0241 | 89b0 cc00 | 0000 81e6 
  0x0000020be604a624: feff 1f00 | 85f6 0f84 | bf08 0000 

  0x0000020be604a630: ;   {metadata(method data for {method} {0x0000020bfb476760} '<init>' '(Ljdk/internal/org/objectweb/asm/MethodVisitor;)V' in 'java/lang/invoke/TypeConvertingMethodAdapter')}
  0x0000020be604a630: 4c8b c048 | be20 a3f0 | fc0b 0200 | 0048 8386 | 1001 0000 | 0141 b800 | 0007 0048 | 8bd0 4889 
  0x0000020be604a650: 8424 0001 

  0x0000020be604a654: ;   {optimized virtual_call}
  0x0000020be604a654: 0000 90e8 

  0x0000020be604a658: ; ImmutableOopMap {[120]=Oop [216]=Oop [248]=Oop [256]=Oop }
                      ;*invokespecial <init> {reexecute=0 rethrow=0 return_oop=0}
                      ; - java.lang.invoke.TypeConvertingMethodAdapter::<init>@4
                      ; - java.lang.invoke.InnerClassLambdaMetafactory$ForwardingMethodGenerator::<init>@7
                      ; - java.lang.invoke.InnerClassLambdaMetafactory::generateInnerClass@383
  0x0000020be604a658: 2448 5207 

  0x0000020be604a65c: ;   {other}
  0x0000020be604a65c: 0f1f 8400 | 4c19 0016 | 488b 8424 | 0001 0000 

  0x0000020be604a66c: ;   {metadata(method data for {method} {0x0000020bfb46acb8} 'generateInnerClass' '()Ljava/lang/Class;' in 'java/lang/invoke/InnerClassLambdaMetafactory')}
  0x0000020be604a66c: 49b8 0847 | f4fc 0b02 

  0x0000020be604a674: ;   {metadata('java/lang/invoke/InnerClassLambdaMetafactory$ForwardingMethodGenerator')}
  0x0000020be604a674: 0000 49ba | d046 0100 | 0100 0000 | 4d89 9030 | 0800 0049 | 8380 3808 | 0000 014c | 8b84 24d8 
  0x0000020be604a694: 0000 0048 | 8b94 2400 

  0x0000020be604a69c: ;   {optimized virtual_call}
  0x0000020be604a69c: 0100 00e8 

  0x0000020be604a6a0: ; ImmutableOopMap {[120]=Oop [248]=Oop }
                      ;*invokevirtual generate {reexecute=0 rethrow=0 return_oop=0}
                      ; - java.lang.invoke.InnerClassLambdaMetafactory::generateInnerClass@388
  0x0000020be604a6a0: dc47 5207 

  0x0000020be604a6a4: ;   {other}
  0x0000020be604a6a4: 0f1f 8400 | 9419 0017 | 8b9c 24f0 | 0000 00ff 

  0x0000020be604a6b4: ;   {metadata(method data for {method} {0x0000020bfb46acb8} 'generateInnerClass' '()Ljava/lang/Class;' in 'java/lang/invoke/InnerClassLambdaMetafactory')}
  0x0000020be604a6b4: c348 ba08 | 47f4 fc0b | 0200 008b | b2d0 0000 | 0083 c602 | 89b2 d000 | 0000 81e6 | fe3f 0000 
  0x0000020be604a6d4: 85f6 0f84 | 3408 0000 | 4d8b 9750 

  0x0000020be604a6e0: ; ImmutableOopMap {[120]=Oop [248]=Oop }
                      ;*goto {reexecute=1 rethrow=0 return_oop=0}
                      ; - (reexecute) java.lang.invoke.InnerClassLambdaMetafactory::generateInnerClass@394
                      ;   {poll}
  0x0000020be604a6e0: 0400 0041 

  0x0000020be604a6e4: ;   {metadata(method data for {method} {0x0000020bfb46acb8} 'generateInnerClass' '()Ljava/lang/Class;' in 'java/lang/invoke/InnerClassLambdaMetafactory')}
  0x0000020be604a6e4: 8502 48ba | 0847 f4fc | 0b02 0000 | ff82 5808 | 0000 8bbc | 24f4 0000 | 0048 8bb4 | 24f8 0000 
  0x0000020be604a704: 0048 8b54 | 2478 e981 | fcff ff0f | be72 1185 

  0x0000020be604a714: ;   {metadata(method data for {method} {0x0000020bfb46acb8} 'generateInnerClass' '()Ljava/lang/Class;' in 'java/lang/invoke/InnerClassLambdaMetafactory')}
  0x0000020be604a714: f648 be08 | 47f4 fc0b | 0200 0048 | c7c7 7008 | 0000 7407 | 48c7 c780 | 0800 0048 | 8b1c 3e48 
  0x0000020be604a734: 8d5b 0148 | 891c 3e0f | 8440 0000 | 0048 8bf2 

  0x0000020be604a744: ;   {metadata(method data for {method} {0x0000020bfb46acb8} 'generateInnerClass' '()Ljava/lang/Class;' in 'java/lang/invoke/InnerClassLambdaMetafactory')}
  0x0000020be604a744: 48bf 0847 | f4fc 0b02 | 0000 4883 | 8790 0800 | 0001 488b | f248 8bd6 

  0x0000020be604a75c: ;   {optimized virtual_call}
  0x0000020be604a75c: 6666 90e8 

  0x0000020be604a760: ; ImmutableOopMap {[120]=Oop }
                      ;*invokevirtual generateSerializationFriendlyMethods {reexecute=0 rethrow=0 return_oop=0}
                      ; - java.lang.invoke.InnerClassLambdaMetafactory::generateInnerClass@405
  0x0000020be604a760: 9c79 e801 

  0x0000020be604a764: ;   {other}
  0x0000020be604a764: 0f1f 8400 | 541a 0019 

  0x0000020be604a76c: ;   {metadata(method data for {method} {0x0000020bfb46acb8} 'generateInnerClass' '()Ljava/lang/Class;' in 'java/lang/invoke/InnerClassLambdaMetafactory')}
  0x0000020be604a76c: 48ba 0847 | f4fc 0b02 | 0000 ff82 | c808 0000 | e963 0000 | 0044 8b84 | 24b0 0000 | 0045 85c0 
  0x0000020be604a78c: ;   {metadata(method data for {method} {0x0000020bfb46acb8} 'generateInnerClass' '()Ljava/lang/Class;' in 'java/lang/invoke/InnerClassLambdaMetafactory')}
  0x0000020be604a78c: 48ba 0847 | f4fc 0b02 | 0000 48c7 | c6e0 0800 | 0074 0748 | c7c6 f008 | 0000 488b | 3c32 488d 
  0x0000020be604a7ac: 7f01 4889 | 3c32 0f84 | 2c00 0000 | 488b 5424 

  0x0000020be604a7bc: ;   {metadata(method data for {method} {0x0000020bfb46acb8} 'generateInnerClass' '()Ljava/lang/Class;' in 'java/lang/invoke/InnerClassLambdaMetafactory')}
  0x0000020be604a7bc: 7848 be08 | 47f4 fc0b | 0200 0048 | 8386 0009 | 0000 0148 | 8b54 2478 

  0x0000020be604a7d4: ;   {optimized virtual_call}
  0x0000020be604a7d4: 6666 90e8 

  0x0000020be604a7d8: ; ImmutableOopMap {[120]=Oop }
                      ;*invokevirtual generateSerializationHostileMethods {reexecute=0 rethrow=0 return_oop=0}
                      ; - java.lang.invoke.InnerClassLambdaMetafactory::generateInnerClass@416
  0x0000020be604a7d8: a446 5207 

  0x0000020be604a7dc: ;   {other}
  0x0000020be604a7dc: 0f1f 8400 | cc1a 001a | 488b 5424 | 788b 7258 

  0x0000020be604a7ec: ; implicit exception: dispatches to 0x0000020be604af31
  0x0000020be604a7ec: 483b 0648 

  0x0000020be604a7f0: ;   {metadata(method data for {method} {0x0000020bfb46acb8} 'generateInnerClass' '()Ljava/lang/Class;' in 'java/lang/invoke/InnerClassLambdaMetafactory')}
  0x0000020be604a7f0: 8bfe 48bb | 0847 f4fc | 0b02 0000 | 4883 8338 | 0900 0001 

  0x0000020be604a804: ;   {metadata(method data for {method} {0x0000020bfb42b988} 'visitEnd' '()V' in 'jdk/internal/org/objectweb/asm/ClassWriter')}
  0x0000020be604a804: 48bf 4877 | 2cfc 0b02 | 0000 8b9f | cc00 0000 | 83c3 0289 | 9fcc 0000 | 0081 e3fe | ff1f 0085 
  0x0000020be604a824: db0f 840b | 0700 0048 

  0x0000020be604a82c: ;   {metadata(method data for {method} {0x0000020bfb46acb8} 'generateInnerClass' '()Ljava/lang/Class;' in 'java/lang/invoke/InnerClassLambdaMetafactory')}
  0x0000020be604a82c: 8bfe 48bb | 0847 f4fc | 0b02 0000 | 8b7f 0848 | c1e7 0348 | 3bbb 8009 | 0000 750d | 4883 8388 
  0x0000020be604a84c: 0900 0001 | e960 0000 | 0048 3bbb | 9009 0000 | 750d 4883 | 8398 0900 | 0001 e94a | 0000 0048 
  0x0000020be604a86c: 83bb 8009 | 0000 0075 | 1748 89bb | 8009 0000 | 48c7 8388 | 0900 0001 | 0000 00e9 | 2900 0000 
  0x0000020be604a88c: 4883 bb90 | 0900 0000 | 7517 4889 | bb90 0900 | 0048 c783 | 9809 0000 | 0100 0000 | e908 0000 
  0x0000020be604a8ac: 0048 8383 | 7009 0000 | 0148 8bd6 | 0f1f 8000 

  0x0000020be604a8bc: ;   {optimized virtual_call}
  0x0000020be604a8bc: 0000 00e8 

  0x0000020be604a8c0: ; ImmutableOopMap {[120]=Oop }
                      ;*invokevirtual toByteArray {reexecute=0 rethrow=0 return_oop=0}
                      ; - java.lang.invoke.InnerClassLambdaMetafactory::generateInnerClass@430
  0x0000020be604a8c0: 5c52 ff07 

  0x0000020be604a8c4: ;   {other}
  0x0000020be604a8c4: 0f1f 8400 | b41b 001b | 488b 5424 | 780f be72 

  0x0000020be604a8d4: ;   {metadata(method data for {method} {0x0000020bfb46acb8} 'generateInnerClass' '()Ljava/lang/Class;' in 'java/lang/invoke/InnerClassLambdaMetafactory')}
  0x0000020be604a8d4: 1285 f648 | be08 47f4 | fc0b 0200 | 0048 c7c7 | a809 0000 | 7407 48c7 | c7b8 0900 | 0048 8b0c 
  0x0000020be604a8f4: 3e48 8d49 | 0148 890c | 3e0f 8418 | 0000 008b 

  0x0000020be604a904: ;   {metadata(method data for {method} {0x0000020bfb46acb8} 'generateInnerClass' '()Ljava/lang/Class;' in 'java/lang/invoke/InnerClassLambdaMetafactory')}
  0x0000020be604a904: 722c 48bf | 0847 f4fc | 0b02 0000 | ff87 c809 | 0000 e90a 

  0x0000020be604a918: ;   {oop(nullptr)}
  0x0000020be604a918: 0000 0048 | be00 0000 | 0000 0000 | 0048 89b4 | 2428 0100 | 0048 8984 | 2418 0100 | 008b 5a14 
  0x0000020be604a938: 448b 5a64 

  0x0000020be604a93c: ;   {metadata(method data for {method} {0x0000020bfb46acb8} 'generateInnerClass' '()Ljava/lang/Class;' in 'java/lang/invoke/InnerClassLambdaMetafactory')}
  0x0000020be604a93c: 48ba 0847 | f4fc 0b02 | 0000 4883 | 82e0 0900 

  0x0000020be604a94c: ;   {metadata(method data for {method} {0x0000020bfb173120} 'of' '(Ljava/lang/Object;Ljava/lang/Object;)Ljava/util/Set;' in 'java/util/Set')}
  0x0000020be604a94c: 0001 48ba | 689e 2afc | 0b02 0000 | 8bba cc00 | 0000 83c7 | 0289 bacc | 0000 0081 | e7fe ff1f 
  0x0000020be604a96c: 0085 ff0f | 84e2 0500 

  0x0000020be604a974: ;   {metadata('java/util/ImmutableCollections$Set12')}
  0x0000020be604a974: 0048 ba48 | fc05 0001 | 0000 0049 | 8b87 b801 | 0000 488d | 7818 493b | bfc8 0100 | 000f 87e1 
  0x0000020be604a994: 0500 0049 | 89bf b801 | 0000 48c7 | 0001 0000 | 0048 8bca | 48c1 e903 | 8948 0848 | 33c9 8948 
  0x0000020be604a9b4: 0c48 33c9 | 4889 4810 

  0x0000020be604a9bc: ;   {metadata(method data for {method} {0x0000020bfb173120} 'of' '(Ljava/lang/Object;Ljava/lang/Object;)Ljava/util/Set;' in 'java/util/Set')}
  0x0000020be604a9bc: 4c8b c049 | b968 9e2a | fc0b 0200 | 0049 8381 | 1001 0000 

  0x0000020be604a9d0: ;   {oop(a 'java/lang/invoke/MethodHandles$Lookup$ClassOption'{0x00000000805af268})}
  0x0000020be604a9d0: 0149 b868 | f25a 8000 

  0x0000020be604a9d8: ;   {oop(a 'java/lang/invoke/MethodHandles$Lookup$ClassOption'{0x00000000805af248})}
  0x0000020be604a9d8: 0000 0049 | b948 f25a | 8000 0000 | 0048 8bd0 | 4889 8424 | 2001 0000 | 4c89 9c24 | 1001 0000 
  0x0000020be604a9f8: 4889 9c24 | 0801 0000 | 0f1f 8000 

  0x0000020be604aa04: ;   {optimized virtual_call}
  0x0000020be604aa04: 0000 00e8 

  0x0000020be604aa08: ; ImmutableOopMap {[264]=Oop [272]=Oop [280]=Oop [288]=Oop [296]=Oop }
                      ;*invokespecial <init> {reexecute=0 rethrow=0 return_oop=0}
                      ; - java.util.Set::of@6
                      ; - java.lang.invoke.InnerClassLambdaMetafactory::generateInnerClass@468
  0x0000020be604aa08: d4aa 5400 

  0x0000020be604aa0c: ;   {other}
  0x0000020be604aa0c: 0f1f 8400 | fc1c 001c | 488b 9c24 | 0801 0000 

  0x0000020be604aa1c: ; implicit exception: dispatches to 0x0000020be604af85
  0x0000020be604aa1c: 483b 034c 

  0x0000020be604aa20: ;   {metadata(method data for {method} {0x0000020bfb46acb8} 'generateInnerClass' '()Ljava/lang/Class;' in 'java/lang/invoke/InnerClassLambdaMetafactory')}
  0x0000020be604aa20: 8bc3 49b9 | 0847 f4fc | 0b02 0000 | 4983 81f0 | 0900 0001 | 4c8b 8424 | 1001 0000 | 4c8b 8c24 
  0x0000020be604aa40: 1801 0000 | 488b bc24 | 2001 0000 

  0x0000020be604aa4c: ;   {oop(a 'jdk/internal/util/ClassFileDumper'{0x00000000805acb40})}
  0x0000020be604aa4c: 48be 40cb | 5a80 0000 | 0000 488b | d366 0f1f 

  0x0000020be604aa5c: ;   {optimized virtual_call}
  0x0000020be604aa5c: 4400 00e8 

  0x0000020be604aa60: ; ImmutableOopMap {[296]=Oop }
                      ;*invokevirtual makeHiddenClassDefiner {reexecute=0 rethrow=0 return_oop=0}
                      ; - java.lang.invoke.InnerClassLambdaMetafactory::generateInnerClass@474
  0x0000020be604aa60: 1cc9 4100 

  0x0000020be604aa64: ;   {other}
  0x0000020be604aa64: 0f1f 8400 | 541d 001d 

  0x0000020be604aa6c: ;   {metadata(method data for {method} {0x0000020bfb46acb8} 'generateInnerClass' '()Ljava/lang/Class;' in 'java/lang/invoke/InnerClassLambdaMetafactory')}
  0x0000020be604aa6c: 49b8 0847 | f4fc 0b02 | 0000 41ff | 8038 0a00 

  0x0000020be604aa7c: ;   {metadata(method data for {method} {0x0000020bfb46acb8} 'generateInnerClass' '()Ljava/lang/Class;' in 'java/lang/invoke/InnerClassLambdaMetafactory')}
  0x0000020be604aa7c: 0049 b808 | 47f4 fc0b | 0200 0041 | ff80 480a | 0000 488b | b424 2801 | 0000 483b | 004c 8bc0 
  0x0000020be604aa9c: ;   {metadata(method data for {method} {0x0000020bfb46acb8} 'generateInnerClass' '()Ljava/lang/Class;' in 'java/lang/invoke/InnerClassLambdaMetafactory')}
  0x0000020be604aa9c: 49b9 0847 | f4fc 0b02 | 0000 4983 | 8178 0a00 | 0001 41b8 | 0100 0000 | 4c8b ce48 | 8bd0 0f1f 
  0x0000020be604aabc: ;   {optimized virtual_call}
  0x0000020be604aabc: 4400 00e8 

  0x0000020be604aac0: ; ImmutableOopMap {}
                      ;*invokevirtual defineClass {reexecute=0 rethrow=0 return_oop=0}
                      ; - java.lang.invoke.InnerClassLambdaMetafactory::generateInnerClass@490
  0x0000020be604aac0: 3ce1 7708 

  0x0000020be604aac4: ;   {other}
  0x0000020be604aac4: 0f1f 8400 | b41d 001e | 4881 c440 | 0100 005d 

  0x0000020be604aad4: ;   {poll_return}
  0x0000020be604aad4: 493b a748 | 0400 000f | 87ae 0400 | 00c3 498b | 87f8 0400 | 004d 33d2 | 4d89 97f8 | 0400 004d 
  0x0000020be604aaf4: 33d2 4d89 | 9700 0500 | 004c 8bc0 

  0x0000020be604ab00: ;   {no_reloc}
  0x0000020be604ab00: e9af 0400 | 0000 0000 | 0000 498b | 87b8 0100 | 0048 8d78 | 2849 3bbf | c801 0000 | 0f87 9c04 
  0x0000020be604ab20: 0000 4989 | bfb8 0100 | 0048 c700 | 0100 0000 | 488b ca48 | c1e9 0389 | 4808 4833 | c989 480c 
  0x0000020be604ab40: 4833 c948 | 8948 1048 | 8948 1848 | 8948 2048 

  0x0000020be604ab50: ;   {metadata(method data for {method} {0x0000020bfb46acb8} 'generateInnerClass' '()Ljava/lang/Class;' in 'java/lang/invoke/InnerClassLambdaMetafactory')}
  0x0000020be604ab50: 8bd0 48be | 0847 f4fc | 0b02 0000 | 4883 8698 | 0a00 0001 | 488b d048 | 8984 2430 

  0x0000020be604ab6c: ;   {optimized virtual_call}
  0x0000020be604ab6c: 0100 00e8 

  0x0000020be604ab70: ; ImmutableOopMap {[304]=Oop }
                      ;*invokespecial <init> {reexecute=0 rethrow=0 return_oop=0}
                      ; - java.lang.invoke.InnerClassLambdaMetafactory::generateInnerClass@502
  0x0000020be604ab70: 0c43 5207 

  0x0000020be604ab74: ;   {other}
  0x0000020be604ab74: 0f1f 8400 | 641e 001f | 488b 8424 | 3001 0000 | e95f 0400 

  0x0000020be604ab88: ;   {metadata({method} {0x0000020bfb46acb8} 'generateInnerClass' '()Ljava/lang/Class;' in 'java/lang/invoke/InnerClassLambdaMetafactory')}
  0x0000020be604ab88: 0049 bab0 | ac46 fb0b | 0200 004c | 8954 2408 | 48c7 0424 | ffff ffff 

  0x0000020be604aba0: ;   {runtime_call counter_overflow Runtime1 stub}
  0x0000020be604aba0: e8db 695f 

  0x0000020be604aba4: ; ImmutableOopMap {rdx=Oop [120]=Oop }
                      ;*synchronization entry
                      ; - java.lang.invoke.InnerClassLambdaMetafactory::generateInnerClass@-1
  0x0000020be604aba4: 07e9 81e6 

  0x0000020be604aba8: ;   {runtime_call throw_null_pointer_exception Runtime1 stub}
  0x0000020be604aba8: ffff e871 

  0x0000020be604abac: ; ImmutableOopMap {rdx=Oop rsi=Oop [120]=Oop }
                      ;*invokevirtual getName {reexecute=0 rethrow=0 return_oop=0}
                      ; - java.lang.invoke.InnerClassLambdaMetafactory::generateInnerClass@4
                      ;   {metadata({method} {0x0000020bfb017aa0} 'getName' '()Ljava/lang/String;' in 'java/lang/Class')}
  0x0000020be604abac: 075f 0749 | ba98 7a01 | fb0b 0200 | 004c 8954 | 2408 48c7 | 0424 ffff 

  0x0000020be604abc4: ;   {runtime_call counter_overflow Runtime1 stub}
  0x0000020be604abc4: ffff e8b5 

  0x0000020be604abc8: ; ImmutableOopMap {rdx=Oop rsi=Oop [120]=Oop }
                      ;*synchronization entry
                      ; - java.lang.Class::getName@-1
                      ; - java.lang.invoke.InnerClassLambdaMetafactory::generateInnerClass@4
  0x0000020be604abc8: 695f 07e9 | 9de6 ffff 

  0x0000020be604abd0: ;   {runtime_call throw_null_pointer_exception Runtime1 stub}
  0x0000020be604abd0: e84b 075f 

  0x0000020be604abd4: ; ImmutableOopMap {rdi=Oop [120]=Oop }
                      ;*invokevirtual replace {reexecute=0 rethrow=0 return_oop=0}
                      ; - java.lang.invoke.InnerClassLambdaMetafactory::generateInnerClass@11
                      ;   {runtime_call throw_null_pointer_exception Runtime1 stub}
  0x0000020be604abd4: 07e8 4607 

  0x0000020be604abd8: ; ImmutableOopMap {rdx=Oop [120]=Oop [128]=Oop }
                      ;*arraylength {reexecute=0 rethrow=0 return_oop=0}
                      ; - java.lang.invoke.InnerClassLambdaMetafactory::generateInnerClass@45
                      ;   {runtime_call new_object_array Runtime1 stub}
  0x0000020be604abd8: 5f07 e821 

  0x0000020be604abdc: ; ImmutableOopMap {r13=Oop [120]=Oop [128]=Oop }
                      ;*anewarray {reexecute=0 rethrow=0 return_oop=0}
                      ; - java.lang.invoke.InnerClassLambdaMetafactory::generateInnerClass@50
  0x0000020be604abdc: 1e5f 07e9 | c2e8 ffff 

  0x0000020be604abe4: ;   {runtime_call throw_null_pointer_exception Runtime1 stub}
  0x0000020be604abe4: e837 075f 

  0x0000020be604abe8: ; ImmutableOopMap {r13=Oop rax=Oop [120]=Oop [128]=Oop }
                      ;*aastore {reexecute=1 rethrow=0 return_oop=0}
                      ; - (reexecute) java.lang.invoke.InnerClassLambdaMetafactory::generateInnerClass@56
  0x0000020be604abe8: 074c 892c 

  0x0000020be604abec: ;   {runtime_call throw_array_store_exception Runtime1 stub}
  0x0000020be604abec: 24e8 2e30 

  0x0000020be604abf0: ; ImmutableOopMap {r13=Oop rax=Oop [120]=Oop [128]=Oop }
                      ;*aastore {reexecute=1 rethrow=0 return_oop=0}
                      ; - (reexecute) java.lang.invoke.InnerClassLambdaMetafactory::generateInnerClass@56
  0x0000020be604abf0: 5f07 8b32 | 4883 fe00 | 0f84 b3e9 | ffff 4889 

  0x0000020be604ac00: ;   {runtime_call g1_pre_barrier_slow}
  0x0000020be604ac00: 3424 e879 | 705f 07e9 | a5e9 ffff | 4983 fd00 | 0f84 b5e9 | ffff 4889 

  0x0000020be604ac18: ;   {runtime_call g1_post_barrier_slow}
  0x0000020be604ac18: 1424 e8e1 | 735f 07e9 | a7e9 ffff 

  0x0000020be604ac24: ;   {runtime_call throw_null_pointer_exception Runtime1 stub}
  0x0000020be604ac24: e8f7 065f 

  0x0000020be604ac28: ; ImmutableOopMap {rax=Oop [120]=Oop [128]=Oop [144]=Oop }
                      ;*invokeinterface add {reexecute=0 rethrow=0 return_oop=0}
                      ; - java.lang.invoke.InnerClassLambdaMetafactory::generateInnerClass@76
                      ;   {metadata({method} {0x0000020bfb2e5010} 'add' '(Ljava/lang/Object;)Z' in 'java/util/HashSet')}
  0x0000020be604ac28: 0749 ba08 | 502e fb0b | 0200 004c | 8954 2408 | 48c7 0424 | ffff ffff 

  0x0000020be604ac40: ;   {runtime_call counter_overflow Runtime1 stub}
  0x0000020be604ac40: e83b 695f 

  0x0000020be604ac44: ; ImmutableOopMap {rax=Oop [120]=Oop [128]=Oop [144]=Oop }
                      ;*synchronization entry
                      ; - java.util.HashSet::add@-1
                      ; - java.lang.invoke.InnerClassLambdaMetafactory::generateInnerClass@76
  0x0000020be604ac44: 07e9 8cea 

  0x0000020be604ac48: ;   {runtime_call throw_null_pointer_exception Runtime1 stub}
  0x0000020be604ac48: ffff e8d1 

  0x0000020be604ac4c: ; ImmutableOopMap {rax=Oop rdx=Oop [120]=Oop [128]=Oop [144]=Oop }
                      ;*invokevirtual put {reexecute=0 rethrow=0 return_oop=0}
                      ; - java.util.HashSet::add@8
                      ; - java.lang.invoke.InnerClassLambdaMetafactory::generateInnerClass@76
                      ;   {runtime_call throw_null_pointer_exception Runtime1 stub}
  0x0000020be604ac4c: 065f 07e8 

  0x0000020be604ac50: ; ImmutableOopMap {rdx=Oop rsi=Oop [120]=Oop [144]=Oop [168]=Oop }
                      ;*arraylength {reexecute=0 rethrow=0 return_oop=0}
                      ; - java.lang.invoke.InnerClassLambdaMetafactory::generateInnerClass@90
  0x0000020be604ac50: cc06 5f07 

  0x0000020be604ac54: ;   {runtime_call throw_null_pointer_exception Runtime1 stub}
  0x0000020be604ac54: e8c7 065f 

  0x0000020be604ac58: ; ImmutableOopMap {rsi=Oop rcx=Oop [120]=Oop [144]=Oop [168]=Oop }
                      ;*invokevirtual getName {reexecute=0 rethrow=0 return_oop=0}
                      ; - java.lang.invoke.InnerClassLambdaMetafactory::generateInnerClass@114
                      ;   {metadata({method} {0x0000020bfb017aa0} 'getName' '()Ljava/lang/String;' in 'java/lang/Class')}
  0x0000020be604ac58: 0749 ba98 | 7a01 fb0b | 0200 004c | 8954 2408 | 48c7 0424 | ffff ffff 

  0x0000020be604ac70: ;   {runtime_call counter_overflow Runtime1 stub}
  0x0000020be604ac70: e80b 695f 

  0x0000020be604ac74: ; ImmutableOopMap {rsi=Oop rcx=Oop [120]=Oop [144]=Oop [168]=Oop }
                      ;*synchronization entry
                      ; - java.lang.Class::getName@-1
                      ; - java.lang.invoke.InnerClassLambdaMetafactory::generateInnerClass@114
  0x0000020be604ac74: 07e9 17ec 

  0x0000020be604ac78: ;   {runtime_call throw_null_pointer_exception Runtime1 stub}
  0x0000020be604ac78: ffff e8a1 

  0x0000020be604ac7c: ; ImmutableOopMap {r11=Oop [120]=Oop [144]=Oop [152]=Oop [168]=Oop }
                      ;*invokevirtual replace {reexecute=0 rethrow=0 return_oop=0}
                      ; - java.lang.invoke.InnerClassLambdaMetafactory::generateInnerClass@121
                      ;   {metadata({method} {0x0000020bfb46acb8} 'generateInnerClass' '()Ljava/lang/Class;' in 'java/lang/invoke/InnerClassLambdaMetafactory')}
  0x0000020be604ac7c: 065f 0749 | bab0 ac46 | fb0b 0200 | 004c 8954 | 2408 48c7 | 0424 9f00 

  0x0000020be604ac94: ;   {runtime_call counter_overflow Runtime1 stub}
  0x0000020be604ac94: 0000 e8e5 

  0x0000020be604ac98: ; ImmutableOopMap {[120]=Oop [144]=Oop [168]=Oop }
                      ;*goto {reexecute=1 rethrow=0 return_oop=0}
                      ; - (reexecute) java.lang.invoke.InnerClassLambdaMetafactory::generateInnerClass@159
  0x0000020be604ac98: 685f 07e9 | 70ee ffff 

  0x0000020be604aca0: ;   {runtime_call new_object_array Runtime1 stub}
  0x0000020be604aca0: e85b 1d5f 

  0x0000020be604aca4: ; ImmutableOopMap {[120]=Oop [144]=Oop }
                      ;*anewarray {reexecute=0 rethrow=0 return_oop=0}
                      ; - java.lang.invoke.InnerClassLambdaMetafactory::generateInnerClass@171
  0x0000020be604aca4: 07e9 d5ef | ffff 4889 

  0x0000020be604acac: ;   {runtime_call throw_class_cast_exception Runtime1 stub}
  0x0000020be604acac: 0424 e86d 

  0x0000020be604acb0: ; ImmutableOopMap {[120]=Oop }
                      ;*checkcast {reexecute=0 rethrow=0 return_oop=0}
                      ; - java.lang.invoke.InnerClassLambdaMetafactory::generateInnerClass@179
                      ;   {runtime_call throw_null_pointer_exception Runtime1 stub}
  0x0000020be604acb0: 325f 07e8 

  0x0000020be604acb4: ; ImmutableOopMap {rax=Oop rdx=Oop rbx=Oop rdi=Oop [120]=Oop }
                      ;*invokevirtual visit {reexecute=0 rethrow=0 return_oop=0}
                      ; - java.lang.invoke.InnerClassLambdaMetafactory::generateInnerClass@202
  0x0000020be604acb4: 6806 5f07 

  0x0000020be604acb8: ;   {runtime_call throw_null_pointer_exception Runtime1 stub}
  0x0000020be604acb8: e863 065f 

  0x0000020be604acbc: ; ImmutableOopMap {rdx=Oop r8=Oop rax=Oop r9=Oop [120]=Oop }
                      ;*aaload {reexecute=0 rethrow=0 return_oop=0}
                      ; - java.lang.invoke.InnerClassLambdaMetafactory::generateInnerClass@230
  0x0000020be604acbc: 0748 891c | 244c 894c 

  0x0000020be604acc4: ;   {runtime_call throw_range_check_failed Runtime1 stub}
  0x0000020be604acc4: 2408 e855 

  0x0000020be604acc8: ; ImmutableOopMap {rdx=Oop r8=Oop rax=Oop r9=Oop [120]=Oop }
                      ;*aaload {reexecute=0 rethrow=0 return_oop=0}
                      ; - java.lang.invoke.InnerClassLambdaMetafactory::generateInnerClass@230
                      ;   {runtime_call throw_null_pointer_exception Runtime1 stub}
  0x0000020be604acc8: fd5e 07e8 

  0x0000020be604accc: ; ImmutableOopMap {rdx=Oop rax=Oop r9=Oop rdi=Oop [120]=Oop }
                      ;*invokevirtual visitField {reexecute=0 rethrow=0 return_oop=0}
                      ; - java.lang.invoke.InnerClassLambdaMetafactory::generateInnerClass@240
  0x0000020be604accc: 5006 5f07 

  0x0000020be604acd0: ;   {runtime_call throw_null_pointer_exception Runtime1 stub}
  0x0000020be604acd0: e84b 065f 

  0x0000020be604acd4: ; ImmutableOopMap {rax=Oop [120]=Oop }
                      ;*invokevirtual visitEnd {reexecute=0 rethrow=0 return_oop=0}
                      ; - java.lang.invoke.InnerClassLambdaMetafactory::generateInnerClass@247
                      ;   {metadata({method} {0x0000020bfb455bc8} 'visitEnd' '()V' in 'jdk/internal/org/objectweb/asm/FieldWriter')}
  0x0000020be604acd4: 0749 bac0 | 5b45 fb0b | 0200 004c | 8954 2408 | 48c7 0424 | ffff ffff 

  0x0000020be604acec: ;   {runtime_call counter_overflow Runtime1 stub}
  0x0000020be604acec: e88f 685f 

  0x0000020be604acf0: ; ImmutableOopMap {[120]=Oop }
                      ;*synchronization entry
                      ; - jdk.internal.org.objectweb.asm.FieldWriter::visitEnd@-1
                      ; - java.lang.invoke.InnerClassLambdaMetafactory::generateInnerClass@247
  0x0000020be604acf0: 07e9 3af2 

  0x0000020be604acf4: ;   {metadata({method} {0x0000020bfb46acb8} 'generateInnerClass' '()Ljava/lang/Class;' in 'java/lang/invoke/InnerClassLambdaMetafactory')}
  0x0000020be604acf4: ffff 49ba | b0ac 46fb | 0b02 0000 | 4c89 5424 | 0848 c704 | 24fd 0000 

  0x0000020be604ad0c: ;   {runtime_call counter_overflow Runtime1 stub}
  0x0000020be604ad0c: 00e8 6e68 

  0x0000020be604ad10: ; ImmutableOopMap {[120]=Oop }
                      ;*goto {reexecute=1 rethrow=0 return_oop=0}
                      ; - (reexecute) java.lang.invoke.InnerClassLambdaMetafactory::generateInnerClass@253
  0x0000020be604ad10: 5f07 e949 

  0x0000020be604ad14: ;   {runtime_call throw_null_pointer_exception Runtime1 stub}
  0x0000020be604ad14: f2ff ffe8 

  0x0000020be604ad18: ; ImmutableOopMap {rdx=Oop r8=Oop [120]=Oop }
                      ;*arraylength {reexecute=0 rethrow=0 return_oop=0}
                      ; - java.lang.invoke.InnerClassLambdaMetafactory::generateInnerClass@214
  0x0000020be604ad18: 0406 5f07 

  0x0000020be604ad1c: ;   {runtime_call throw_null_pointer_exception Runtime1 stub}
  0x0000020be604ad1c: e8ff 055f 

  0x0000020be604ad20: ; ImmutableOopMap {rdx=Oop r8=Oop [120]=Oop }
                      ;*invokevirtual parameterCount {reexecute=0 rethrow=0 return_oop=0}
                      ; - java.lang.invoke.InnerClassLambdaMetafactory::generateInnerClass@264
                      ;   {metadata({method} {0x0000020bfb0b8980} 'parameterCount' '()I' in 'java/lang/invoke/MethodType')}
  0x0000020be604ad20: 0749 ba78 | 890b fb0b | 0200 004c | 8954 2408 | 48c7 0424 | ffff ffff 

  0x0000020be604ad38: ;   {runtime_call counter_overflow Runtime1 stub}
  0x0000020be604ad38: e843 685f 

  0x0000020be604ad3c: ; ImmutableOopMap {rdx=Oop r8=Oop [120]=Oop }
                      ;*synchronization entry
                      ; - java.lang.invoke.MethodType::parameterCount@-1
                      ; - java.lang.invoke.InnerClassLambdaMetafactory::generateInnerClass@264
  0x0000020be604ad3c: 07e9 eaf2 

  0x0000020be604ad40: ;   {runtime_call throw_null_pointer_exception Runtime1 stub}
  0x0000020be604ad40: ffff e8d9 

  0x0000020be604ad44: ; ImmutableOopMap {rdx=Oop [120]=Oop }
                      ;*arraylength {reexecute=0 rethrow=0 return_oop=0}
                      ; - java.lang.invoke.MethodType::parameterCount@4
                      ; - java.lang.invoke.InnerClassLambdaMetafactory::generateInnerClass@264
                      ;   {runtime_call throw_null_pointer_exception Runtime1 stub}
  0x0000020be604ad44: 055f 07e8 

  0x0000020be604ad48: ; ImmutableOopMap {rdx=Oop rsi=Oop rdi=Oop rbx=Oop [120]=Oop }
                      ;*invokevirtual toMethodDescriptorString {reexecute=0 rethrow=0 return_oop=0}
                      ; - java.lang.invoke.InnerClassLambdaMetafactory::generateInnerClass@293
  0x0000020be604ad48: d405 5f07 

  0x0000020be604ad4c: ;   {metadata({method} {0x0000020bfb0b9cc8} 'toMethodDescriptorString' '()Ljava/lang/String;' in 'java/lang/invoke/MethodType')}
  0x0000020be604ad4c: 49ba c09c | 0bfb 0b02 | 0000 4c89 | 5424 0848 | c704 24ff 

  0x0000020be604ad60: ;   {runtime_call counter_overflow Runtime1 stub}
  0x0000020be604ad60: ffff ffe8 

  0x0000020be604ad64: ; ImmutableOopMap {rdx=Oop rsi=Oop rdi=Oop rbx=Oop [120]=Oop }
                      ;*synchronization entry
                      ; - java.lang.invoke.MethodType::toMethodDescriptorString@-1
                      ; - java.lang.invoke.InnerClassLambdaMetafactory::generateInnerClass@293
  0x0000020be604ad64: 1868 5f07 | e950 f3ff | ff44 8b43 | 2049 83f8 | 000f 84e7 | f3ff ff4c 

  0x0000020be604ad7c: ;   {runtime_call g1_pre_barrier_slow}
  0x0000020be604ad7c: 8904 24e8 | fc6e 5f07 | e9d9 f3ff | ff48 83f8 | 000f 84ea | f3ff ff48 

  0x0000020be604ad94: ;   {runtime_call g1_post_barrier_slow}
  0x0000020be604ad94: 891c 24e8 | 6472 5f07 | e9dc f3ff 

  0x0000020be604ada0: ;   {runtime_call throw_null_pointer_exception Runtime1 stub}
  0x0000020be604ada0: ffe8 7a05 

  0x0000020be604ada4: ; ImmutableOopMap {rbx=Oop rdi=Oop rdx=Oop [120]=Oop }
                      ;*invokevirtual visitMethod {reexecute=0 rethrow=0 return_oop=0}
                      ; - java.lang.invoke.InnerClassLambdaMetafactory::generateInnerClass@298
  0x0000020be604ada4: 5f07 488b 

  0x0000020be604ada8: ;   {runtime_call fast_new_instance Runtime1 stub}
  0x0000020be604ada8: d2e8 5210 

  0x0000020be604adac: ; ImmutableOopMap {r9=Oop [120]=Oop }
                      ;*new {reexecute=0 rethrow=0 return_oop=0}
                      ; - java.lang.invoke.InnerClassLambdaMetafactory::generateInnerClass@303
  0x0000020be604adac: 5f07 e973 

  0x0000020be604adb0: ;   {metadata({method} {0x0000020bfb4755c0} '<init>' '(Ljava/lang/invoke/InnerClassLambdaMetafactory;Ljdk/internal/org/objectweb/asm/MethodVisitor;)V' in 'java/lang/invoke/InnerClassLambdaMetafactory$ForwardingMethodGenerator')}
  0x0000020be604adb0: f4ff ff49 | bab8 5547 | fb0b 0200 | 004c 8954 | 2408 48c7 | 0424 ffff 

  0x0000020be604adc8: ;   {runtime_call counter_overflow Runtime1 stub}
  0x0000020be604adc8: ffff e8b1 

  0x0000020be604adcc: ; ImmutableOopMap {r9=Oop rax=Oop [120]=Oop }
                      ;*synchronization entry
                      ; - java.lang.invoke.InnerClassLambdaMetafactory$ForwardingMethodGenerator::<init>@-1
                      ; - java.lang.invoke.InnerClassLambdaMetafactory::generateInnerClass@310
  0x0000020be604adcc: 675f 07e9 | 90f4 ffff | 448b 4014 | 4983 f800 | 0f84 90f4 | ffff 4c89 

  0x0000020be604ade4: ;   {runtime_call g1_pre_barrier_slow}
  0x0000020be604ade4: 0424 e895 | 6e5f 07e9 | 82f4 ffff | 4883 fa00 | 0f84 98f4 | ffff 4889 

  0x0000020be604adfc: ;   {runtime_call g1_post_barrier_slow}
  0x0000020be604adfc: 0424 e8fd | 715f 07e9 | 8af4 ffff 

  0x0000020be604ae08: ;   {metadata({method} {0x0000020bfb476760} '<init>' '(Ljdk/internal/org/objectweb/asm/MethodVisitor;)V' in 'java/lang/invoke/TypeConvertingMethodAdapter')}
  0x0000020be604ae08: 49ba 5867 | 47fb 0b02 | 0000 4c89 | 5424 0848 | c704 24ff 

  0x0000020be604ae1c: ;   {runtime_call counter_overflow Runtime1 stub}
  0x0000020be604ae1c: ffff ffe8 

  0x0000020be604ae20: ; ImmutableOopMap {r9=Oop rax=Oop rdx=Oop [120]=Oop }
                      ;*synchronization entry
                      ; - java.lang.invoke.TypeConvertingMethodAdapter::<init>@-1
                      ; - java.lang.invoke.InnerClassLambdaMetafactory$ForwardingMethodGenerator::<init>@7
                      ; - java.lang.invoke.InnerClassLambdaMetafactory::generateInnerClass@310
  0x0000020be604ae20: 5c67 5f07 | e9a7 f4ff 

  0x0000020be604ae28: ;   {runtime_call throw_null_pointer_exception Runtime1 stub}
  0x0000020be604ae28: ffe8 f204 

  0x0000020be604ae2c: ; ImmutableOopMap {rdx=Oop rsi=Oop [120]=Oop [248]=Oop }
                      ;*arraylength {reexecute=0 rethrow=0 return_oop=0}
                      ; - java.lang.invoke.InnerClassLambdaMetafactory::generateInnerClass@335
                      ;   {runtime_call throw_null_pointer_exception Runtime1 stub}
  0x0000020be604ae2c: 5f07 e8ed 

  0x0000020be604ae30: ; ImmutableOopMap {rdx=Oop rsi=Oop rax=Oop rcx=Oop r9=Oop [120]=Oop [216]=Oop [248]=Oop }
                      ;*invokevirtual toMethodDescriptorString {reexecute=0 rethrow=0 return_oop=0}
                      ; - java.lang.invoke.InnerClassLambdaMetafactory::generateInnerClass@366
                      ;   {metadata({method} {0x0000020bfb0b9cc8} 'toMethodDescriptorString' '()Ljava/lang/String;' in 'java/lang/invoke/MethodType')}
  0x0000020be604ae30: 045f 0749 | bac0 9c0b | fb0b 0200 | 004c 8954 | 2408 48c7 | 0424 ffff 

  0x0000020be604ae48: ;   {runtime_call counter_overflow Runtime1 stub}
  0x0000020be604ae48: ffff e831 

  0x0000020be604ae4c: ; ImmutableOopMap {rdx=Oop rsi=Oop rax=Oop rcx=Oop r9=Oop [120]=Oop [216]=Oop [248]=Oop }
                      ;*synchronization entry
                      ; - java.lang.invoke.MethodType::toMethodDescriptorString@-1
                      ; - java.lang.invoke.InnerClassLambdaMetafactory::generateInnerClass@366
  0x0000020be604ae4c: 675f 07e9 | c5f5 ffff | 448b 4320 | 4983 f800 | 0f84 68f6 | ffff 4c89 

  0x0000020be604ae64: ;   {runtime_call g1_pre_barrier_slow}
  0x0000020be604ae64: 0424 e815 | 6e5f 07e9 | 5af6 ffff | 4883 f800 | 0f84 6bf6 | ffff 4889 

  0x0000020be604ae7c: ;   {runtime_call g1_post_barrier_slow}
  0x0000020be604ae7c: 1c24 e87d | 715f 07e9 | 5df6 ffff 

  0x0000020be604ae88: ;   {runtime_call throw_null_pointer_exception Runtime1 stub}
  0x0000020be604ae88: e893 045f 

  0x0000020be604ae8c: ; ImmutableOopMap {r11=Oop r9=Oop rdx=Oop [120]=Oop [216]=Oop [248]=Oop }
                      ;*invokevirtual visitMethod {reexecute=0 rethrow=0 return_oop=0}
                      ; - java.lang.invoke.InnerClassLambdaMetafactory::generateInnerClass@371
  0x0000020be604ae8c: 0748 8bd2 

  0x0000020be604ae90: ;   {runtime_call fast_new_instance Runtime1 stub}
  0x0000020be604ae90: e86b 0f5f 

  0x0000020be604ae94: ; ImmutableOopMap {r9=Oop [120]=Oop [216]=Oop [248]=Oop }
                      ;*new {reexecute=0 rethrow=0 return_oop=0}
                      ; - java.lang.invoke.InnerClassLambdaMetafactory::generateInnerClass@376
  0x0000020be604ae94: 07e9 ecf6 

  0x0000020be604ae98: ;   {metadata({method} {0x0000020bfb4755c0} '<init>' '(Ljava/lang/invoke/InnerClassLambdaMetafactory;Ljdk/internal/org/objectweb/asm/MethodVisitor;)V' in 'java/lang/invoke/InnerClassLambdaMetafactory$ForwardingMethodGenerator')}
  0x0000020be604ae98: ffff 49ba | b855 47fb | 0b02 0000 | 4c89 5424 | 0848 c704 | 24ff ffff 

  0x0000020be604aeb0: ;   {runtime_call counter_overflow Runtime1 stub}
  0x0000020be604aeb0: ffe8 ca66 

  0x0000020be604aeb4: ; ImmutableOopMap {r9=Oop rax=Oop [120]=Oop [216]=Oop [248]=Oop }
                      ;*synchronization entry
                      ; - java.lang.invoke.InnerClassLambdaMetafactory$ForwardingMethodGenerator::<init>@-1
                      ; - java.lang.invoke.InnerClassLambdaMetafactory::generateInnerClass@383
  0x0000020be604aeb4: 5f07 e909 | f7ff ff44 | 8b40 1449 | 83f8 000f | 8409 f7ff | ff4c 8904 

  0x0000020be604aecc: ;   {runtime_call g1_pre_barrier_slow}
  0x0000020be604aecc: 24e8 ae6d | 5f07 e9fb | f6ff ff48 | 83fa 000f | 8411 f7ff | ff48 8904 

  0x0000020be604aee4: ;   {runtime_call g1_post_barrier_slow}
  0x0000020be604aee4: 24e8 1671 | 5f07 e903 

  0x0000020be604aeec: ;   {metadata({method} {0x0000020bfb476760} '<init>' '(Ljdk/internal/org/objectweb/asm/MethodVisitor;)V' in 'java/lang/invoke/TypeConvertingMethodAdapter')}
  0x0000020be604aeec: f7ff ff49 | ba58 6747 | fb0b 0200 | 004c 8954 | 2408 48c7 | 0424 ffff 

  0x0000020be604af04: ;   {runtime_call counter_overflow Runtime1 stub}
  0x0000020be604af04: ffff e875 

  0x0000020be604af08: ; ImmutableOopMap {r9=Oop rax=Oop rdx=Oop [120]=Oop [216]=Oop [248]=Oop }
                      ;*synchronization entry
                      ; - java.lang.invoke.TypeConvertingMethodAdapter::<init>@-1
                      ; - java.lang.invoke.InnerClassLambdaMetafactory$ForwardingMethodGenerator::<init>@7
                      ; - java.lang.invoke.InnerClassLambdaMetafactory::generateInnerClass@383
  0x0000020be604af08: 665f 07e9 | 20f7 ffff 

  0x0000020be604af10: ;   {metadata({method} {0x0000020bfb46acb8} 'generateInnerClass' '()Ljava/lang/Class;' in 'java/lang/invoke/InnerClassLambdaMetafactory')}
  0x0000020be604af10: 49ba b0ac | 46fb 0b02 | 0000 4c89 | 5424 0848 | c704 248a 

  0x0000020be604af24: ;   {runtime_call counter_overflow Runtime1 stub}
  0x0000020be604af24: 0100 00e8 

  0x0000020be604af28: ; ImmutableOopMap {[120]=Oop [248]=Oop }
                      ;*goto {reexecute=1 rethrow=0 return_oop=0}
                      ; - (reexecute) java.lang.invoke.InnerClassLambdaMetafactory::generateInnerClass@394
  0x0000020be604af28: 5466 5f07 | e9ab f7ff 

  0x0000020be604af30: ;   {runtime_call throw_null_pointer_exception Runtime1 stub}
  0x0000020be604af30: ffe8 ea03 

  0x0000020be604af34: ; ImmutableOopMap {rdx=Oop rsi=Oop [120]=Oop }
                      ;*invokevirtual visitEnd {reexecute=0 rethrow=0 return_oop=0}
                      ; - java.lang.invoke.InnerClassLambdaMetafactory::generateInnerClass@423
                      ;   {metadata({method} {0x0000020bfb42b988} 'visitEnd' '()V' in 'jdk/internal/org/objectweb/asm/ClassWriter')}
  0x0000020be604af34: 5f07 49ba | 80b9 42fb | 0b02 0000 | 4c89 5424 | 0848 c704 | 24ff ffff 

  0x0000020be604af4c: ;   {runtime_call counter_overflow Runtime1 stub}
  0x0000020be604af4c: ffe8 2e66 

  0x0000020be604af50: ; ImmutableOopMap {rdx=Oop rsi=Oop [120]=Oop }
                      ;*synchronization entry
                      ; - jdk.internal.org.objectweb.asm.ClassWriter::visitEnd@-1
                      ; - java.lang.invoke.InnerClassLambdaMetafactory::generateInnerClass@423
  0x0000020be604af50: 5f07 e9d4 

  0x0000020be604af54: ;   {metadata({method} {0x0000020bfb173120} 'of' '(Ljava/lang/Object;Ljava/lang/Object;)Ljava/util/Set;' in 'java/util/Set')}
  0x0000020be604af54: f8ff ff49 | ba18 3117 | fb0b 0200 | 004c 8954 | 2408 48c7 | 0424 ffff 

  0x0000020be604af6c: ;   {runtime_call counter_overflow Runtime1 stub}
  0x0000020be604af6c: ffff e80d 

  0x0000020be604af70: ; ImmutableOopMap {rbx=Oop r11=Oop [280]=Oop [296]=Oop }
                      ;*synchronization entry
                      ; - java.util.Set::of@-1
                      ; - java.lang.invoke.InnerClassLambdaMetafactory::generateInnerClass@468
  0x0000020be604af70: 665f 07e9 | fdf9 ffff 

  0x0000020be604af78: ;   {runtime_call fast_new_instance Runtime1 stub}
  0x0000020be604af78: 488b d2e8 

  0x0000020be604af7c: ; ImmutableOopMap {rbx=Oop r11=Oop [280]=Oop [296]=Oop }
                      ;*new {reexecute=0 rethrow=0 return_oop=0}
                      ; - java.util.Set::of@0
                      ; - java.lang.invoke.InnerClassLambdaMetafactory::generateInnerClass@468
  0x0000020be604af7c: 800e 5f07 | e937 faff 

  0x0000020be604af84: ;   {runtime_call throw_null_pointer_exception Runtime1 stub}
  0x0000020be604af84: ffe8 9603 

  0x0000020be604af88: ; ImmutableOopMap {rbx=Oop [272]=Oop [280]=Oop [288]=Oop [296]=Oop }
                      ;*invokevirtual makeHiddenClassDefiner {reexecute=0 rethrow=0 return_oop=0}
                      ; - java.lang.invoke.InnerClassLambdaMetafactory::generateInnerClass@474
                      ;   {runtime_call throw_null_pointer_exception Runtime1 stub}
  0x0000020be604af88: 5f07 e891 

  0x0000020be604af8c: ; ImmutableOopMap {rax=Oop rsi=Oop }
                      ;*invokevirtual defineClass {reexecute=0 rethrow=0 return_oop=0}
                      ; - java.lang.invoke.InnerClassLambdaMetafactory::generateInnerClass@490
                      ;   {internal_word}
  0x0000020be604af8c: 035f 0749 | bad4 aa04 | e60b 0200 | 004d 8997 | 6004 0000 

  0x0000020be604afa0: ;   {runtime_call SafepointBlob}
  0x0000020be604afa0: e9db bb52 

  0x0000020be604afa4: ;   {metadata(nullptr)}
  0x0000020be604afa4: 0748 ba00 | 0000 0000 | 0000 00b8 | 000f 050a 

  0x0000020be604afb4: ;   {runtime_call load_klass_patching Runtime1 stub}
  0x0000020be604afb4: e847 4f5f 

  0x0000020be604afb8: ; ImmutableOopMap {r8=Oop }
                      ;*new {reexecute=1 rethrow=0 return_oop=0}
                      ; - (reexecute) java.lang.invoke.InnerClassLambdaMetafactory::generateInnerClass@496
  0x0000020be604afb8: 07e9 42fb | ffff 488b 

  0x0000020be604afc0: ;   {runtime_call fast_new_instance Runtime1 stub}
  0x0000020be604afc0: d2e8 3a0e 

  0x0000020be604afc4: ; ImmutableOopMap {r8=Oop }
                      ;*new {reexecute=0 rethrow=0 return_oop=0}
                      ; - java.lang.invoke.InnerClassLambdaMetafactory::generateInnerClass@496
  0x0000020be604afc4: 5f07 e984 | fbff ff49 | 8b87 f804 | 0000 49c7 | 87f8 0400 | 0000 0000 | 0049 c787 | 0005 0000 
  0x0000020be604afe4: 0000 0000 | 4881 c440 | 0100 005d 

  0x0000020be604aff0: ;   {runtime_call unwind_exception Runtime1 stub}
  0x0000020be604aff0: e90b f45e | 07f4 f4f4 
[Stub Code]
  0x0000020be604aff8: ;   {no_reloc}
  0x0000020be604aff8: 0f1f 4400 

  0x0000020be604affc: ;   {static_stub}
  0x0000020be604affc: 0048 bb00 | 0000 0000 

  0x0000020be604b004: ;   {runtime_call nmethod}
  0x0000020be604b004: 0000 00e9 | fbff ffff 

  0x0000020be604b00c: ;   {static_stub}
  0x0000020be604b00c: 9048 bb00 | 0000 0000 

  0x0000020be604b014: ;   {runtime_call nmethod}
  0x0000020be604b014: 0000 00e9 | fbff ffff 

  0x0000020be604b01c: ;   {static_stub}
  0x0000020be604b01c: 9048 bb00 | 0000 0000 

  0x0000020be604b024: ;   {runtime_call nmethod}
  0x0000020be604b024: 0000 00e9 | fbff ffff 

  0x0000020be604b02c: ;   {static_stub}
  0x0000020be604b02c: 9048 bb00 | 0000 0000 

  0x0000020be604b034: ;   {runtime_call nmethod}
  0x0000020be604b034: 0000 00e9 | fbff ffff 

  0x0000020be604b03c: ;   {static_stub}
  0x0000020be604b03c: 9048 bb70 | 5747 fb0b 

  0x0000020be604b044: ;   {runtime_call I2C/C2I adapters}
  0x0000020be604b044: 0200 00e9 | b29e 5207 

  0x0000020be604b04c: ;   {static_stub}
  0x0000020be604b04c: 9048 bb00 | 0000 0000 

  0x0000020be604b054: ;   {runtime_call nmethod}
  0x0000020be604b054: 0000 00e9 | fbff ffff 

  0x0000020be604b05c: ;   {static_stub}
  0x0000020be604b05c: 9048 bb00 | 0000 0000 

  0x0000020be604b064: ;   {runtime_call nmethod}
  0x0000020be604b064: 0000 00e9 | fbff ffff 

  0x0000020be604b06c: ;   {static_stub}
  0x0000020be604b06c: 9048 bb00 | 0000 0000 

  0x0000020be604b074: ;   {runtime_call nmethod}
  0x0000020be604b074: 0000 00e9 | fbff ffff 

  0x0000020be604b07c: ;   {static_stub}
  0x0000020be604b07c: 48bb 0000 | 0000 0000 

  0x0000020be604b084: ;   {runtime_call nmethod}
  0x0000020be604b084: 0000 e9fb 

  0x0000020be604b088: ;   {static_stub}
  0x0000020be604b088: ffff ff48 | bb00 0000 | 0000 0000 

  0x0000020be604b094: ;   {runtime_call nmethod}
  0x0000020be604b094: 00e9 fbff 

  0x0000020be604b098: ;   {static_stub}
  0x0000020be604b098: ffff 48bb | 0000 0000 | 0000 0000 

  0x0000020be604b0a4: ;   {runtime_call nmethod}
  0x0000020be604b0a4: e9fb ffff 

  0x0000020be604b0a8: ;   {static_stub}
  0x0000020be604b0a8: ff48 bb18 | b74c fb0b 

  0x0000020be604b0b0: ;   {runtime_call I2C/C2I adapters}
  0x0000020be604b0b0: 0200 00e9 | 4193 5207 

  0x0000020be604b0b8: ;   {static_stub}
  0x0000020be604b0b8: 48bb 0000 | 0000 0000 

  0x0000020be604b0c0: ;   {runtime_call nmethod}
  0x0000020be604b0c0: 0000 e9fb 

  0x0000020be604b0c4: ;   {static_stub}
  0x0000020be604b0c4: ffff ff48 | bb00 0000 | 0000 0000 

  0x0000020be604b0d0: ;   {runtime_call nmethod}
  0x0000020be604b0d0: 00e9 fbff 

  0x0000020be604b0d4: ;   {static_stub}
  0x0000020be604b0d4: ffff 48bb | 60b0 46fb | 0b02 0000 

  0x0000020be604b0e0: ;   {runtime_call I2C/C2I adapters}
  0x0000020be604b0e0: e995 8d52 

  0x0000020be604b0e4: ;   {static_stub}
  0x0000020be604b0e4: 0748 bb00 | 0000 0000 

  0x0000020be604b0ec: ;   {runtime_call nmethod}
  0x0000020be604b0ec: 0000 00e9 | fbff ffff 

  0x0000020be604b0f4: ;   {static_stub}
  0x0000020be604b0f4: 48bb 0000 | 0000 0000 

  0x0000020be604b0fc: ;   {runtime_call nmethod}
  0x0000020be604b0fc: 0000 e9fb 

  0x0000020be604b100: ;   {static_stub}
  0x0000020be604b100: ffff ff48 | bb00 0000 | 0000 0000 

  0x0000020be604b10c: ;   {runtime_call nmethod}
  0x0000020be604b10c: 00e9 fbff 

  0x0000020be604b110: ;   {static_stub}
  0x0000020be604b110: ffff 48bb | 60b2 46fb | 0b02 0000 

  0x0000020be604b11c: ;   {runtime_call I2C/C2I adapters}
  0x0000020be604b11c: e959 8d52 

  0x0000020be604b120: ;   {static_stub}
  0x0000020be604b120: 0748 bb00 | 0000 0000 

  0x0000020be604b128: ;   {runtime_call nmethod}
  0x0000020be604b128: 0000 00e9 | fbff ffff 

  0x0000020be604b130: ;   {static_stub}
  0x0000020be604b130: 48bb 0000 | 0000 0000 

  0x0000020be604b138: ;   {runtime_call nmethod}
  0x0000020be604b138: 0000 e9fb 

  0x0000020be604b13c: ;   {static_stub}
  0x0000020be604b13c: ffff ff48 | bb00 0000 | 0000 0000 

  0x0000020be604b148: ;   {runtime_call nmethod}
  0x0000020be604b148: 00e9 fbff 

  0x0000020be604b14c: ;   {static_stub}
  0x0000020be604b14c: ffff 48bb | 0000 0000 | 0000 0000 

  0x0000020be604b158: ;   {runtime_call nmethod}
  0x0000020be604b158: e9fb ffff 

  0x0000020be604b15c: ;   {runtime_call handle_exception_from_callee Runtime1 stub}
  0x0000020be604b15c: ffe8 9e27 

  0x0000020be604b160: ;   {external_word}
  0x0000020be604b160: 5f07 48b9 | 00ce 8db8 | f87f 0000 | 4883 e4f0 

  0x0000020be604b170: ;   {runtime_call}
  0x0000020be604b170: 48b8 7076 | 5cb8 f87f | 0000 ffd0 

  0x0000020be604b17c: ;   {section_word}
  0x0000020be604b17c: f449 ba7d | b104 e60b | 0200 0041 

  0x0000020be604b188: ;   {runtime_call DeoptimizationBlob}
  0x0000020be604b188: 52e9 92ce | 5207 f4f4 
[/MachCode]


---------------  P R O C E S S  ---------------

Threads class SMR info:
_java_thread_list=0x0000020b8a965e40, length=144, elements={
0x0000020be16adad0, 0x0000020bff060240, 0x0000020bff061150, 0x0000020bff081a30,
0x0000020bff082570, 0x0000020bff06d520, 0x0000020bff06df70, 0x0000020bff071310,
0x0000020bff093d30, 0x0000020bff1cc2b0, 0x0000020bff374de0, 0x0000020b811f1a90,
0x0000020b8135ac20, 0x0000020b815034b0, 0x0000020bff21f0b0, 0x0000020b80a9f4a0,
0x0000020b80284d00, 0x0000020b802825a0, 0x0000020b80283fe0, 0x0000020b80285a20,
0x0000020b802832c0, 0x0000020b80285390, 0x0000020b81d61ec0, 0x0000020b81d5c970,
0x0000020b81d62be0, 0x0000020b81d5d000, 0x0000020b81d5d690, 0x0000020b81d62550,
0x0000020b81d5fdf0, 0x0000020b81d60480, 0x0000020b84bfa8e0, 0x0000020b81d3ca10,
0x0000020b81d418d0, 0x0000020b81d425f0, 0x0000020b81d3eae0, 0x0000020b81d3e450,
0x0000020b81d3f170, 0x0000020b81d40520, 0x0000020b81d3bcf0, 0x0000020b81d40bb0,
0x0000020b81d3d730, 0x0000020b81d43310, 0x0000020b81d3c380, 0x0000020b81d49c10,
0x0000020b81d44d50, 0x0000020b81d481d0, 0x0000020b81d474b0, 0x0000020b81d49580,
0x0000020b81d48860, 0x0000020b81d4a2a0, 0x0000020b81d48ef0, 0x0000020b81d46e20,
0x0000020b81d4a930, 0x0000020b81d453e0, 0x0000020b81d4afc0, 0x0000020b81d44030,
0x0000020b81d446c0, 0x0000020b81d45a70, 0x0000020b81d46100, 0x0000020b81d46790,
0x0000020b81d47b40, 0x0000020b82bf6b90, 0x0000020b82bf2360, 0x0000020b82bf6500,
0x0000020b82bf29f0, 0x0000020b82bf7220, 0x0000020b82bf0920, 0x0000020b82bf0fb0,
0x0000020b82bf4ac0, 0x0000020b82bf0290, 0x0000020b82bf1640, 0x0000020b82bf5150,
0x0000020b82bf1cd0, 0x0000020b82bf3710, 0x0000020b8a317cf0, 0x0000020b80282c30,
0x0000020b80283950, 0x0000020b80284670, 0x0000020b8b252030, 0x0000020b8b253a70,
0x0000020b8b2519a0, 0x0000020b8b2554b0, 0x0000020b8b2533e0, 0x0000020b8b254790,
0x0000020b8b2561d0, 0x0000020b8b256860, 0x0000020b8b2526c0, 0x0000020b8b255b40,
0x0000020b8b24f8d0, 0x0000020b8b252d50, 0x0000020b8b2505f0, 0x0000020b8b254100,
0x0000020b8b251310, 0x0000020b8b254e20, 0x0000020b8b256ef0, 0x0000020b84a85190,
0x0000020b84a830c0, 0x0000020b84a83de0, 0x0000020b84a82a30, 0x0000020b84a86540,
0x0000020b84a87260, 0x0000020b84a88ca0, 0x0000020b84a8a050, 0x0000020b84a8ad70,
0x0000020b84a85eb0, 0x0000020b84a89330, 0x0000020b84a88610, 0x0000020b84a8ba90,
0x0000020b84a84b00, 0x0000020b84a8ce40, 0x0000020b84a8c120, 0x0000020b84a8d4d0,
0x0000020b84a902c0, 0x0000020b84a8f5a0, 0x0000020b84a8db60, 0x0000020b84a8c7b0,
0x0000020b84a8e1f0, 0x0000020b84a8e880, 0x0000020b84a8fc30, 0x0000020b84a90950,
0x0000020b8a236df0, 0x0000020b8a239550, 0x0000020b8a237b10, 0x0000020b8a235a40,
0x0000020b8a2325c0, 0x0000020b8a237480, 0x0000020b8a2353b0, 0x0000020b8a2381a0,
0x0000020b8a234d20, 0x0000020b8a232c50, 0x0000020b8a234000, 0x0000020b8a238830,
0x0000020b8a233970, 0x0000020b8a234690, 0x0000020b8b25b720, 0x0000020b8b25e510,
0x0000020b8b258fc0, 0x0000020b81d04a20, 0x0000020b81d098e0, 0x0000020b81d0a600,
0x0000020b81d2ca90, 0x0000020b81d050b0, 0x0000020b81d08530, 0x0000020b81d05dd0
}

Java Threads: ( => current thread )
  0x0000020be16adad0 JavaThread "main"                              [_thread_blocked, id=14880, stack(0x000000a00ae00000,0x000000a00af00000) (1024K)]
  0x0000020bff060240 JavaThread "Reference Handler"          daemon [_thread_blocked, id=7520, stack(0x000000a00b600000,0x000000a00b700000) (1024K)]
  0x0000020bff061150 JavaThread "Finalizer"                  daemon [_thread_blocked, id=8748, stack(0x000000a00b700000,0x000000a00b800000) (1024K)]
  0x0000020bff081a30 JavaThread "Signal Dispatcher"          daemon [_thread_blocked, id=4552, stack(0x000000a00b800000,0x000000a00b900000) (1024K)]
  0x0000020bff082570 JavaThread "Attach Listener"            daemon [_thread_blocked, id=1492, stack(0x000000a00b900000,0x000000a00ba00000) (1024K)]
  0x0000020bff06d520 JavaThread "Service Thread"             daemon [_thread_blocked, id=4144, stack(0x000000a00ba00000,0x000000a00bb00000) (1024K)]
  0x0000020bff06df70 JavaThread "Monitor Deflation Thread"   daemon [_thread_blocked, id=13336, stack(0x000000a00bb00000,0x000000a00bc00000) (1024K)]
  0x0000020bff071310 JavaThread "C2 CompilerThread0"         daemon [_thread_blocked, id=9076, stack(0x000000a00bc00000,0x000000a00bd00000) (1024K)]
  0x0000020bff093d30 JavaThread "C1 CompilerThread0"         daemon [_thread_blocked, id=336, stack(0x000000a00bd00000,0x000000a00be00000) (1024K)]
  0x0000020bff1cc2b0 JavaThread "Common-Cleaner"             daemon [_thread_blocked, id=9132, stack(0x000000a00be00000,0x000000a00bf00000) (1024K)]
  0x0000020bff374de0 JavaThread "Notification Thread"        daemon [_thread_blocked, id=13556, stack(0x000000a00bf00000,0x000000a00c000000) (1024K)]
  0x0000020b811f1a90 JavaThread "Daemon health stats"               [_thread_blocked, id=6368, stack(0x000000a00c500000,0x000000a00c600000) (1024K)]
  0x0000020b8135ac20 JavaThread "Incoming local TCP Connector on port 53818"        [_thread_in_native, id=14228, stack(0x000000a00c600000,0x000000a00c700000) (1024K)]
  0x0000020b815034b0 JavaThread "Daemon periodic checks"            [_thread_blocked, id=12648, stack(0x000000a00c700000,0x000000a00c800000) (1024K)]
  0x0000020bff21f0b0 JavaThread "Daemon"                            [_thread_blocked, id=1896, stack(0x000000a00c800000,0x000000a00c900000) (1024K)]
  0x0000020b80a9f4a0 JavaThread "Daemon worker"                     [_thread_blocked, id=5024, stack(0x000000a00cb00000,0x000000a00cc00000) (1024K)]
  0x0000020b80284d00 JavaThread "Cache worker for journal cache (C:\Users\Admin\.gradle\caches\journal-1)"        [_thread_blocked, id=12328, stack(0x000000a00d200000,0x000000a00d300000) (1024K)]
  0x0000020b802825a0 JavaThread "File lock request listener"        [_thread_in_native, id=14996, stack(0x000000a00d300000,0x000000a00d400000) (1024K)]
  0x0000020b80283fe0 JavaThread "Cache worker for file hash cache (C:\Users\Admin\.gradle\caches\8.11.1\fileHashes)"        [_thread_blocked, id=12484, stack(0x000000a00d400000,0x000000a00d500000) (1024K)]
  0x0000020b80285a20 JavaThread "Cache worker for file content cache (C:\Users\Admin\.gradle\caches\8.11.1\fileContent)"        [_thread_blocked, id=2540, stack(0x000000a00d500000,0x000000a00d600000) (1024K)]
  0x0000020b802832c0 JavaThread "File watcher server"        daemon [_thread_in_native, id=6168, stack(0x000000a00d800000,0x000000a00d900000) (1024K)]
  0x0000020b80285390 JavaThread "File watcher consumer"      daemon [_thread_blocked, id=7040, stack(0x000000a00d900000,0x000000a00da00000) (1024K)]
  0x0000020b81d61ec0 JavaThread "jar transforms"                    [_thread_blocked, id=3440, stack(0x000000a00da00000,0x000000a00db00000) (1024K)]
  0x0000020b81d5c970 JavaThread "jar transforms Thread 2"           [_thread_blocked, id=13092, stack(0x000000a00db00000,0x000000a00dc00000) (1024K)]
  0x0000020b81d62be0 JavaThread "jar transforms Thread 3"           [_thread_blocked, id=11180, stack(0x000000a00dc00000,0x000000a00dd00000) (1024K)]
  0x0000020b81d5d000 JavaThread "jar transforms Thread 4"           [_thread_blocked, id=8040, stack(0x000000a00dd00000,0x000000a00de00000) (1024K)]
  0x0000020b81d5d690 JavaThread "jar transforms Thread 5"           [_thread_blocked, id=2000, stack(0x000000a00de00000,0x000000a00df00000) (1024K)]
  0x0000020b81d62550 JavaThread "jar transforms Thread 6"           [_thread_blocked, id=8964, stack(0x000000a00df00000,0x000000a00e000000) (1024K)]
  0x0000020b81d5fdf0 JavaThread "jar transforms Thread 7"           [_thread_blocked, id=13884, stack(0x000000a00e000000,0x000000a00e100000) (1024K)]
  0x0000020b81d60480 JavaThread "jar transforms Thread 8"           [_thread_blocked, id=6372, stack(0x000000a00e100000,0x000000a00e200000) (1024K)]
  0x0000020b84bfa8e0 JavaThread "Memory manager"                    [_thread_blocked, id=7936, stack(0x000000a011600000,0x000000a011700000) (1024K)]
  0x0000020b81d3ca10 JavaThread "Handler for socket connection from /127.0.0.1:53818 to /127.0.0.1:53845"        [_thread_in_native, id=14120, stack(0x000000a00ab00000,0x000000a00ac00000) (1024K)]
  0x0000020b81d418d0 JavaThread "Cancel handler"                    [_thread_blocked, id=12252, stack(0x000000a00ac00000,0x000000a00ad00000) (1024K)]
  0x0000020b81d425f0 JavaThread "Asynchronous log dispatcher for DefaultDaemonConnection: socket connection from /127.0.0.1:53818 to /127.0.0.1:53845"        [_thread_blocked, id=1136, stack(0x000000a00ad00000,0x000000a00ae00000) (1024K)]
  0x0000020b81d3eae0 JavaThread "Stdin handler"                     [_thread_blocked, id=8280, stack(0x000000a00cd00000,0x000000a00ce00000) (1024K)]
  0x0000020b81d3e450 JavaThread "Daemon client event forwarder"        [_thread_blocked, id=12464, stack(0x000000a00ce00000,0x000000a00cf00000) (1024K)]
  0x0000020b81d3f170 JavaThread "Cache worker for file hash cache (D:\ChatApp\.gradle\8.11.1\fileHashes)"        [_thread_blocked, id=2676, stack(0x000000a00d600000,0x000000a00d700000) (1024K)]
  0x0000020b81d40520 JavaThread "Cache worker for Build Output Cleanup Cache (D:\ChatApp\.gradle\buildOutputCleanup)"        [_thread_blocked, id=12780, stack(0x000000a00d700000,0x000000a00d800000) (1024K)]
  0x0000020b81d3bcf0 JavaThread "Cache worker for checksums cache (D:\ChatApp\.gradle\8.11.1\checksums)"        [_thread_blocked, id=1984, stack(0x000000a00e300000,0x000000a00e400000) (1024K)]
  0x0000020b81d40bb0 JavaThread "Cache worker for cache directory md-rule (C:\Users\Admin\.gradle\caches\8.11.1\md-rule)"        [_thread_blocked, id=10972, stack(0x000000a00e400000,0x000000a00e500000) (1024K)]
  0x0000020b81d3d730 JavaThread "Cache worker for cache directory md-supplier (C:\Users\Admin\.gradle\caches\8.11.1\md-supplier)"        [_thread_blocked, id=12364, stack(0x000000a00e500000,0x000000a00e600000) (1024K)]
  0x0000020b81d43310 JavaThread "Unconstrained build operations"        [_thread_blocked, id=1360, stack(0x000000a00e600000,0x000000a00e700000) (1024K)]
  0x0000020b81d3c380 JavaThread "Unconstrained build operations Thread 2"        [_thread_blocked, id=13516, stack(0x000000a00e700000,0x000000a00e800000) (1024K)]
  0x0000020b81d49c10 JavaThread "Unconstrained build operations Thread 3"        [_thread_blocked, id=12672, stack(0x000000a00e800000,0x000000a00e900000) (1024K)]
  0x0000020b81d44d50 JavaThread "Unconstrained build operations Thread 4"        [_thread_blocked, id=4408, stack(0x000000a00e900000,0x000000a00ea00000) (1024K)]
  0x0000020b81d481d0 JavaThread "Unconstrained build operations Thread 5"        [_thread_blocked, id=1980, stack(0x000000a00ea00000,0x000000a00eb00000) (1024K)]
  0x0000020b81d474b0 JavaThread "Unconstrained build operations Thread 6"        [_thread_blocked, id=14916, stack(0x000000a00eb00000,0x000000a00ec00000) (1024K)]
  0x0000020b81d49580 JavaThread "Unconstrained build operations Thread 7"        [_thread_blocked, id=12528, stack(0x000000a00ec00000,0x000000a00ed00000) (1024K)]
  0x0000020b81d48860 JavaThread "Unconstrained build operations Thread 8"        [_thread_blocked, id=8024, stack(0x000000a00ed00000,0x000000a00ee00000) (1024K)]
  0x0000020b81d4a2a0 JavaThread "Unconstrained build operations Thread 9"        [_thread_blocked, id=12336, stack(0x000000a00ee00000,0x000000a00ef00000) (1024K)]
  0x0000020b81d48ef0 JavaThread "Unconstrained build operations Thread 10"        [_thread_blocked, id=7180, stack(0x000000a00ef00000,0x000000a00f000000) (1024K)]
  0x0000020b81d46e20 JavaThread "Unconstrained build operations Thread 11"        [_thread_blocked, id=1692, stack(0x000000a00f000000,0x000000a00f100000) (1024K)]
  0x0000020b81d4a930 JavaThread "Unconstrained build operations Thread 12"        [_thread_blocked, id=7460, stack(0x000000a00f100000,0x000000a00f200000) (1024K)]
  0x0000020b81d453e0 JavaThread "Unconstrained build operations Thread 13"        [_thread_blocked, id=5872, stack(0x000000a00f200000,0x000000a00f300000) (1024K)]
  0x0000020b81d4afc0 JavaThread "Unconstrained build operations Thread 14"        [_thread_blocked, id=14196, stack(0x000000a00f300000,0x000000a00f400000) (1024K)]
  0x0000020b81d44030 JavaThread "Unconstrained build operations Thread 15"        [_thread_blocked, id=11772, stack(0x000000a00f400000,0x000000a00f500000) (1024K)]
  0x0000020b81d446c0 JavaThread "Unconstrained build operations Thread 16"        [_thread_blocked, id=4848, stack(0x000000a00f500000,0x000000a00f600000) (1024K)]
  0x0000020b81d45a70 JavaThread "Unconstrained build operations Thread 17"        [_thread_blocked, id=12052, stack(0x000000a00f600000,0x000000a00f700000) (1024K)]
  0x0000020b81d46100 JavaThread "Unconstrained build operations Thread 18"        [_thread_blocked, id=4816, stack(0x000000a00f700000,0x000000a00f800000) (1024K)]
  0x0000020b81d46790 JavaThread "Unconstrained build operations Thread 19"        [_thread_blocked, id=14016, stack(0x000000a00f800000,0x000000a00f900000) (1024K)]
  0x0000020b81d47b40 JavaThread "Unconstrained build operations Thread 20"        [_thread_blocked, id=12712, stack(0x000000a00f900000,0x000000a00fa00000) (1024K)]
  0x0000020b82bf6b90 JavaThread "Unconstrained build operations Thread 21"        [_thread_blocked, id=15320, stack(0x000000a00fa00000,0x000000a00fb00000) (1024K)]
  0x0000020b82bf2360 JavaThread "Unconstrained build operations Thread 22"        [_thread_blocked, id=9024, stack(0x000000a00fb00000,0x000000a00fc00000) (1024K)]
  0x0000020b82bf6500 JavaThread "build event listener"              [_thread_blocked, id=10292, stack(0x000000a00fc00000,0x000000a00fd00000) (1024K)]
  0x0000020b82bf29f0 JavaThread "build event listener"              [_thread_blocked, id=5368, stack(0x000000a00fd00000,0x000000a00fe00000) (1024K)]
  0x0000020b82bf7220 JavaThread "included builds"                   [_thread_blocked, id=15316, stack(0x000000a00fe00000,0x000000a00ff00000) (1024K)]
  0x0000020b82bf0920 JavaThread "Execution worker"                  [_thread_blocked, id=1476, stack(0x000000a00ff00000,0x000000a010000000) (1024K)]
  0x0000020b82bf0fb0 JavaThread "Execution worker Thread 2"         [_thread_blocked, id=9028, stack(0x000000a010000000,0x000000a010100000) (1024K)]
  0x0000020b82bf4ac0 JavaThread "Execution worker Thread 3"         [_thread_blocked, id=13656, stack(0x000000a010100000,0x000000a010200000) (1024K)]
  0x0000020b82bf0290 JavaThread "Execution worker Thread 4"         [_thread_blocked, id=5172, stack(0x000000a010200000,0x000000a010300000) (1024K)]
  0x0000020b82bf1640 JavaThread "Execution worker Thread 5"         [_thread_blocked, id=13584, stack(0x000000a010300000,0x000000a010400000) (1024K)]
=>0x0000020b82bf5150 JavaThread "Execution worker Thread 6"         [_thread_in_vm, id=14724, stack(0x000000a010400000,0x000000a010500000) (1024K)]
  0x0000020b82bf1cd0 JavaThread "Execution worker Thread 7"         [_thread_blocked, id=6688, stack(0x000000a010500000,0x000000a010600000) (1024K)]
  0x0000020b82bf3710 JavaThread "Cache worker for execution history cache (D:\ChatApp\.gradle\8.11.1\executionHistory)"        [_thread_blocked, id=14912, stack(0x000000a010600000,0x000000a010700000) (1024K)]
  0x0000020b8a317cf0 JavaThread "Unconstrained build operations Thread 23"        [_thread_blocked, id=1324, stack(0x000000a010700000,0x000000a010800000) (1024K)]
  0x0000020b80282c30 JavaThread "Unconstrained build operations Thread 24"        [_thread_blocked, id=12596, stack(0x000000a010800000,0x000000a010900000) (1024K)]
  0x0000020b80283950 JavaThread "Unconstrained build operations Thread 25"        [_thread_blocked, id=14632, stack(0x000000a010900000,0x000000a010a00000) (1024K)]
  0x0000020b80284670 JavaThread "Unconstrained build operations Thread 26"        [_thread_blocked, id=10508, stack(0x000000a010a00000,0x000000a010b00000) (1024K)]
  0x0000020b8b252030 JavaThread "Unconstrained build operations Thread 27"        [_thread_blocked, id=12728, stack(0x000000a010b00000,0x000000a010c00000) (1024K)]
  0x0000020b8b253a70 JavaThread "Unconstrained build operations Thread 28"        [_thread_blocked, id=13428, stack(0x000000a010c00000,0x000000a010d00000) (1024K)]
  0x0000020b8b2519a0 JavaThread "Unconstrained build operations Thread 29"        [_thread_blocked, id=7392, stack(0x000000a010d00000,0x000000a010e00000) (1024K)]
  0x0000020b8b2554b0 JavaThread "Unconstrained build operations Thread 30"        [_thread_in_vm, id=6532, stack(0x000000a010e00000,0x000000a010f00000) (1024K)]
  0x0000020b8b2533e0 JavaThread "Unconstrained build operations Thread 31"        [_thread_blocked, id=14388, stack(0x000000a010f00000,0x000000a011000000) (1024K)]
  0x0000020b8b254790 JavaThread "Unconstrained build operations Thread 32"        [_thread_blocked, id=13836, stack(0x000000a011000000,0x000000a011100000) (1024K)]
  0x0000020b8b2561d0 JavaThread "Unconstrained build operations Thread 33"        [_thread_blocked, id=10904, stack(0x000000a011100000,0x000000a011200000) (1024K)]
  0x0000020b8b256860 JavaThread "Unconstrained build operations Thread 34"        [_thread_blocked, id=10088, stack(0x000000a011200000,0x000000a011300000) (1024K)]
  0x0000020b8b2526c0 JavaThread "Unconstrained build operations Thread 35"        [_thread_in_vm, id=14948, stack(0x000000a011300000,0x000000a011400000) (1024K)]
  0x0000020b8b255b40 JavaThread "Unconstrained build operations Thread 36"        [_thread_in_vm, id=604, stack(0x000000a011400000,0x000000a011500000) (1024K)]
  0x0000020b8b24f8d0 JavaThread "Unconstrained build operations Thread 37"        [_thread_blocked, id=14092, stack(0x000000a00e200000,0x000000a00e300000) (1024K)]
  0x0000020b8b252d50 JavaThread "Unconstrained build operations Thread 38"        [_thread_blocked, id=14536, stack(0x000000a011500000,0x000000a011600000) (1024K)]
  0x0000020b8b2505f0 JavaThread "Unconstrained build operations Thread 39"        [_thread_in_vm, id=14012, stack(0x000000a011700000,0x000000a011800000) (1024K)]
  0x0000020b8b254100 JavaThread "Unconstrained build operations Thread 40"        [_thread_in_vm, id=3824, stack(0x000000a011800000,0x000000a011900000) (1024K)]
  0x0000020b8b251310 JavaThread "Unconstrained build operations Thread 41"        [_thread_blocked, id=13564, stack(0x000000a011900000,0x000000a011a00000) (1024K)]
  0x0000020b8b254e20 JavaThread "Unconstrained build operations Thread 42"        [_thread_blocked, id=1856, stack(0x000000a011a00000,0x000000a011b00000) (1024K)]
  0x0000020b8b256ef0 JavaThread "Unconstrained build operations Thread 43"        [_thread_in_vm, id=5716, stack(0x000000a011b00000,0x000000a011c00000) (1024K)]
  0x0000020b84a85190 JavaThread "WorkerExecutor Queue"              [_thread_blocked, id=11352, stack(0x000000a011f00000,0x000000a012000000) (1024K)]
  0x0000020b84a830c0 JavaThread "WorkerExecutor Queue Thread 2"        [_thread_blocked, id=15224, stack(0x000000a012000000,0x000000a012100000) (1024K)]
  0x0000020b84a83de0 JavaThread "WorkerExecutor Queue Thread 3"        [_thread_blocked, id=2532, stack(0x000000a012100000,0x000000a012200000) (1024K)]
  0x0000020b84a82a30 JavaThread "WorkerExecutor Queue Thread 4"        [_thread_blocked, id=14480, stack(0x000000a012200000,0x000000a012300000) (1024K)]
  0x0000020b84a86540 JavaThread "WorkerExecutor Queue Thread 5"        [_thread_blocked, id=2280, stack(0x000000a012300000,0x000000a012400000) (1024K)]
  0x0000020b84a87260 JavaThread "WorkerExecutor Queue Thread 6"        [_thread_blocked, id=160, stack(0x000000a012400000,0x000000a012500000) (1024K)]
  0x0000020b84a88ca0 JavaThread "WorkerExecutor Queue Thread 7"        [_thread_blocked, id=12456, stack(0x000000a012500000,0x000000a012600000) (1024K)]
  0x0000020b84a8a050 JavaThread "WorkerExecutor Queue Thread 8"        [_thread_blocked, id=4952, stack(0x000000a012600000,0x000000a012700000) (1024K)]
  0x0000020b84a8ad70 JavaThread "Unconstrained build operations Thread 44"        [_thread_blocked, id=13420, stack(0x000000a012800000,0x000000a012900000) (1024K)]
  0x0000020b84a85eb0 JavaThread "Unconstrained build operations Thread 45"        [_thread_blocked, id=13440, stack(0x000000a012900000,0x000000a012a00000) (1024K)]
  0x0000020b84a89330 JavaThread "Unconstrained build operations Thread 46"        [_thread_blocked, id=6248, stack(0x000000a012a00000,0x000000a012b00000) (1024K)]
  0x0000020b84a88610 JavaThread "Unconstrained build operations Thread 47"        [_thread_blocked, id=12308, stack(0x000000a00cc00000,0x000000a00cd00000) (1024K)]
  0x0000020b84a8ba90 JavaThread "Unconstrained build operations Thread 48"        [_thread_blocked, id=1576, stack(0x000000a012b00000,0x000000a012c00000) (1024K)]
  0x0000020b84a84b00 JavaThread "Unconstrained build operations Thread 49"        [_thread_blocked, id=13216, stack(0x000000a012c00000,0x000000a012d00000) (1024K)]
  0x0000020b84a8ce40 JavaThread "Unconstrained build operations Thread 50"        [_thread_blocked, id=6860, stack(0x000000a012d00000,0x000000a012e00000) (1024K)]
  0x0000020b84a8c120 JavaThread "Unconstrained build operations Thread 51"        [_thread_blocked, id=8880, stack(0x000000a012e00000,0x000000a012f00000) (1024K)]
  0x0000020b84a8d4d0 JavaThread "Unconstrained build operations Thread 52"        [_thread_blocked, id=13964, stack(0x000000a012f00000,0x000000a013000000) (1024K)]
  0x0000020b84a902c0 JavaThread "Unconstrained build operations Thread 53"        [_thread_blocked, id=13636, stack(0x000000a013000000,0x000000a013100000) (1024K)]
  0x0000020b84a8f5a0 JavaThread "Unconstrained build operations Thread 54"        [_thread_blocked, id=7176, stack(0x000000a013100000,0x000000a013200000) (1024K)]
  0x0000020b84a8db60 JavaThread "Unconstrained build operations Thread 55"        [_thread_blocked, id=10732, stack(0x000000a013200000,0x000000a013300000) (1024K)]
  0x0000020b84a8c7b0 JavaThread "Unconstrained build operations Thread 56"        [_thread_blocked, id=9428, stack(0x000000a013300000,0x000000a013400000) (1024K)]
  0x0000020b84a8e1f0 JavaThread "Unconstrained build operations Thread 57"        [_thread_blocked, id=6956, stack(0x000000a013400000,0x000000a013500000) (1024K)]
  0x0000020b84a8e880 JavaThread "Unconstrained build operations Thread 58"        [_thread_blocked, id=4904, stack(0x000000a013500000,0x000000a013600000) (1024K)]
  0x0000020b84a8fc30 JavaThread "Unconstrained build operations Thread 59"        [_thread_blocked, id=8460, stack(0x000000a013600000,0x000000a013700000) (1024K)]
  0x0000020b84a90950 JavaThread "Unconstrained build operations Thread 60"        [_thread_blocked, id=4716, stack(0x000000a013700000,0x000000a013800000) (1024K)]
  0x0000020b8a236df0 JavaThread "Unconstrained build operations Thread 61"        [_thread_blocked, id=4600, stack(0x000000a013800000,0x000000a013900000) (1024K)]
  0x0000020b8a239550 JavaThread "Unconstrained build operations Thread 62"        [_thread_blocked, id=5724, stack(0x000000a013900000,0x000000a013a00000) (1024K)]
  0x0000020b8a237b10 JavaThread "Unconstrained build operations Thread 63"        [_thread_blocked, id=5884, stack(0x000000a013a00000,0x000000a013b00000) (1024K)]
  0x0000020b8a235a40 JavaThread "Unconstrained build operations Thread 64"        [_thread_blocked, id=9096, stack(0x000000a013b00000,0x000000a013c00000) (1024K)]
  0x0000020b8a2325c0 JavaThread "Unconstrained build operations Thread 65"        [_thread_blocked, id=11780, stack(0x000000a013c00000,0x000000a013d00000) (1024K)]
  0x0000020b8a237480 JavaThread "Unconstrained build operations Thread 66"        [_thread_blocked, id=14776, stack(0x000000a013d00000,0x000000a013e00000) (1024K)]
  0x0000020b8a2353b0 JavaThread "Unconstrained build operations Thread 67"        [_thread_blocked, id=14512, stack(0x000000a013e00000,0x000000a013f00000) (1024K)]
  0x0000020b8a2381a0 JavaThread "Unconstrained build operations Thread 68"        [_thread_blocked, id=6352, stack(0x000000a013f00000,0x000000a014000000) (1024K)]
  0x0000020b8a234d20 JavaThread "Unconstrained build operations Thread 69"        [_thread_blocked, id=12296, stack(0x000000a014000000,0x000000a014100000) (1024K)]
  0x0000020b8a232c50 JavaThread "Unconstrained build operations Thread 70"        [_thread_blocked, id=15324, stack(0x000000a014100000,0x000000a014200000) (1024K)]
  0x0000020b8a234000 JavaThread "Unconstrained build operations Thread 71"        [_thread_blocked, id=4392, stack(0x000000a014200000,0x000000a014300000) (1024K)]
  0x0000020b8a238830 JavaThread "Unconstrained build operations Thread 72"        [_thread_blocked, id=14896, stack(0x000000a014300000,0x000000a014400000) (1024K)]
  0x0000020b8a233970 JavaThread "Unconstrained build operations Thread 73"        [_thread_blocked, id=12168, stack(0x000000a014400000,0x000000a014500000) (1024K)]
  0x0000020b8a234690 JavaThread "Unconstrained build operations Thread 74"        [_thread_blocked, id=9940, stack(0x000000a014500000,0x000000a014600000) (1024K)]
  0x0000020b8b25b720 JavaThread "Unconstrained build operations Thread 75"        [_thread_blocked, id=7124, stack(0x000000a014600000,0x000000a014700000) (1024K)]
  0x0000020b8b25e510 JavaThread "Unconstrained build operations Thread 76"        [_thread_blocked, id=7796, stack(0x000000a014700000,0x000000a014800000) (1024K)]
  0x0000020b8b258fc0 JavaThread "Unconstrained build operations Thread 77"        [_thread_blocked, id=8824, stack(0x000000a014800000,0x000000a014900000) (1024K)]
  0x0000020b81d04a20 JavaThread "Unconstrained build operations Thread 78"        [_thread_blocked, id=4284, stack(0x000000a011c00000,0x000000a011d00000) (1024K)]
  0x0000020b81d098e0 JavaThread "Unconstrained build operations Thread 79"        [_thread_blocked, id=6972, stack(0x000000a011d00000,0x000000a011e00000) (1024K)]
  0x0000020b81d0a600 JavaThread "Unconstrained build operations Thread 80"        [_thread_blocked, id=8132, stack(0x000000a014900000,0x000000a014a00000) (1024K)]
  0x0000020b81d2ca90 JavaThread "C2 CompilerThread1"         daemon [_thread_blocked, id=12120, stack(0x000000a014a00000,0x000000a014b00000) (1024K)]
  0x0000020b81d050b0 JavaThread "pool-5-thread-1"                   [_thread_blocked, id=8832, stack(0x000000a014b00000,0x000000a014c00000) (1024K)]
  0x0000020b81d08530 JavaThread "stderr"                            [_thread_in_native, id=11908, stack(0x000000a014c00000,0x000000a014d00000) (1024K)]
  0x0000020b81d05dd0 JavaThread "stdout"                            [_thread_in_native, id=9916, stack(0x000000a014d00000,0x000000a014e00000) (1024K)]
Total: 144

Other Threads:
  0x0000020bfad472b0 VMThread "VM Thread"                           [id=13588, stack(0x000000a00b500000,0x000000a00b600000) (1024K)]
  0x0000020bface5340 WatcherThread "VM Periodic Task Thread"        [id=10680, stack(0x000000a00b400000,0x000000a00b500000) (1024K)]
  0x0000020be1705dc0 WorkerThread "GC Thread#0"                     [id=6588, stack(0x000000a00af00000,0x000000a00b000000) (1024K)]
  0x0000020bff641a60 WorkerThread "GC Thread#1"                     [id=12032, stack(0x000000a00c000000,0x000000a00c100000) (1024K)]
  0x0000020bff7aaee0 WorkerThread "GC Thread#2"                     [id=9292, stack(0x000000a00c100000,0x000000a00c200000) (1024K)]
  0x0000020b80589bf0 WorkerThread "GC Thread#3"                     [id=4100, stack(0x000000a00c200000,0x000000a00c300000) (1024K)]
  0x0000020b8011aeb0 WorkerThread "GC Thread#4"                     [id=14992, stack(0x000000a00c300000,0x000000a00c400000) (1024K)]
  0x0000020b8048e5b0 WorkerThread "GC Thread#5"                     [id=7080, stack(0x000000a00c400000,0x000000a00c500000) (1024K)]
  0x0000020b80286ac0 WorkerThread "GC Thread#6"                     [id=3556, stack(0x000000a00cf00000,0x000000a00d000000) (1024K)]
  0x0000020b80286e60 WorkerThread "GC Thread#7"                     [id=3108, stack(0x000000a00d000000,0x000000a00d100000) (1024K)]
  0x0000020be17186c0 ConcurrentGCThread "G1 Main Marker"            [id=8504, stack(0x000000a00b000000,0x000000a00b100000) (1024K)]
  0x0000020be17191c0 WorkerThread "G1 Conc#0"                       [id=13384, stack(0x000000a00b100000,0x000000a00b200000) (1024K)]
  0x0000020b801d9ed0 WorkerThread "G1 Conc#1"                       [id=7056, stack(0x000000a00d100000,0x000000a00d200000) (1024K)]
  0x0000020bfabb3180 ConcurrentGCThread "G1 Refine#0"               [id=14232, stack(0x000000a00b200000,0x000000a00b300000) (1024K)]
  0x0000020bfabb5b10 ConcurrentGCThread "G1 Service"                [id=13920, stack(0x000000a00b300000,0x000000a00b400000) (1024K)]
Total: 15

Threads with active compile tasks:
Total: 0

VM state: not at safepoint (normal execution)

VM Mutex/Monitor currently owned by a thread:  ([mutex/lock_event])
[0x00007ff8b8b4b160] Metaspace_lock - owner thread: 0x0000020b82bf5150

Heap address: 0x0000000080000000, size: 2048 MB, Compressed Oops mode: 32-bit

CDS archive(s) not mapped
Compressed class space mapped at: 0x0000000100000000-0x0000000140000000, reserved size: 1073741824
Narrow klass base: 0x0000000000000000, Narrow klass shift: 3, Narrow klass range: 0x140000000

GC Precious Log:
 CardTable entry size: 512
 Card Set container configuration: InlinePtr #cards 5 size 8 Array Of Cards #cards 12 size 40 Howl #buckets 4 coarsen threshold 1843 Howl Bitmap #cards 512 size 80 coarsen threshold 460 Card regions per heap region 1 cards per card region 2048
 CPUs: 8 total, 8 available
 Memory: 7914M
 Large Page Support: Disabled
 NUMA Support: Disabled
 Compressed Oops: Enabled (32-bit)
 Heap Region Size: 1M
 Heap Min Capacity: 8M
 Heap Initial Capacity: 124M
 Heap Max Capacity: 2G
 Pre-touch: Disabled
 Parallel Workers: 8
 Concurrent Workers: 2
 Concurrent Refinement Workers: 8
 Periodic GC: Disabled

Heap:
 garbage-first heap   total 440320K, used 281878K [0x0000000080000000, 0x0000000100000000)
  region size 1024K, 79 young (80896K), 18 survivors (18432K)
 Metaspace       used 163491K, committed 166144K, reserved 1245184K
  class space    used 21629K, committed 22976K, reserved 1048576K

Heap Regions: E=young(eden), S=young(survivor), O=old, HS=humongous(starts), HC=humongous(continues), CS=collection set, F=free, TAMS=top-at-mark-start, PB=parsable bottom
|   0|0x0000000080000000, 0x0000000080100000, 0x0000000080100000|100%| O|  |TAMS 0x0000000080000000| PB 0x0000000080000000| Untracked 
|   1|0x0000000080100000, 0x0000000080200000, 0x0000000080200000|100%|HS|  |TAMS 0x0000000080100000| PB 0x0000000080100000| Complete 
|   2|0x0000000080200000, 0x0000000080300000, 0x0000000080300000|100%|HC|  |TAMS 0x0000000080200000| PB 0x0000000080200000| Complete 
|   3|0x0000000080300000, 0x0000000080400000, 0x0000000080400000|100%|HC|  |TAMS 0x0000000080300000| PB 0x0000000080300000| Complete 
|   4|0x0000000080400000, 0x0000000080500000, 0x0000000080500000|100%| O|  |TAMS 0x0000000080400000| PB 0x0000000080400000| Untracked 
|   5|0x0000000080500000, 0x0000000080600000, 0x0000000080600000|100%| O|  |TAMS 0x0000000080500000| PB 0x0000000080500000| Untracked 
|   6|0x0000000080600000, 0x0000000080700000, 0x0000000080700000|100%| O|  |TAMS 0x0000000080600000| PB 0x0000000080600000| Untracked 
|   7|0x0000000080700000, 0x0000000080800000, 0x0000000080800000|100%|HS|  |TAMS 0x0000000080700000| PB 0x0000000080700000| Complete 
|   8|0x0000000080800000, 0x0000000080900000, 0x0000000080900000|100%|HS|  |TAMS 0x0000000080800000| PB 0x0000000080800000| Complete 
|   9|0x0000000080900000, 0x0000000080a00000, 0x0000000080a00000|100%| O|  |TAMS 0x0000000080900000| PB 0x0000000080900000| Untracked 
|  10|0x0000000080a00000, 0x0000000080b00000, 0x0000000080b00000|100%| O|  |TAMS 0x0000000080a00000| PB 0x0000000080a00000| Untracked 
|  11|0x0000000080b00000, 0x0000000080c00000, 0x0000000080c00000|100%| O|  |TAMS 0x0000000080b00000| PB 0x0000000080b00000| Untracked 
|  12|0x0000000080c00000, 0x0000000080d00000, 0x0000000080d00000|100%| O|  |TAMS 0x0000000080c00000| PB 0x0000000080c00000| Untracked 
|  13|0x0000000080d00000, 0x0000000080e00000, 0x0000000080e00000|100%|HS|  |TAMS 0x0000000080d00000| PB 0x0000000080d00000| Complete 
|  14|0x0000000080e00000, 0x0000000080f00000, 0x0000000080f00000|100%|HC|  |TAMS 0x0000000080e00000| PB 0x0000000080e00000| Complete 
|  15|0x0000000080f00000, 0x0000000081000000, 0x0000000081000000|100%|HC|  |TAMS 0x0000000080f00000| PB 0x0000000080f00000| Complete 
|  16|0x0000000081000000, 0x0000000081100000, 0x0000000081100000|100%|HC|  |TAMS 0x0000000081000000| PB 0x0000000081000000| Complete 
|  17|0x0000000081100000, 0x0000000081200000, 0x0000000081200000|100%|HC|  |TAMS 0x0000000081100000| PB 0x0000000081100000| Complete 
|  18|0x0000000081200000, 0x0000000081300000, 0x0000000081300000|100%|HC|  |TAMS 0x0000000081200000| PB 0x0000000081200000| Complete 
|  19|0x0000000081300000, 0x0000000081400000, 0x0000000081400000|100%|HS|  |TAMS 0x0000000081300000| PB 0x0000000081300000| Complete 
|  20|0x0000000081400000, 0x0000000081500000, 0x0000000081500000|100%|HC|  |TAMS 0x0000000081400000| PB 0x0000000081400000| Complete 
|  21|0x0000000081500000, 0x0000000081600000, 0x0000000081600000|100%|HC|  |TAMS 0x0000000081500000| PB 0x0000000081500000| Complete 
|  22|0x0000000081600000, 0x0000000081700000, 0x0000000081700000|100%|HC|  |TAMS 0x0000000081600000| PB 0x0000000081600000| Complete 
|  23|0x0000000081700000, 0x0000000081800000, 0x0000000081800000|100%|HS|  |TAMS 0x0000000081700000| PB 0x0000000081700000| Complete 
|  24|0x0000000081800000, 0x0000000081900000, 0x0000000081900000|100%|HC|  |TAMS 0x0000000081800000| PB 0x0000000081800000| Complete 
|  25|0x0000000081900000, 0x0000000081a00000, 0x0000000081a00000|100%| O|  |TAMS 0x0000000081900000| PB 0x0000000081900000| Untracked 
|  26|0x0000000081a00000, 0x0000000081b00000, 0x0000000081b00000|100%| O|  |TAMS 0x0000000081a00000| PB 0x0000000081a00000| Untracked 
|  27|0x0000000081b00000, 0x0000000081c00000, 0x0000000081c00000|100%| O|  |TAMS 0x0000000081b00000| PB 0x0000000081b00000| Untracked 
|  28|0x0000000081c00000, 0x0000000081d00000, 0x0000000081d00000|100%| O|  |TAMS 0x0000000081c00000| PB 0x0000000081c00000| Untracked 
|  29|0x0000000081d00000, 0x0000000081e00000, 0x0000000081e00000|100%| O|  |TAMS 0x0000000081d00000| PB 0x0000000081d00000| Untracked 
|  30|0x0000000081e00000, 0x0000000081f00000, 0x0000000081f00000|100%| O|  |TAMS 0x0000000081e00000| PB 0x0000000081e00000| Untracked 
|  31|0x0000000081f00000, 0x0000000082000000, 0x0000000082000000|100%| O|  |TAMS 0x0000000081f00000| PB 0x0000000081f00000| Untracked 
|  32|0x0000000082000000, 0x0000000082100000, 0x0000000082100000|100%|HS|  |TAMS 0x0000000082000000| PB 0x0000000082000000| Complete 
|  33|0x0000000082100000, 0x0000000082200000, 0x0000000082200000|100%|HC|  |TAMS 0x0000000082100000| PB 0x0000000082100000| Complete 
|  34|0x0000000082200000, 0x0000000082300000, 0x0000000082300000|100%| O|  |TAMS 0x0000000082200000| PB 0x0000000082200000| Untracked 
|  35|0x0000000082300000, 0x0000000082400000, 0x0000000082400000|100%| O|  |TAMS 0x0000000082300000| PB 0x0000000082300000| Untracked 
|  36|0x0000000082400000, 0x0000000082500000, 0x0000000082500000|100%| O|  |TAMS 0x0000000082400000| PB 0x0000000082400000| Untracked 
|  37|0x0000000082500000, 0x0000000082600000, 0x0000000082600000|100%| O|  |TAMS 0x0000000082500000| PB 0x0000000082500000| Untracked 
|  38|0x0000000082600000, 0x0000000082700000, 0x0000000082700000|100%| O|  |TAMS 0x0000000082600000| PB 0x0000000082600000| Untracked 
|  39|0x0000000082700000, 0x0000000082800000, 0x0000000082800000|100%| O|  |TAMS 0x0000000082700000| PB 0x0000000082700000| Untracked 
|  40|0x0000000082800000, 0x0000000082900000, 0x0000000082900000|100%| O|  |TAMS 0x0000000082800000| PB 0x0000000082800000| Untracked 
|  41|0x0000000082900000, 0x0000000082a00000, 0x0000000082a00000|100%| O|  |TAMS 0x0000000082900000| PB 0x0000000082900000| Untracked 
|  42|0x0000000082a00000, 0x0000000082b00000, 0x0000000082b00000|100%| O|  |TAMS 0x0000000082a00000| PB 0x0000000082a00000| Untracked 
|  43|0x0000000082b00000, 0x0000000082c00000, 0x0000000082c00000|100%| O|  |TAMS 0x0000000082b00000| PB 0x0000000082b00000| Untracked 
|  44|0x0000000082c00000, 0x0000000082d00000, 0x0000000082d00000|100%| O|  |TAMS 0x0000000082c00000| PB 0x0000000082c00000| Untracked 
|  45|0x0000000082d00000, 0x0000000082e00000, 0x0000000082e00000|100%| O|  |TAMS 0x0000000082d00000| PB 0x0000000082d00000| Untracked 
|  46|0x0000000082e00000, 0x0000000082f00000, 0x0000000082f00000|100%| O|  |TAMS 0x0000000082e00000| PB 0x0000000082e00000| Untracked 
|  47|0x0000000082f00000, 0x0000000083000000, 0x0000000083000000|100%| O|  |TAMS 0x0000000082f00000| PB 0x0000000082f00000| Untracked 
|  48|0x0000000083000000, 0x0000000083100000, 0x0000000083100000|100%| O|  |TAMS 0x0000000083000000| PB 0x0000000083000000| Untracked 
|  49|0x0000000083100000, 0x0000000083200000, 0x0000000083200000|100%| O|  |TAMS 0x0000000083100000| PB 0x0000000083100000| Untracked 
|  50|0x0000000083200000, 0x0000000083300000, 0x0000000083300000|100%| O|  |TAMS 0x0000000083200000| PB 0x0000000083200000| Untracked 
|  51|0x0000000083300000, 0x0000000083400000, 0x0000000083400000|100%| O|  |TAMS 0x0000000083300000| PB 0x0000000083300000| Untracked 
|  52|0x0000000083400000, 0x0000000083500000, 0x0000000083500000|100%| O|  |TAMS 0x0000000083400000| PB 0x0000000083400000| Untracked 
|  53|0x0000000083500000, 0x0000000083600000, 0x0000000083600000|100%| O|  |TAMS 0x0000000083500000| PB 0x0000000083500000| Untracked 
|  54|0x0000000083600000, 0x0000000083700000, 0x0000000083700000|100%| O|  |TAMS 0x0000000083600000| PB 0x0000000083600000| Untracked 
|  55|0x0000000083700000, 0x0000000083800000, 0x0000000083800000|100%| O|  |TAMS 0x0000000083700000| PB 0x0000000083700000| Untracked 
|  56|0x0000000083800000, 0x0000000083900000, 0x0000000083900000|100%| O|  |TAMS 0x0000000083800000| PB 0x0000000083800000| Untracked 
|  57|0x0000000083900000, 0x0000000083a00000, 0x0000000083a00000|100%|HS|  |TAMS 0x0000000083900000| PB 0x0000000083900000| Complete 
|  58|0x0000000083a00000, 0x0000000083b00000, 0x0000000083b00000|100%|HC|  |TAMS 0x0000000083a00000| PB 0x0000000083a00000| Complete 
|  59|0x0000000083b00000, 0x0000000083c00000, 0x0000000083c00000|100%|HC|  |TAMS 0x0000000083b00000| PB 0x0000000083b00000| Complete 
|  60|0x0000000083c00000, 0x0000000083d00000, 0x0000000083d00000|100%|HC|  |TAMS 0x0000000083c00000| PB 0x0000000083c00000| Complete 
|  61|0x0000000083d00000, 0x0000000083e00000, 0x0000000083e00000|100%|HC|  |TAMS 0x0000000083d00000| PB 0x0000000083d00000| Complete 
|  62|0x0000000083e00000, 0x0000000083f00000, 0x0000000083f00000|100%|HC|  |TAMS 0x0000000083e00000| PB 0x0000000083e00000| Complete 
|  63|0x0000000083f00000, 0x0000000084000000, 0x0000000084000000|100%|HS|  |TAMS 0x0000000083f00000| PB 0x0000000083f00000| Complete 
|  64|0x0000000084000000, 0x0000000084100000, 0x0000000084100000|100%|HC|  |TAMS 0x0000000084000000| PB 0x0000000084000000| Complete 
|  65|0x0000000084100000, 0x0000000084200000, 0x0000000084200000|100%|HC|  |TAMS 0x0000000084100000| PB 0x0000000084100000| Complete 
|  66|0x0000000084200000, 0x0000000084300000, 0x0000000084300000|100%|HC|  |TAMS 0x0000000084200000| PB 0x0000000084200000| Complete 
|  67|0x0000000084300000, 0x0000000084400000, 0x0000000084400000|100%|HC|  |TAMS 0x0000000084300000| PB 0x0000000084300000| Complete 
|  68|0x0000000084400000, 0x0000000084500000, 0x0000000084500000|100%|HC|  |TAMS 0x0000000084400000| PB 0x0000000084400000| Complete 
|  69|0x0000000084500000, 0x0000000084600000, 0x0000000084600000|100%| O|  |TAMS 0x0000000084500000| PB 0x0000000084500000| Untracked 
|  70|0x0000000084600000, 0x0000000084700000, 0x0000000084700000|100%| O|  |TAMS 0x0000000084600000| PB 0x0000000084600000| Untracked 
|  71|0x0000000084700000, 0x0000000084800000, 0x0000000084800000|100%| O|  |TAMS 0x0000000084700000| PB 0x0000000084700000| Untracked 
|  72|0x0000000084800000, 0x0000000084900000, 0x0000000084900000|100%| O|  |TAMS 0x0000000084800000| PB 0x0000000084800000| Untracked 
|  73|0x0000000084900000, 0x0000000084a00000, 0x0000000084a00000|100%| O|  |TAMS 0x0000000084900000| PB 0x0000000084900000| Untracked 
|  74|0x0000000084a00000, 0x0000000084b00000, 0x0000000084b00000|100%| O|  |TAMS 0x0000000084a00000| PB 0x0000000084a00000| Untracked 
|  75|0x0000000084b00000, 0x0000000084b00000, 0x0000000084c00000|  0%| F|  |TAMS 0x0000000084b00000| PB 0x0000000084b00000| Untracked 
|  76|0x0000000084c00000, 0x0000000084d00000, 0x0000000084d00000|100%| O|  |TAMS 0x0000000084c00000| PB 0x0000000084c00000| Untracked 
|  77|0x0000000084d00000, 0x0000000084e00000, 0x0000000084e00000|100%|HS|  |TAMS 0x0000000084d00000| PB 0x0000000084d00000| Complete 
|  78|0x0000000084e00000, 0x0000000084f00000, 0x0000000084f00000|100%|HS|  |TAMS 0x0000000084e00000| PB 0x0000000084e00000| Complete 
|  79|0x0000000084f00000, 0x0000000085000000, 0x0000000085000000|100%|HS|  |TAMS 0x0000000084f00000| PB 0x0000000084f00000| Complete 
|  80|0x0000000085000000, 0x0000000085100000, 0x0000000085100000|100%|HC|  |TAMS 0x0000000085000000| PB 0x0000000085000000| Complete 
|  81|0x0000000085100000, 0x0000000085200000, 0x0000000085200000|100%|HS|  |TAMS 0x0000000085100000| PB 0x0000000085100000| Complete 
|  82|0x0000000085200000, 0x0000000085300000, 0x0000000085300000|100%|HC|  |TAMS 0x0000000085200000| PB 0x0000000085200000| Complete 
|  83|0x0000000085300000, 0x0000000085400000, 0x0000000085400000|100%|HS|  |TAMS 0x0000000085300000| PB 0x0000000085300000| Complete 
|  84|0x0000000085400000, 0x0000000085500000, 0x0000000085500000|100%|HS|  |TAMS 0x0000000085400000| PB 0x0000000085400000| Complete 
|  85|0x0000000085500000, 0x0000000085600000, 0x0000000085600000|100%|HC|  |TAMS 0x0000000085500000| PB 0x0000000085500000| Complete 
|  86|0x0000000085600000, 0x0000000085700000, 0x0000000085700000|100%|HC|  |TAMS 0x0000000085600000| PB 0x0000000085600000| Complete 
|  87|0x0000000085700000, 0x0000000085800000, 0x0000000085800000|100%|HS|  |TAMS 0x0000000085700000| PB 0x0000000085700000| Complete 
|  88|0x0000000085800000, 0x0000000085900000, 0x0000000085900000|100%| O|  |TAMS 0x0000000085800000| PB 0x0000000085800000| Untracked 
|  89|0x0000000085900000, 0x0000000085a00000, 0x0000000085a00000|100%| O|  |TAMS 0x0000000085900000| PB 0x0000000085900000| Untracked 
|  90|0x0000000085a00000, 0x0000000085b00000, 0x0000000085b00000|100%| O|  |TAMS 0x0000000085a00000| PB 0x0000000085a00000| Untracked 
|  91|0x0000000085b00000, 0x0000000085c00000, 0x0000000085c00000|100%|HS|  |TAMS 0x0000000085b00000| PB 0x0000000085b00000| Complete 
|  92|0x0000000085c00000, 0x0000000085d00000, 0x0000000085d00000|100%| O|  |TAMS 0x0000000085c00000| PB 0x0000000085c00000| Untracked 
|  93|0x0000000085d00000, 0x0000000085e00000, 0x0000000085e00000|100%|HS|  |TAMS 0x0000000085d00000| PB 0x0000000085d00000| Complete 
|  94|0x0000000085e00000, 0x0000000085f00000, 0x0000000085f00000|100%| O|  |TAMS 0x0000000085e00000| PB 0x0000000085e00000| Untracked 
|  95|0x0000000085f00000, 0x0000000086000000, 0x0000000086000000|100%| O|  |TAMS 0x0000000085f00000| PB 0x0000000085f00000| Untracked 
|  96|0x0000000086000000, 0x0000000086100000, 0x0000000086100000|100%| O|  |TAMS 0x0000000086000000| PB 0x0000000086000000| Untracked 
|  97|0x0000000086100000, 0x0000000086200000, 0x0000000086200000|100%| O|  |TAMS 0x0000000086100000| PB 0x0000000086100000| Untracked 
|  98|0x0000000086200000, 0x0000000086300000, 0x0000000086300000|100%| O|  |TAMS 0x0000000086200000| PB 0x0000000086200000| Untracked 
|  99|0x0000000086300000, 0x0000000086400000, 0x0000000086400000|100%| O|  |TAMS 0x0000000086300000| PB 0x0000000086300000| Untracked 
| 100|0x0000000086400000, 0x0000000086500000, 0x0000000086500000|100%| O|  |TAMS 0x0000000086400000| PB 0x0000000086400000| Untracked 
| 101|0x0000000086500000, 0x0000000086600000, 0x0000000086600000|100%|HS|  |TAMS 0x0000000086500000| PB 0x0000000086500000| Complete 
| 102|0x0000000086600000, 0x0000000086700000, 0x0000000086700000|100%| O|  |TAMS 0x0000000086600000| PB 0x0000000086600000| Untracked 
| 103|0x0000000086700000, 0x0000000086800000, 0x0000000086800000|100%| O|  |TAMS 0x0000000086700000| PB 0x0000000086700000| Untracked 
| 104|0x0000000086800000, 0x0000000086900000, 0x0000000086900000|100%| O|  |TAMS 0x0000000086800000| PB 0x0000000086800000| Untracked 
| 105|0x0000000086900000, 0x0000000086a00000, 0x0000000086a00000|100%|HS|  |TAMS 0x0000000086900000| PB 0x0000000086900000| Complete 
| 106|0x0000000086a00000, 0x0000000086b00000, 0x0000000086b00000|100%|HC|  |TAMS 0x0000000086a00000| PB 0x0000000086a00000| Complete 
| 107|0x0000000086b00000, 0x0000000086c00000, 0x0000000086c00000|100%|HC|  |TAMS 0x0000000086b00000| PB 0x0000000086b00000| Complete 
| 108|0x0000000086c00000, 0x0000000086d00000, 0x0000000086d00000|100%| O|  |TAMS 0x0000000086c00000| PB 0x0000000086c00000| Untracked 
| 109|0x0000000086d00000, 0x0000000086e00000, 0x0000000086e00000|100%| O|  |TAMS 0x0000000086d00000| PB 0x0000000086d00000| Untracked 
| 110|0x0000000086e00000, 0x0000000086f00000, 0x0000000086f00000|100%| O|  |TAMS 0x0000000086e00000| PB 0x0000000086e00000| Untracked 
| 111|0x0000000086f00000, 0x0000000087000000, 0x0000000087000000|100%| O|  |TAMS 0x0000000086f00000| PB 0x0000000086f00000| Untracked 
| 112|0x0000000087000000, 0x0000000087100000, 0x0000000087100000|100%|HS|  |TAMS 0x0000000087000000| PB 0x0000000087000000| Complete 
| 113|0x0000000087100000, 0x0000000087200000, 0x0000000087200000|100%|HC|  |TAMS 0x0000000087100000| PB 0x0000000087100000| Complete 
| 114|0x0000000087200000, 0x0000000087300000, 0x0000000087300000|100%| O|  |TAMS 0x0000000087200000| PB 0x0000000087200000| Untracked 
| 115|0x0000000087300000, 0x0000000087400000, 0x0000000087400000|100%| O|  |TAMS 0x0000000087300000| PB 0x0000000087300000| Untracked 
| 116|0x0000000087400000, 0x0000000087500000, 0x0000000087500000|100%|HS|  |TAMS 0x0000000087400000| PB 0x0000000087400000| Complete 
| 117|0x0000000087500000, 0x0000000087600000, 0x0000000087600000|100%|HC|  |TAMS 0x0000000087500000| PB 0x0000000087500000| Complete 
| 118|0x0000000087600000, 0x0000000087700000, 0x0000000087700000|100%|HC|  |TAMS 0x0000000087600000| PB 0x0000000087600000| Complete 
| 119|0x0000000087700000, 0x0000000087800000, 0x0000000087800000|100%|HC|  |TAMS 0x0000000087700000| PB 0x0000000087700000| Complete 
| 120|0x0000000087800000, 0x0000000087900000, 0x0000000087900000|100%|HS|  |TAMS 0x0000000087800000| PB 0x0000000087800000| Complete 
| 121|0x0000000087900000, 0x0000000087a00000, 0x0000000087a00000|100%| O|  |TAMS 0x0000000087900000| PB 0x0000000087900000| Untracked 
| 122|0x0000000087a00000, 0x0000000087b00000, 0x0000000087b00000|100%| O|  |TAMS 0x0000000087a00000| PB 0x0000000087a00000| Untracked 
| 123|0x0000000087b00000, 0x0000000087c00000, 0x0000000087c00000|100%| O|  |TAMS 0x0000000087b00000| PB 0x0000000087b00000| Untracked 
| 124|0x0000000087c00000, 0x0000000087d00000, 0x0000000087d00000|100%| O|  |TAMS 0x0000000087c00000| PB 0x0000000087c00000| Untracked 
| 125|0x0000000087d00000, 0x0000000087e00000, 0x0000000087e00000|100%| O|  |TAMS 0x0000000087d00000| PB 0x0000000087d00000| Untracked 
| 126|0x0000000087e00000, 0x0000000087f00000, 0x0000000087f00000|100%| O|  |TAMS 0x0000000087e00000| PB 0x0000000087e00000| Untracked 
| 127|0x0000000087f00000, 0x0000000088000000, 0x0000000088000000|100%| O|  |TAMS 0x0000000087f00000| PB 0x0000000087f00000| Untracked 
| 128|0x0000000088000000, 0x0000000088100000, 0x0000000088100000|100%|HS|  |TAMS 0x0000000088000000| PB 0x0000000088000000| Complete 
| 129|0x0000000088100000, 0x0000000088200000, 0x0000000088200000|100%|HC|  |TAMS 0x0000000088100000| PB 0x0000000088100000| Complete 
| 130|0x0000000088200000, 0x0000000088300000, 0x0000000088300000|100%|HC|  |TAMS 0x0000000088200000| PB 0x0000000088200000| Complete 
| 131|0x0000000088300000, 0x0000000088400000, 0x0000000088400000|100%|HC|  |TAMS 0x0000000088300000| PB 0x0000000088300000| Complete 
| 132|0x0000000088400000, 0x0000000088500000, 0x0000000088500000|100%|HC|  |TAMS 0x0000000088400000| PB 0x0000000088400000| Complete 
| 133|0x0000000088500000, 0x0000000088600000, 0x0000000088600000|100%|HC|  |TAMS 0x0000000088500000| PB 0x0000000088500000| Complete 
| 134|0x0000000088600000, 0x0000000088700000, 0x0000000088700000|100%|HS|  |TAMS 0x0000000088600000| PB 0x0000000088600000| Complete 
| 135|0x0000000088700000, 0x0000000088800000, 0x0000000088800000|100%|HC|  |TAMS 0x0000000088700000| PB 0x0000000088700000| Complete 
| 136|0x0000000088800000, 0x0000000088900000, 0x0000000088900000|100%| O|  |TAMS 0x0000000088800000| PB 0x0000000088800000| Untracked 
| 137|0x0000000088900000, 0x0000000088a00000, 0x0000000088a00000|100%| O|  |TAMS 0x0000000088900000| PB 0x0000000088900000| Untracked 
| 138|0x0000000088a00000, 0x0000000088b00000, 0x0000000088b00000|100%| O|  |TAMS 0x0000000088a00000| PB 0x0000000088a00000| Untracked 
| 139|0x0000000088b00000, 0x0000000088c00000, 0x0000000088c00000|100%| O|  |TAMS 0x0000000088b00000| PB 0x0000000088b00000| Untracked 
| 140|0x0000000088c00000, 0x0000000088d00000, 0x0000000088d00000|100%| O|  |TAMS 0x0000000088c00000| PB 0x0000000088c00000| Untracked 
| 141|0x0000000088d00000, 0x0000000088e00000, 0x0000000088e00000|100%| O|  |TAMS 0x0000000088d00000| PB 0x0000000088d00000| Untracked 
| 142|0x0000000088e00000, 0x0000000088f00000, 0x0000000088f00000|100%| O|  |TAMS 0x0000000088e00000| PB 0x0000000088e00000| Untracked 
| 143|0x0000000088f00000, 0x0000000089000000, 0x0000000089000000|100%| O|  |TAMS 0x0000000088f00000| PB 0x0000000088f00000| Untracked 
| 144|0x0000000089000000, 0x0000000089100000, 0x0000000089100000|100%| O|  |TAMS 0x0000000089000000| PB 0x0000000089000000| Untracked 
| 145|0x0000000089100000, 0x0000000089200000, 0x0000000089200000|100%| O|  |TAMS 0x0000000089100000| PB 0x0000000089100000| Untracked 
| 146|0x0000000089200000, 0x0000000089300000, 0x0000000089300000|100%| O|  |TAMS 0x0000000089200000| PB 0x0000000089200000| Untracked 
| 147|0x0000000089300000, 0x0000000089400000, 0x0000000089400000|100%| O|  |TAMS 0x0000000089300000| PB 0x0000000089300000| Untracked 
| 148|0x0000000089400000, 0x0000000089500000, 0x0000000089500000|100%| O|  |TAMS 0x0000000089400000| PB 0x0000000089400000| Untracked 
| 149|0x0000000089500000, 0x0000000089600000, 0x0000000089600000|100%| O|  |TAMS 0x0000000089500000| PB 0x0000000089500000| Untracked 
| 150|0x0000000089600000, 0x0000000089700000, 0x0000000089700000|100%| O|  |TAMS 0x0000000089600000| PB 0x0000000089600000| Untracked 
| 151|0x0000000089700000, 0x0000000089800000, 0x0000000089800000|100%| O|  |TAMS 0x0000000089700000| PB 0x0000000089700000| Untracked 
| 152|0x0000000089800000, 0x0000000089900000, 0x0000000089900000|100%| O|  |TAMS 0x0000000089800000| PB 0x0000000089800000| Untracked 
| 153|0x0000000089900000, 0x0000000089a00000, 0x0000000089a00000|100%| O|  |TAMS 0x0000000089900000| PB 0x0000000089900000| Untracked 
| 154|0x0000000089a00000, 0x0000000089b00000, 0x0000000089b00000|100%| O|  |TAMS 0x0000000089a00000| PB 0x0000000089a00000| Untracked 
| 155|0x0000000089b00000, 0x0000000089c00000, 0x0000000089c00000|100%| O|  |TAMS 0x0000000089b00000| PB 0x0000000089b00000| Untracked 
| 156|0x0000000089c00000, 0x0000000089d00000, 0x0000000089d00000|100%| O|  |TAMS 0x0000000089c00000| PB 0x0000000089c00000| Untracked 
| 157|0x0000000089d00000, 0x0000000089d00000, 0x0000000089e00000|  0%| F|  |TAMS 0x0000000089d00000| PB 0x0000000089d00000| Untracked 
| 158|0x0000000089e00000, 0x0000000089f00000, 0x0000000089f00000|100%| O|  |TAMS 0x0000000089e00000| PB 0x0000000089e00000| Untracked 
| 159|0x0000000089f00000, 0x000000008a000000, 0x000000008a000000|100%| O|  |TAMS 0x0000000089f00000| PB 0x0000000089f00000| Untracked 
| 160|0x000000008a000000, 0x000000008a100000, 0x000000008a100000|100%| O|  |TAMS 0x000000008a000000| PB 0x000000008a000000| Untracked 
| 161|0x000000008a100000, 0x000000008a200000, 0x000000008a200000|100%| O|  |TAMS 0x000000008a100000| PB 0x000000008a100000| Untracked 
| 162|0x000000008a200000, 0x000000008a300000, 0x000000008a300000|100%| O|  |TAMS 0x000000008a200000| PB 0x000000008a200000| Untracked 
| 163|0x000000008a300000, 0x000000008a300000, 0x000000008a400000|  0%| F|  |TAMS 0x000000008a300000| PB 0x000000008a300000| Untracked 
| 164|0x000000008a400000, 0x000000008a500000, 0x000000008a500000|100%| O|  |TAMS 0x000000008a400000| PB 0x000000008a400000| Untracked 
| 165|0x000000008a500000, 0x000000008a500000, 0x000000008a600000|  0%| F|  |TAMS 0x000000008a500000| PB 0x000000008a500000| Untracked 
| 166|0x000000008a600000, 0x000000008a600000, 0x000000008a700000|  0%| F|  |TAMS 0x000000008a600000| PB 0x000000008a600000| Untracked 
| 167|0x000000008a700000, 0x000000008a700000, 0x000000008a800000|  0%| F|  |TAMS 0x000000008a700000| PB 0x000000008a700000| Untracked 
| 168|0x000000008a800000, 0x000000008a8cef88, 0x000000008a900000| 80%| O|  |TAMS 0x000000008a800000| PB 0x000000008a800000| Untracked 
| 169|0x000000008a900000, 0x000000008a900000, 0x000000008aa00000|  0%| F|  |TAMS 0x000000008a900000| PB 0x000000008a900000| Untracked 
| 170|0x000000008aa00000, 0x000000008aa00000, 0x000000008ab00000|  0%| F|  |TAMS 0x000000008aa00000| PB 0x000000008aa00000| Untracked 
| 171|0x000000008ab00000, 0x000000008ac00000, 0x000000008ac00000|100%| O|  |TAMS 0x000000008ab00000| PB 0x000000008ab00000| Untracked 
| 172|0x000000008ac00000, 0x000000008ad00000, 0x000000008ad00000|100%| O|  |TAMS 0x000000008ac00000| PB 0x000000008ac00000| Untracked 
| 173|0x000000008ad00000, 0x000000008ae00000, 0x000000008ae00000|100%| O|  |TAMS 0x000000008ad00000| PB 0x000000008ad00000| Untracked 
| 174|0x000000008ae00000, 0x000000008af00000, 0x000000008af00000|100%| O|  |TAMS 0x000000008ae00000| PB 0x000000008ae00000| Untracked 
| 175|0x000000008af00000, 0x000000008b000000, 0x000000008b000000|100%| O|  |TAMS 0x000000008af00000| PB 0x000000008af00000| Untracked 
| 176|0x000000008b000000, 0x000000008b000000, 0x000000008b100000|  0%| F|  |TAMS 0x000000008b000000| PB 0x000000008b000000| Untracked 
| 177|0x000000008b100000, 0x000000008b100000, 0x000000008b200000|  0%| F|  |TAMS 0x000000008b100000| PB 0x000000008b100000| Untracked 
| 178|0x000000008b200000, 0x000000008b200000, 0x000000008b300000|  0%| F|  |TAMS 0x000000008b200000| PB 0x000000008b200000| Untracked 
| 179|0x000000008b300000, 0x000000008b300000, 0x000000008b400000|  0%| F|  |TAMS 0x000000008b300000| PB 0x000000008b300000| Untracked 
| 180|0x000000008b400000, 0x000000008b400000, 0x000000008b500000|  0%| F|  |TAMS 0x000000008b400000| PB 0x000000008b400000| Untracked 
| 181|0x000000008b500000, 0x000000008b500000, 0x000000008b600000|  0%| F|  |TAMS 0x000000008b500000| PB 0x000000008b500000| Untracked 
| 182|0x000000008b600000, 0x000000008b600000, 0x000000008b700000|  0%| F|  |TAMS 0x000000008b600000| PB 0x000000008b600000| Untracked 
| 183|0x000000008b700000, 0x000000008b700000, 0x000000008b800000|  0%| F|  |TAMS 0x000000008b700000| PB 0x000000008b700000| Untracked 
| 184|0x000000008b800000, 0x000000008b900000, 0x000000008b900000|100%| O|  |TAMS 0x000000008b800000| PB 0x000000008b800000| Untracked 
| 185|0x000000008b900000, 0x000000008ba00000, 0x000000008ba00000|100%| O|  |TAMS 0x000000008b900000| PB 0x000000008b900000| Untracked 
| 186|0x000000008ba00000, 0x000000008bb00000, 0x000000008bb00000|100%| O|  |TAMS 0x000000008ba00000| PB 0x000000008ba00000| Untracked 
| 187|0x000000008bb00000, 0x000000008bc00000, 0x000000008bc00000|100%| O|  |TAMS 0x000000008bb00000| PB 0x000000008bb00000| Untracked 
| 188|0x000000008bc00000, 0x000000008bd00000, 0x000000008bd00000|100%| O|  |TAMS 0x000000008bc00000| PB 0x000000008bc00000| Untracked 
| 189|0x000000008bd00000, 0x000000008be00000, 0x000000008be00000|100%| O|  |TAMS 0x000000008bd00000| PB 0x000000008bd00000| Untracked 
| 190|0x000000008be00000, 0x000000008bf00000, 0x000000008bf00000|100%| O|  |TAMS 0x000000008be00000| PB 0x000000008be00000| Untracked 
| 191|0x000000008bf00000, 0x000000008c000000, 0x000000008c000000|100%| O|  |TAMS 0x000000008bf00000| PB 0x000000008bf00000| Untracked 
| 192|0x000000008c000000, 0x000000008c100000, 0x000000008c100000|100%| O|  |TAMS 0x000000008c000000| PB 0x000000008c000000| Untracked 
| 193|0x000000008c100000, 0x000000008c200000, 0x000000008c200000|100%| O|  |TAMS 0x000000008c100000| PB 0x000000008c100000| Untracked 
| 194|0x000000008c200000, 0x000000008c200000, 0x000000008c300000|  0%| F|  |TAMS 0x000000008c200000| PB 0x000000008c200000| Untracked 
| 195|0x000000008c300000, 0x000000008c300000, 0x000000008c400000|  0%| F|  |TAMS 0x000000008c300000| PB 0x000000008c300000| Untracked 
| 196|0x000000008c400000, 0x000000008c400000, 0x000000008c500000|  0%| F|  |TAMS 0x000000008c400000| PB 0x000000008c400000| Untracked 
| 197|0x000000008c500000, 0x000000008c500000, 0x000000008c600000|  0%| F|  |TAMS 0x000000008c500000| PB 0x000000008c500000| Untracked 
| 198|0x000000008c600000, 0x000000008c600000, 0x000000008c700000|  0%| F|  |TAMS 0x000000008c600000| PB 0x000000008c600000| Untracked 
| 199|0x000000008c700000, 0x000000008c700000, 0x000000008c800000|  0%| F|  |TAMS 0x000000008c700000| PB 0x000000008c700000| Untracked 
| 200|0x000000008c800000, 0x000000008c800000, 0x000000008c900000|  0%| F|  |TAMS 0x000000008c800000| PB 0x000000008c800000| Untracked 
| 201|0x000000008c900000, 0x000000008c900000, 0x000000008ca00000|  0%| F|  |TAMS 0x000000008c900000| PB 0x000000008c900000| Untracked 
| 202|0x000000008ca00000, 0x000000008ca00000, 0x000000008cb00000|  0%| F|  |TAMS 0x000000008ca00000| PB 0x000000008ca00000| Untracked 
| 203|0x000000008cb00000, 0x000000008cb00000, 0x000000008cc00000|  0%| F|  |TAMS 0x000000008cb00000| PB 0x000000008cb00000| Untracked 
| 204|0x000000008cc00000, 0x000000008cd00000, 0x000000008cd00000|100%| O|  |TAMS 0x000000008cc00000| PB 0x000000008cc00000| Untracked 
| 205|0x000000008cd00000, 0x000000008ce00000, 0x000000008ce00000|100%| O|  |TAMS 0x000000008cd00000| PB 0x000000008cd00000| Untracked 
| 206|0x000000008ce00000, 0x000000008cf00000, 0x000000008cf00000|100%| O|  |TAMS 0x000000008ce00000| PB 0x000000008ce00000| Untracked 
| 207|0x000000008cf00000, 0x000000008d000000, 0x000000008d000000|100%| O|  |TAMS 0x000000008cf00000| PB 0x000000008cf00000| Untracked 
| 208|0x000000008d000000, 0x000000008d100000, 0x000000008d100000|100%| O|  |TAMS 0x000000008d000000| PB 0x000000008d000000| Untracked 
| 209|0x000000008d100000, 0x000000008d200000, 0x000000008d200000|100%| O|Cm|TAMS 0x000000008d100000| PB 0x000000008d100000| Complete 
| 210|0x000000008d200000, 0x000000008d300000, 0x000000008d300000|100%| O|  |TAMS 0x000000008d200000| PB 0x000000008d200000| Untracked 
| 211|0x000000008d300000, 0x000000008d400000, 0x000000008d400000|100%| O|  |TAMS 0x000000008d300000| PB 0x000000008d300000| Untracked 
| 212|0x000000008d400000, 0x000000008d500000, 0x000000008d500000|100%| O|  |TAMS 0x000000008d400000| PB 0x000000008d400000| Untracked 
| 213|0x000000008d500000, 0x000000008d500000, 0x000000008d600000|  0%| F|  |TAMS 0x000000008d500000| PB 0x000000008d500000| Untracked 
| 214|0x000000008d600000, 0x000000008d600000, 0x000000008d700000|  0%| F|  |TAMS 0x000000008d600000| PB 0x000000008d600000| Untracked 
| 215|0x000000008d700000, 0x000000008d700000, 0x000000008d800000|  0%| F|  |TAMS 0x000000008d700000| PB 0x000000008d700000| Untracked 
| 216|0x000000008d800000, 0x000000008d800000, 0x000000008d900000|  0%| F|  |TAMS 0x000000008d800000| PB 0x000000008d800000| Untracked 
| 217|0x000000008d900000, 0x000000008d900000, 0x000000008da00000|  0%| F|  |TAMS 0x000000008d900000| PB 0x000000008d900000| Untracked 
| 218|0x000000008da00000, 0x000000008da00000, 0x000000008db00000|  0%| F|  |TAMS 0x000000008da00000| PB 0x000000008da00000| Untracked 
| 219|0x000000008db00000, 0x000000008db00000, 0x000000008dc00000|  0%| F|  |TAMS 0x000000008db00000| PB 0x000000008db00000| Untracked 
| 220|0x000000008dc00000, 0x000000008dc00000, 0x000000008dd00000|  0%| F|  |TAMS 0x000000008dc00000| PB 0x000000008dc00000| Untracked 
| 221|0x000000008dd00000, 0x000000008de00000, 0x000000008de00000|100%| O|  |TAMS 0x000000008dd00000| PB 0x000000008dd00000| Untracked 
| 222|0x000000008de00000, 0x000000008df00000, 0x000000008df00000|100%| O|  |TAMS 0x000000008de00000| PB 0x000000008de00000| Untracked 
| 223|0x000000008df00000, 0x000000008df00000, 0x000000008e000000|  0%| F|  |TAMS 0x000000008df00000| PB 0x000000008df00000| Untracked 
| 224|0x000000008e000000, 0x000000008e000000, 0x000000008e100000|  0%| F|  |TAMS 0x000000008e000000| PB 0x000000008e000000| Untracked 
| 225|0x000000008e100000, 0x000000008e100000, 0x000000008e200000|  0%| F|  |TAMS 0x000000008e100000| PB 0x000000008e100000| Untracked 
| 226|0x000000008e200000, 0x000000008e200000, 0x000000008e300000|  0%| F|  |TAMS 0x000000008e200000| PB 0x000000008e200000| Untracked 
| 227|0x000000008e300000, 0x000000008e376c20, 0x000000008e400000| 46%| S|CS|TAMS 0x000000008e300000| PB 0x000000008e300000| Complete 
| 228|0x000000008e400000, 0x000000008e400000, 0x000000008e500000|  0%| F|  |TAMS 0x000000008e400000| PB 0x000000008e400000| Untracked 
| 229|0x000000008e500000, 0x000000008e500000, 0x000000008e600000|  0%| F|  |TAMS 0x000000008e500000| PB 0x000000008e500000| Untracked 
| 230|0x000000008e600000, 0x000000008e600000, 0x000000008e700000|  0%| F|  |TAMS 0x000000008e600000| PB 0x000000008e600000| Untracked 
| 231|0x000000008e700000, 0x000000008e700000, 0x000000008e800000|  0%| F|  |TAMS 0x000000008e700000| PB 0x000000008e700000| Untracked 
| 232|0x000000008e800000, 0x000000008e800000, 0x000000008e900000|  0%| F|  |TAMS 0x000000008e800000| PB 0x000000008e800000| Untracked 
| 233|0x000000008e900000, 0x000000008e900000, 0x000000008ea00000|  0%| F|  |TAMS 0x000000008e900000| PB 0x000000008e900000| Untracked 
| 234|0x000000008ea00000, 0x000000008eb00000, 0x000000008eb00000|100%| S|CS|TAMS 0x000000008ea00000| PB 0x000000008ea00000| Complete 
| 235|0x000000008eb00000, 0x000000008eb00000, 0x000000008ec00000|  0%| F|  |TAMS 0x000000008eb00000| PB 0x000000008eb00000| Untracked 
| 236|0x000000008ec00000, 0x000000008ed00000, 0x000000008ed00000|100%| O|  |TAMS 0x000000008ec00000| PB 0x000000008ec00000| Untracked 
| 237|0x000000008ed00000, 0x000000008ee00000, 0x000000008ee00000|100%| O|  |TAMS 0x000000008ed00000| PB 0x000000008ed00000| Untracked 
| 238|0x000000008ee00000, 0x000000008ee00000, 0x000000008ef00000|  0%| F|  |TAMS 0x000000008ee00000| PB 0x000000008ee00000| Untracked 
| 239|0x000000008ef00000, 0x000000008ef00000, 0x000000008f000000|  0%| F|  |TAMS 0x000000008ef00000| PB 0x000000008ef00000| Untracked 
| 240|0x000000008f000000, 0x000000008f000000, 0x000000008f100000|  0%| F|  |TAMS 0x000000008f000000| PB 0x000000008f000000| Untracked 
| 241|0x000000008f100000, 0x000000008f100000, 0x000000008f200000|  0%| F|  |TAMS 0x000000008f100000| PB 0x000000008f100000| Untracked 
| 242|0x000000008f200000, 0x000000008f200000, 0x000000008f300000|  0%| F|  |TAMS 0x000000008f200000| PB 0x000000008f200000| Untracked 
| 243|0x000000008f300000, 0x000000008f400000, 0x000000008f400000|100%| O|  |TAMS 0x000000008f300000| PB 0x000000008f300000| Untracked 
| 244|0x000000008f400000, 0x000000008f500000, 0x000000008f500000|100%| S|CS|TAMS 0x000000008f400000| PB 0x000000008f400000| Complete 
| 245|0x000000008f500000, 0x000000008f600000, 0x000000008f600000|100%| S|CS|TAMS 0x000000008f500000| PB 0x000000008f500000| Complete 
| 246|0x000000008f600000, 0x000000008f700000, 0x000000008f700000|100%| S|CS|TAMS 0x000000008f600000| PB 0x000000008f600000| Complete 
| 247|0x000000008f700000, 0x000000008f800000, 0x000000008f800000|100%| S|CS|TAMS 0x000000008f700000| PB 0x000000008f700000| Complete 
| 248|0x000000008f800000, 0x000000008f900000, 0x000000008f900000|100%| S|CS|TAMS 0x000000008f800000| PB 0x000000008f800000| Complete 
| 249|0x000000008f900000, 0x000000008fa00000, 0x000000008fa00000|100%| S|CS|TAMS 0x000000008f900000| PB 0x000000008f900000| Complete 
| 250|0x000000008fa00000, 0x000000008fb00000, 0x000000008fb00000|100%| S|CS|TAMS 0x000000008fa00000| PB 0x000000008fa00000| Complete 
| 251|0x000000008fb00000, 0x000000008fc00000, 0x000000008fc00000|100%| S|CS|TAMS 0x000000008fb00000| PB 0x000000008fb00000| Complete 
| 252|0x000000008fc00000, 0x000000008fd00000, 0x000000008fd00000|100%| S|CS|TAMS 0x000000008fc00000| PB 0x000000008fc00000| Complete 
| 253|0x000000008fd00000, 0x000000008fe00000, 0x000000008fe00000|100%| S|CS|TAMS 0x000000008fd00000| PB 0x000000008fd00000| Complete 
| 254|0x000000008fe00000, 0x000000008ff00000, 0x000000008ff00000|100%| S|CS|TAMS 0x000000008fe00000| PB 0x000000008fe00000| Complete 
| 255|0x000000008ff00000, 0x0000000090000000, 0x0000000090000000|100%| S|CS|TAMS 0x000000008ff00000| PB 0x000000008ff00000| Complete 
| 256|0x0000000090000000, 0x0000000090000000, 0x0000000090100000|  0%| F|  |TAMS 0x0000000090000000| PB 0x0000000090000000| Untracked 
| 257|0x0000000090100000, 0x0000000090100000, 0x0000000090200000|  0%| F|  |TAMS 0x0000000090100000| PB 0x0000000090100000| Untracked 
| 258|0x0000000090200000, 0x0000000090200000, 0x0000000090300000|  0%| F|  |TAMS 0x0000000090200000| PB 0x0000000090200000| Untracked 
| 259|0x0000000090300000, 0x0000000090300000, 0x0000000090400000|  0%| F|  |TAMS 0x0000000090300000| PB 0x0000000090300000| Untracked 
| 260|0x0000000090400000, 0x0000000090400000, 0x0000000090500000|  0%| F|  |TAMS 0x0000000090400000| PB 0x0000000090400000| Untracked 
| 261|0x0000000090500000, 0x0000000090500000, 0x0000000090600000|  0%| F|  |TAMS 0x0000000090500000| PB 0x0000000090500000| Untracked 
| 262|0x0000000090600000, 0x0000000090600000, 0x0000000090700000|  0%| F|  |TAMS 0x0000000090600000| PB 0x0000000090600000| Untracked 
| 263|0x0000000090700000, 0x0000000090800000, 0x0000000090800000|100%| S|CS|TAMS 0x0000000090700000| PB 0x0000000090700000| Complete 
| 264|0x0000000090800000, 0x0000000090900000, 0x0000000090900000|100%| S|CS|TAMS 0x0000000090800000| PB 0x0000000090800000| Complete 
| 265|0x0000000090900000, 0x0000000090a00000, 0x0000000090a00000|100%| S|CS|TAMS 0x0000000090900000| PB 0x0000000090900000| Complete 
| 266|0x0000000090a00000, 0x0000000090b00000, 0x0000000090b00000|100%| S|CS|TAMS 0x0000000090a00000| PB 0x0000000090a00000| Complete 
| 267|0x0000000090b00000, 0x0000000090b00000, 0x0000000090c00000|  0%| F|  |TAMS 0x0000000090b00000| PB 0x0000000090b00000| Untracked 
| 268|0x0000000090c00000, 0x0000000090c00000, 0x0000000090d00000|  0%| F|  |TAMS 0x0000000090c00000| PB 0x0000000090c00000| Untracked 
| 269|0x0000000090d00000, 0x0000000090d00000, 0x0000000090e00000|  0%| F|  |TAMS 0x0000000090d00000| PB 0x0000000090d00000| Untracked 
| 270|0x0000000090e00000, 0x0000000090e00000, 0x0000000090f00000|  0%| F|  |TAMS 0x0000000090e00000| PB 0x0000000090e00000| Untracked 
| 271|0x0000000090f00000, 0x0000000090f00000, 0x0000000091000000|  0%| F|  |TAMS 0x0000000090f00000| PB 0x0000000090f00000| Untracked 
| 272|0x0000000091000000, 0x0000000091000000, 0x0000000091100000|  0%| F|  |TAMS 0x0000000091000000| PB 0x0000000091000000| Untracked 
| 273|0x0000000091100000, 0x0000000091100000, 0x0000000091200000|  0%| F|  |TAMS 0x0000000091100000| PB 0x0000000091100000| Untracked 
| 274|0x0000000091200000, 0x0000000091200000, 0x0000000091300000|  0%| F|  |TAMS 0x0000000091200000| PB 0x0000000091200000| Untracked 
| 275|0x0000000091300000, 0x0000000091300000, 0x0000000091400000|  0%| F|  |TAMS 0x0000000091300000| PB 0x0000000091300000| Untracked 
| 276|0x0000000091400000, 0x0000000091400000, 0x0000000091500000|  0%| F|  |TAMS 0x0000000091400000| PB 0x0000000091400000| Untracked 
| 277|0x0000000091500000, 0x0000000091500000, 0x0000000091600000|  0%| F|  |TAMS 0x0000000091500000| PB 0x0000000091500000| Untracked 
| 278|0x0000000091600000, 0x0000000091600000, 0x0000000091700000|  0%| F|  |TAMS 0x0000000091600000| PB 0x0000000091600000| Untracked 
| 279|0x0000000091700000, 0x0000000091700000, 0x0000000091800000|  0%| F|  |TAMS 0x0000000091700000| PB 0x0000000091700000| Untracked 
| 280|0x0000000091800000, 0x0000000091800000, 0x0000000091900000|  0%| F|  |TAMS 0x0000000091800000| PB 0x0000000091800000| Untracked 
| 281|0x0000000091900000, 0x0000000091900000, 0x0000000091a00000|  0%| F|  |TAMS 0x0000000091900000| PB 0x0000000091900000| Untracked 
| 282|0x0000000091a00000, 0x0000000091a00000, 0x0000000091b00000|  0%| F|  |TAMS 0x0000000091a00000| PB 0x0000000091a00000| Untracked 
| 283|0x0000000091b00000, 0x0000000091b00000, 0x0000000091c00000|  0%| F|  |TAMS 0x0000000091b00000| PB 0x0000000091b00000| Untracked 
| 284|0x0000000091c00000, 0x0000000091c00000, 0x0000000091d00000|  0%| F|  |TAMS 0x0000000091c00000| PB 0x0000000091c00000| Untracked 
| 285|0x0000000091d00000, 0x0000000091d00000, 0x0000000091e00000|  0%| F|  |TAMS 0x0000000091d00000| PB 0x0000000091d00000| Untracked 
| 286|0x0000000091e00000, 0x0000000091e00000, 0x0000000091f00000|  0%| F|  |TAMS 0x0000000091e00000| PB 0x0000000091e00000| Untracked 
| 287|0x0000000091f00000, 0x0000000091f00000, 0x0000000092000000|  0%| F|  |TAMS 0x0000000091f00000| PB 0x0000000091f00000| Untracked 
| 288|0x0000000092000000, 0x0000000092000000, 0x0000000092100000|  0%| F|  |TAMS 0x0000000092000000| PB 0x0000000092000000| Untracked 
| 289|0x0000000092100000, 0x0000000092100000, 0x0000000092200000|  0%| F|  |TAMS 0x0000000092100000| PB 0x0000000092100000| Untracked 
| 290|0x0000000092200000, 0x0000000092200000, 0x0000000092300000|  0%| F|  |TAMS 0x0000000092200000| PB 0x0000000092200000| Untracked 
| 291|0x0000000092300000, 0x0000000092300000, 0x0000000092400000|  0%| F|  |TAMS 0x0000000092300000| PB 0x0000000092300000| Untracked 
| 292|0x0000000092400000, 0x0000000092400000, 0x0000000092500000|  0%| F|  |TAMS 0x0000000092400000| PB 0x0000000092400000| Untracked 
| 293|0x0000000092500000, 0x0000000092500000, 0x0000000092600000|  0%| F|  |TAMS 0x0000000092500000| PB 0x0000000092500000| Untracked 
| 294|0x0000000092600000, 0x0000000092600000, 0x0000000092700000|  0%| F|  |TAMS 0x0000000092600000| PB 0x0000000092600000| Untracked 
| 295|0x0000000092700000, 0x0000000092700000, 0x0000000092800000|  0%| F|  |TAMS 0x0000000092700000| PB 0x0000000092700000| Untracked 
| 296|0x0000000092800000, 0x0000000092800000, 0x0000000092900000|  0%| F|  |TAMS 0x0000000092800000| PB 0x0000000092800000| Untracked 
| 297|0x0000000092900000, 0x0000000092900000, 0x0000000092a00000|  0%| F|  |TAMS 0x0000000092900000| PB 0x0000000092900000| Untracked 
| 298|0x0000000092a00000, 0x0000000092a00000, 0x0000000092b00000|  0%| F|  |TAMS 0x0000000092a00000| PB 0x0000000092a00000| Untracked 
| 299|0x0000000092b00000, 0x0000000092b00000, 0x0000000092c00000|  0%| F|  |TAMS 0x0000000092b00000| PB 0x0000000092b00000| Untracked 
| 300|0x0000000092c00000, 0x0000000092c00000, 0x0000000092d00000|  0%| F|  |TAMS 0x0000000092c00000| PB 0x0000000092c00000| Untracked 
| 301|0x0000000092d00000, 0x0000000092d00000, 0x0000000092e00000|  0%| F|  |TAMS 0x0000000092d00000| PB 0x0000000092d00000| Untracked 
| 302|0x0000000092e00000, 0x0000000092e00000, 0x0000000092f00000|  0%| F|  |TAMS 0x0000000092e00000| PB 0x0000000092e00000| Untracked 
| 303|0x0000000092f00000, 0x0000000092f00000, 0x0000000093000000|  0%| F|  |TAMS 0x0000000092f00000| PB 0x0000000092f00000| Untracked 
| 304|0x0000000093000000, 0x0000000093000000, 0x0000000093100000|  0%| F|  |TAMS 0x0000000093000000| PB 0x0000000093000000| Untracked 
| 305|0x0000000093100000, 0x0000000093100000, 0x0000000093200000|  0%| F|  |TAMS 0x0000000093100000| PB 0x0000000093100000| Untracked 
| 306|0x0000000093200000, 0x0000000093200000, 0x0000000093300000|  0%| F|  |TAMS 0x0000000093200000| PB 0x0000000093200000| Untracked 
| 307|0x0000000093300000, 0x0000000093300000, 0x0000000093400000|  0%| F|  |TAMS 0x0000000093300000| PB 0x0000000093300000| Untracked 
| 308|0x0000000093400000, 0x0000000093400000, 0x0000000093500000|  0%| F|  |TAMS 0x0000000093400000| PB 0x0000000093400000| Untracked 
| 309|0x0000000093500000, 0x0000000093500000, 0x0000000093600000|  0%| F|  |TAMS 0x0000000093500000| PB 0x0000000093500000| Untracked 
| 310|0x0000000093600000, 0x0000000093600000, 0x0000000093700000|  0%| F|  |TAMS 0x0000000093600000| PB 0x0000000093600000| Untracked 
| 311|0x0000000093700000, 0x0000000093700000, 0x0000000093800000|  0%| F|  |TAMS 0x0000000093700000| PB 0x0000000093700000| Untracked 
| 312|0x0000000093800000, 0x0000000093800000, 0x0000000093900000|  0%| F|  |TAMS 0x0000000093800000| PB 0x0000000093800000| Untracked 
| 313|0x0000000093900000, 0x0000000093900000, 0x0000000093a00000|  0%| F|  |TAMS 0x0000000093900000| PB 0x0000000093900000| Untracked 
| 314|0x0000000093a00000, 0x0000000093a00000, 0x0000000093b00000|  0%| F|  |TAMS 0x0000000093a00000| PB 0x0000000093a00000| Untracked 
| 315|0x0000000093b00000, 0x0000000093b00000, 0x0000000093c00000|  0%| F|  |TAMS 0x0000000093b00000| PB 0x0000000093b00000| Untracked 
| 316|0x0000000093c00000, 0x0000000093c00000, 0x0000000093d00000|  0%| F|  |TAMS 0x0000000093c00000| PB 0x0000000093c00000| Untracked 
| 317|0x0000000093d00000, 0x0000000093d00000, 0x0000000093e00000|  0%| F|  |TAMS 0x0000000093d00000| PB 0x0000000093d00000| Untracked 
| 318|0x0000000093e00000, 0x0000000093e00000, 0x0000000093f00000|  0%| F|  |TAMS 0x0000000093e00000| PB 0x0000000093e00000| Untracked 
| 319|0x0000000093f00000, 0x0000000093f00000, 0x0000000094000000|  0%| F|  |TAMS 0x0000000093f00000| PB 0x0000000093f00000| Untracked 
| 320|0x0000000094000000, 0x0000000094000000, 0x0000000094100000|  0%| F|  |TAMS 0x0000000094000000| PB 0x0000000094000000| Untracked 
| 321|0x0000000094100000, 0x0000000094100000, 0x0000000094200000|  0%| F|  |TAMS 0x0000000094100000| PB 0x0000000094100000| Untracked 
| 322|0x0000000094200000, 0x0000000094200000, 0x0000000094300000|  0%| F|  |TAMS 0x0000000094200000| PB 0x0000000094200000| Untracked 
| 323|0x0000000094300000, 0x0000000094300000, 0x0000000094400000|  0%| F|  |TAMS 0x0000000094300000| PB 0x0000000094300000| Untracked 
| 324|0x0000000094400000, 0x0000000094400000, 0x0000000094500000|  0%| F|  |TAMS 0x0000000094400000| PB 0x0000000094400000| Untracked 
| 325|0x0000000094500000, 0x0000000094500000, 0x0000000094600000|  0%| F|  |TAMS 0x0000000094500000| PB 0x0000000094500000| Untracked 
| 326|0x0000000094600000, 0x0000000094600000, 0x0000000094700000|  0%| F|  |TAMS 0x0000000094600000| PB 0x0000000094600000| Untracked 
| 327|0x0000000094700000, 0x0000000094700000, 0x0000000094800000|  0%| F|  |TAMS 0x0000000094700000| PB 0x0000000094700000| Untracked 
| 328|0x0000000094800000, 0x0000000094800000, 0x0000000094900000|  0%| F|  |TAMS 0x0000000094800000| PB 0x0000000094800000| Untracked 
| 329|0x0000000094900000, 0x0000000094900000, 0x0000000094a00000|  0%| F|  |TAMS 0x0000000094900000| PB 0x0000000094900000| Untracked 
| 330|0x0000000094a00000, 0x0000000094a00000, 0x0000000094b00000|  0%| F|  |TAMS 0x0000000094a00000| PB 0x0000000094a00000| Untracked 
| 331|0x0000000094b00000, 0x0000000094b00000, 0x0000000094c00000|  0%| F|  |TAMS 0x0000000094b00000| PB 0x0000000094b00000| Untracked 
| 332|0x0000000094c00000, 0x0000000094c00000, 0x0000000094d00000|  0%| F|  |TAMS 0x0000000094c00000| PB 0x0000000094c00000| Untracked 
| 333|0x0000000094d00000, 0x0000000094d00000, 0x0000000094e00000|  0%| F|  |TAMS 0x0000000094d00000| PB 0x0000000094d00000| Untracked 
| 334|0x0000000094e00000, 0x0000000094e00000, 0x0000000094f00000|  0%| F|  |TAMS 0x0000000094e00000| PB 0x0000000094e00000| Untracked 
| 335|0x0000000094f00000, 0x0000000094f00000, 0x0000000095000000|  0%| F|  |TAMS 0x0000000094f00000| PB 0x0000000094f00000| Untracked 
| 336|0x0000000095000000, 0x0000000095000000, 0x0000000095100000|  0%| F|  |TAMS 0x0000000095000000| PB 0x0000000095000000| Untracked 
| 337|0x0000000095100000, 0x0000000095100000, 0x0000000095200000|  0%| F|  |TAMS 0x0000000095100000| PB 0x0000000095100000| Untracked 
| 338|0x0000000095200000, 0x0000000095200000, 0x0000000095300000|  0%| F|  |TAMS 0x0000000095200000| PB 0x0000000095200000| Untracked 
| 339|0x0000000095300000, 0x0000000095300000, 0x0000000095400000|  0%| F|  |TAMS 0x0000000095300000| PB 0x0000000095300000| Untracked 
| 340|0x0000000095400000, 0x0000000095400000, 0x0000000095500000|  0%| F|  |TAMS 0x0000000095400000| PB 0x0000000095400000| Untracked 
| 341|0x0000000095500000, 0x0000000095500000, 0x0000000095600000|  0%| F|  |TAMS 0x0000000095500000| PB 0x0000000095500000| Untracked 
| 342|0x0000000095600000, 0x0000000095600000, 0x0000000095700000|  0%| F|  |TAMS 0x0000000095600000| PB 0x0000000095600000| Untracked 
| 343|0x0000000095700000, 0x0000000095700000, 0x0000000095800000|  0%| F|  |TAMS 0x0000000095700000| PB 0x0000000095700000| Untracked 
| 344|0x0000000095800000, 0x0000000095800000, 0x0000000095900000|  0%| F|  |TAMS 0x0000000095800000| PB 0x0000000095800000| Untracked 
| 345|0x0000000095900000, 0x0000000095900000, 0x0000000095a00000|  0%| F|  |TAMS 0x0000000095900000| PB 0x0000000095900000| Untracked 
| 346|0x0000000095a00000, 0x0000000095a00000, 0x0000000095b00000|  0%| F|  |TAMS 0x0000000095a00000| PB 0x0000000095a00000| Untracked 
| 347|0x0000000095b00000, 0x0000000095b00000, 0x0000000095c00000|  0%| F|  |TAMS 0x0000000095b00000| PB 0x0000000095b00000| Untracked 
| 348|0x0000000095c00000, 0x0000000095c00000, 0x0000000095d00000|  0%| F|  |TAMS 0x0000000095c00000| PB 0x0000000095c00000| Untracked 
| 349|0x0000000095d00000, 0x0000000095d00000, 0x0000000095e00000|  0%| F|  |TAMS 0x0000000095d00000| PB 0x0000000095d00000| Untracked 
| 350|0x0000000095e00000, 0x0000000095e00000, 0x0000000095f00000|  0%| F|  |TAMS 0x0000000095e00000| PB 0x0000000095e00000| Untracked 
| 351|0x0000000095f00000, 0x0000000095f00000, 0x0000000096000000|  0%| F|  |TAMS 0x0000000095f00000| PB 0x0000000095f00000| Untracked 
| 352|0x0000000096000000, 0x0000000096000000, 0x0000000096100000|  0%| F|  |TAMS 0x0000000096000000| PB 0x0000000096000000| Untracked 
| 353|0x0000000096100000, 0x0000000096100000, 0x0000000096200000|  0%| F|  |TAMS 0x0000000096100000| PB 0x0000000096100000| Untracked 
| 354|0x0000000096200000, 0x0000000096200000, 0x0000000096300000|  0%| F|  |TAMS 0x0000000096200000| PB 0x0000000096200000| Untracked 
| 355|0x0000000096300000, 0x0000000096300000, 0x0000000096400000|  0%| F|  |TAMS 0x0000000096300000| PB 0x0000000096300000| Untracked 
| 356|0x0000000096400000, 0x0000000096400000, 0x0000000096500000|  0%| F|  |TAMS 0x0000000096400000| PB 0x0000000096400000| Untracked 
| 357|0x0000000096500000, 0x0000000096500000, 0x0000000096600000|  0%| F|  |TAMS 0x0000000096500000| PB 0x0000000096500000| Untracked 
| 358|0x0000000096600000, 0x0000000096600000, 0x0000000096700000|  0%| F|  |TAMS 0x0000000096600000| PB 0x0000000096600000| Untracked 
| 359|0x0000000096700000, 0x0000000096700000, 0x0000000096800000|  0%| F|  |TAMS 0x0000000096700000| PB 0x0000000096700000| Untracked 
| 360|0x0000000096800000, 0x0000000096800000, 0x0000000096900000|  0%| F|  |TAMS 0x0000000096800000| PB 0x0000000096800000| Untracked 
| 361|0x0000000096900000, 0x0000000096900000, 0x0000000096a00000|  0%| F|  |TAMS 0x0000000096900000| PB 0x0000000096900000| Untracked 
| 362|0x0000000096a00000, 0x0000000096afd758, 0x0000000096b00000| 99%| E|  |TAMS 0x0000000096a00000| PB 0x0000000096a00000| Complete 
| 363|0x0000000096b00000, 0x0000000096c00000, 0x0000000096c00000|100%| E|CS|TAMS 0x0000000096b00000| PB 0x0000000096b00000| Complete 
| 364|0x0000000096c00000, 0x0000000096d00000, 0x0000000096d00000|100%| E|CS|TAMS 0x0000000096c00000| PB 0x0000000096c00000| Complete 
| 365|0x0000000096d00000, 0x0000000096e00000, 0x0000000096e00000|100%| E|CS|TAMS 0x0000000096d00000| PB 0x0000000096d00000| Complete 
| 366|0x0000000096e00000, 0x0000000096f00000, 0x0000000096f00000|100%| E|CS|TAMS 0x0000000096e00000| PB 0x0000000096e00000| Complete 
| 367|0x0000000096f00000, 0x0000000097000000, 0x0000000097000000|100%| E|CS|TAMS 0x0000000096f00000| PB 0x0000000096f00000| Complete 
| 368|0x0000000097000000, 0x0000000097100000, 0x0000000097100000|100%| E|CS|TAMS 0x0000000097000000| PB 0x0000000097000000| Complete 
| 369|0x0000000097100000, 0x0000000097200000, 0x0000000097200000|100%| E|CS|TAMS 0x0000000097100000| PB 0x0000000097100000| Complete 
| 370|0x0000000097200000, 0x0000000097300000, 0x0000000097300000|100%| E|CS|TAMS 0x0000000097200000| PB 0x0000000097200000| Complete 
| 371|0x0000000097300000, 0x0000000097400000, 0x0000000097400000|100%| E|CS|TAMS 0x0000000097300000| PB 0x0000000097300000| Complete 
| 372|0x0000000097400000, 0x0000000097500000, 0x0000000097500000|100%| E|CS|TAMS 0x0000000097400000| PB 0x0000000097400000| Complete 
| 373|0x0000000097500000, 0x0000000097600000, 0x0000000097600000|100%| E|CS|TAMS 0x0000000097500000| PB 0x0000000097500000| Complete 
| 374|0x0000000097600000, 0x0000000097700000, 0x0000000097700000|100%| E|CS|TAMS 0x0000000097600000| PB 0x0000000097600000| Complete 
| 375|0x0000000097700000, 0x0000000097800000, 0x0000000097800000|100%| E|  |TAMS 0x0000000097700000| PB 0x0000000097700000| Complete 
| 376|0x0000000097800000, 0x0000000097900000, 0x0000000097900000|100%| E|CS|TAMS 0x0000000097800000| PB 0x0000000097800000| Complete 
| 377|0x0000000097900000, 0x0000000097a00000, 0x0000000097a00000|100%| E|CS|TAMS 0x0000000097900000| PB 0x0000000097900000| Complete 
| 378|0x0000000097a00000, 0x0000000097b00000, 0x0000000097b00000|100%| E|CS|TAMS 0x0000000097a00000| PB 0x0000000097a00000| Complete 
| 379|0x0000000097b00000, 0x0000000097c00000, 0x0000000097c00000|100%| E|CS|TAMS 0x0000000097b00000| PB 0x0000000097b00000| Complete 
| 380|0x0000000097c00000, 0x0000000097d00000, 0x0000000097d00000|100%| E|CS|TAMS 0x0000000097c00000| PB 0x0000000097c00000| Complete 
| 381|0x0000000097d00000, 0x0000000097e00000, 0x0000000097e00000|100%| E|CS|TAMS 0x0000000097d00000| PB 0x0000000097d00000| Complete 
| 382|0x0000000097e00000, 0x0000000097f00000, 0x0000000097f00000|100%| E|CS|TAMS 0x0000000097e00000| PB 0x0000000097e00000| Complete 
| 383|0x0000000097f00000, 0x0000000098000000, 0x0000000098000000|100%| E|CS|TAMS 0x0000000097f00000| PB 0x0000000097f00000| Complete 
| 384|0x0000000098000000, 0x0000000098100000, 0x0000000098100000|100%| E|CS|TAMS 0x0000000098000000| PB 0x0000000098000000| Complete 
| 385|0x0000000098100000, 0x0000000098200000, 0x0000000098200000|100%| E|CS|TAMS 0x0000000098100000| PB 0x0000000098100000| Complete 
| 386|0x0000000098200000, 0x0000000098300000, 0x0000000098300000|100%| E|CS|TAMS 0x0000000098200000| PB 0x0000000098200000| Complete 
| 387|0x0000000098300000, 0x0000000098400000, 0x0000000098400000|100%| E|CS|TAMS 0x0000000098300000| PB 0x0000000098300000| Complete 
| 388|0x0000000098400000, 0x0000000098500000, 0x0000000098500000|100%| E|CS|TAMS 0x0000000098400000| PB 0x0000000098400000| Complete 
| 389|0x0000000098500000, 0x0000000098600000, 0x0000000098600000|100%| E|CS|TAMS 0x0000000098500000| PB 0x0000000098500000| Complete 
| 390|0x0000000098600000, 0x0000000098700000, 0x0000000098700000|100%| E|CS|TAMS 0x0000000098600000| PB 0x0000000098600000| Complete 
| 391|0x0000000098700000, 0x0000000098800000, 0x0000000098800000|100%| E|CS|TAMS 0x0000000098700000| PB 0x0000000098700000| Complete 
| 392|0x0000000098800000, 0x0000000098900000, 0x0000000098900000|100%| E|CS|TAMS 0x0000000098800000| PB 0x0000000098800000| Complete 
| 393|0x0000000098900000, 0x0000000098a00000, 0x0000000098a00000|100%| E|CS|TAMS 0x0000000098900000| PB 0x0000000098900000| Complete 
| 394|0x0000000098a00000, 0x0000000098b00000, 0x0000000098b00000|100%| E|CS|TAMS 0x0000000098a00000| PB 0x0000000098a00000| Complete 
| 395|0x0000000098b00000, 0x0000000098c00000, 0x0000000098c00000|100%| E|CS|TAMS 0x0000000098b00000| PB 0x0000000098b00000| Complete 
| 396|0x0000000098c00000, 0x0000000098d00000, 0x0000000098d00000|100%| E|CS|TAMS 0x0000000098c00000| PB 0x0000000098c00000| Complete 
| 397|0x0000000098d00000, 0x0000000098e00000, 0x0000000098e00000|100%| E|CS|TAMS 0x0000000098d00000| PB 0x0000000098d00000| Complete 
| 398|0x0000000098e00000, 0x0000000098f00000, 0x0000000098f00000|100%| E|CS|TAMS 0x0000000098e00000| PB 0x0000000098e00000| Complete 
| 399|0x0000000098f00000, 0x0000000099000000, 0x0000000099000000|100%| E|CS|TAMS 0x0000000098f00000| PB 0x0000000098f00000| Complete 
| 400|0x0000000099000000, 0x0000000099100000, 0x0000000099100000|100%| E|CS|TAMS 0x0000000099000000| PB 0x0000000099000000| Complete 
|2019|0x00000000fe300000, 0x00000000fe400000, 0x00000000fe400000|100%| E|CS|TAMS 0x00000000fe300000| PB 0x00000000fe300000| Complete 
|2020|0x00000000fe400000, 0x00000000fe500000, 0x00000000fe500000|100%| E|CS|TAMS 0x00000000fe400000| PB 0x00000000fe400000| Complete 
|2021|0x00000000fe500000, 0x00000000fe600000, 0x00000000fe600000|100%| E|CS|TAMS 0x00000000fe500000| PB 0x00000000fe500000| Complete 
|2022|0x00000000fe600000, 0x00000000fe700000, 0x00000000fe700000|100%| E|CS|TAMS 0x00000000fe600000| PB 0x00000000fe600000| Complete 
|2023|0x00000000fe700000, 0x00000000fe800000, 0x00000000fe800000|100%| E|CS|TAMS 0x00000000fe700000| PB 0x00000000fe700000| Complete 
|2024|0x00000000fe800000, 0x00000000fe900000, 0x00000000fe900000|100%| E|CS|TAMS 0x00000000fe800000| PB 0x00000000fe800000| Complete 
|2025|0x00000000fe900000, 0x00000000fea00000, 0x00000000fea00000|100%| E|CS|TAMS 0x00000000fe900000| PB 0x00000000fe900000| Complete 
|2026|0x00000000fea00000, 0x00000000feb00000, 0x00000000feb00000|100%| E|CS|TAMS 0x00000000fea00000| PB 0x00000000fea00000| Complete 
|2027|0x00000000feb00000, 0x00000000fec00000, 0x00000000fec00000|100%| E|CS|TAMS 0x00000000feb00000| PB 0x00000000feb00000| Complete 
|2028|0x00000000fec00000, 0x00000000fed00000, 0x00000000fed00000|100%| E|CS|TAMS 0x00000000fec00000| PB 0x00000000fec00000| Complete 
|2029|0x00000000fed00000, 0x00000000fee00000, 0x00000000fee00000|100%| E|CS|TAMS 0x00000000fed00000| PB 0x00000000fed00000| Complete 
|2030|0x00000000fee00000, 0x00000000fef00000, 0x00000000fef00000|100%| E|CS|TAMS 0x00000000fee00000| PB 0x00000000fee00000| Complete 
|2031|0x00000000fef00000, 0x00000000ff000000, 0x00000000ff000000|100%| E|CS|TAMS 0x00000000fef00000| PB 0x00000000fef00000| Complete 
|2032|0x00000000ff000000, 0x00000000ff100000, 0x00000000ff100000|100%| E|CS|TAMS 0x00000000ff000000| PB 0x00000000ff000000| Complete 
|2033|0x00000000ff100000, 0x00000000ff200000, 0x00000000ff200000|100%| E|CS|TAMS 0x00000000ff100000| PB 0x00000000ff100000| Complete 
|2034|0x00000000ff200000, 0x00000000ff300000, 0x00000000ff300000|100%| O|  |TAMS 0x00000000ff200000| PB 0x00000000ff200000| Untracked 
|2035|0x00000000ff300000, 0x00000000ff400000, 0x00000000ff400000|100%| E|CS|TAMS 0x00000000ff300000| PB 0x00000000ff300000| Complete 
|2036|0x00000000ff400000, 0x00000000ff500000, 0x00000000ff500000|100%| E|CS|TAMS 0x00000000ff400000| PB 0x00000000ff400000| Complete 
|2037|0x00000000ff500000, 0x00000000ff600000, 0x00000000ff600000|100%| E|CS|TAMS 0x00000000ff500000| PB 0x00000000ff500000| Complete 
|2038|0x00000000ff600000, 0x00000000ff700000, 0x00000000ff700000|100%| O|  |TAMS 0x00000000ff600000| PB 0x00000000ff600000| Untracked 
|2039|0x00000000ff700000, 0x00000000ff800000, 0x00000000ff800000|100%| E|CS|TAMS 0x00000000ff700000| PB 0x00000000ff700000| Complete 
|2040|0x00000000ff800000, 0x00000000ff900000, 0x00000000ff900000|100%| E|CS|TAMS 0x00000000ff800000| PB 0x00000000ff800000| Complete 
|2041|0x00000000ff900000, 0x00000000ffa00000, 0x00000000ffa00000|100%| E|CS|TAMS 0x00000000ff900000| PB 0x00000000ff900000| Complete 
|2042|0x00000000ffa00000, 0x00000000ffb00000, 0x00000000ffb00000|100%| E|CS|TAMS 0x00000000ffa00000| PB 0x00000000ffa00000| Complete 
|2043|0x00000000ffb00000, 0x00000000ffc00000, 0x00000000ffc00000|100%| O|  |TAMS 0x00000000ffb00000| PB 0x00000000ffb00000| Untracked 
|2044|0x00000000ffc00000, 0x00000000ffd00000, 0x00000000ffd00000|100%| O|  |TAMS 0x00000000ffc00000| PB 0x00000000ffc00000| Untracked 
|2045|0x00000000ffd00000, 0x00000000ffe00000, 0x00000000ffe00000|100%| O|  |TAMS 0x00000000ffd00000| PB 0x00000000ffd00000| Untracked 
|2046|0x00000000ffe00000, 0x00000000fff00000, 0x00000000fff00000|100%| O|  |TAMS 0x00000000ffe00000| PB 0x00000000ffe00000| Untracked 
|2047|0x00000000fff00000, 0x0000000100000000, 0x0000000100000000|100%| O|  |TAMS 0x00000000fff00000| PB 0x00000000fff00000| Untracked 

Card table byte_map: [0x0000020bf5e60000,0x0000020bf6260000] _byte_map_base: 0x0000020bf5a60000

Marking Bits: (CMBitMap*) 0x0000020be17064c0
 Bits: [0x0000020bf6260000, 0x0000020bf8260000)

Polling page: 0x0000020be1770000

Metaspace:

Usage:
  Non-class:    138.54 MB used.
      Class:     21.12 MB used.
       Both:    159.66 MB used.

Virtual space:
  Non-class space:      192.00 MB reserved,     139.81 MB ( 73%) committed,  3 nodes.
      Class space:        1.00 GB reserved,      22.44 MB (  2%) committed,  1 nodes.
             Both:        1.19 GB reserved,     162.25 MB ( 13%) committed. 

Chunk freelists:
   Non-Class:  3.98 MB
       Class:  9.47 MB
        Both:  13.45 MB

MaxMetaspaceSize: unlimited
CompressedClassSpaceSize: 1.00 GB
Initial GC threshold: 21.00 MB
Current GC threshold: 253.69 MB
CDS: off
 - commit_granule_bytes: 65536.
 - commit_granule_words: 8192.
 - virtual_space_node_default_size: 8388608.
 - enlarge_chunks_in_place: 1.
 - use_allocation_guard: 0.


Internal statistics:

num_allocs_failed_limit: 9.
num_arena_births: 5110.
num_arena_deaths: 0.
num_vsnodes_births: 4.
num_vsnodes_deaths: 0.
num_space_committed: 2593.
num_space_uncommitted: 0.
num_chunks_returned_to_freelist: 9.
num_chunks_taken_from_freelist: 12104.
num_chunk_merges: 3.
num_chunk_splits: 7881.
num_chunks_enlarged: 4951.
num_inconsistent_stats: 0.

CodeHeap 'non-profiled nmethods': size=120000Kb used=13389Kb max_used=13389Kb free=106610Kb
 bounds [0x0000020bedac0000, 0x0000020bee7e0000, 0x0000020bf4ff0000]
CodeHeap 'profiled nmethods': size=120000Kb used=32264Kb max_used=32264Kb free=87735Kb
 bounds [0x0000020be5ff0000, 0x0000020be7f80000, 0x0000020bed520000]
CodeHeap 'non-nmethods': size=5760Kb used=3434Kb max_used=3482Kb free=2325Kb
 bounds [0x0000020bed520000, 0x0000020bed8a0000, 0x0000020bedac0000]
 total_blobs=17711 nmethods=16551 adapters=1063
 compilation: enabled
              stopped_count=0, restarted_count=0
 full_count=0

Compilation events (20 events):
Event: 90.647 Thread 0x0000020bff093d30 nmethod 22230 0x0000020be7f70790 code [0x0000020be7f709a0, 0x0000020be7f70fe0]
Event: 90.647 Thread 0x0000020bff093d30 22231       3       com.android.tools.r8.internal.fe0::get (7 bytes)
Event: 90.647 Thread 0x0000020bff093d30 nmethod 22231 0x0000020be7f71290 code [0x0000020be7f71440, 0x0000020be7f71578]
Event: 90.648 Thread 0x0000020b81d2ca90 nmethod 22225 0x0000020bee7cc410 code [0x0000020bee7cc5c0, 0x0000020bee7cc8a0]
Event: 90.648 Thread 0x0000020b81d2ca90 22227       4       com.android.tools.r8.graph.M2::<init> (21 bytes)
Event: 90.650 Thread 0x0000020bff071310 nmethod 22228 0x0000020bee7cc990 code [0x0000020bee7ccb60, 0x0000020bee7cd1d8]
Event: 90.650 Thread 0x0000020bff071310 22218       4       com.android.tools.r8.graph.M2::l0 (24 bytes)
Event: 90.653 Thread 0x0000020b81d2ca90 nmethod 22227 0x0000020bee7cd510 code [0x0000020bee7cd700, 0x0000020bee7cdec8]
Event: 90.655 Thread 0x0000020bff093d30 22232       3       com.android.tools.r8.graph.I2::get (2 bytes)
Event: 90.655 Thread 0x0000020bff093d30 nmethod 22232 0x0000020be7f71690 code [0x0000020be7f71820, 0x0000020be7f71930]
Event: 90.655 Thread 0x0000020bff093d30 22233       3       com.android.tools.r8.graph.I2::I1 (14 bytes)
Event: 90.655 Thread 0x0000020bff093d30 nmethod 22233 0x0000020be7f71a10 code [0x0000020be7f71bc0, 0x0000020be7f71d40]
Event: 90.655 Thread 0x0000020bff093d30 22235       3       com.android.tools.r8.synthesis.I::a (55 bytes)
Event: 90.655 Thread 0x0000020bff093d30 nmethod 22235 0x0000020be7f71e10 code [0x0000020be7f71fe0, 0x0000020be7f721b8]
Event: 90.655 Thread 0x0000020bff093d30 22234       3       com.android.tools.r8.synthesis.I$$Lambda/0x0000000101675fa8::accept (16 bytes)
Event: 90.655 Thread 0x0000020bff093d30 nmethod 22234 0x0000020be7f72290 code [0x0000020be7f72440, 0x0000020be7f72670]
Event: 90.657 Thread 0x0000020bff071310 nmethod 22218 0x0000020bee7ce410 code [0x0000020bee7ce600, 0x0000020bee7cefe0]
Event: 90.672 Thread 0x0000020bff071310 22236       4       java.lang.invoke.AbstractValidatingLambdaMetafactory::isAdaptableTo (126 bytes)
Event: 90.674 Thread 0x0000020bff071310 nmethod 22236 0x0000020bee7cf510 code [0x0000020bee7cf720, 0x0000020bee7cfa98]
Event: 90.678 Thread 0x0000020bff071310 22237       4       java.lang.invoke.DirectMethodHandle::make (275 bytes)

GC Heap History (20 events):
Event: 79.650 GC heap before
{Heap before GC invocations=56 (full 0):
 garbage-first heap   total 304128K, used 276746K [0x0000000080000000, 0x0000000100000000)
  region size 1024K, 83 young (84992K), 7 survivors (7168K)
 Metaspace       used 141939K, committed 144448K, reserved 1179648K
  class space    used 18923K, committed 20224K, reserved 1048576K
}
Event: 79.665 GC heap after
{Heap after GC invocations=57 (full 0):
 garbage-first heap   total 304128K, used 206096K [0x0000000080000000, 0x0000000100000000)
  region size 1024K, 11 young (11264K), 11 survivors (11264K)
 Metaspace       used 141939K, committed 144448K, reserved 1179648K
  class space    used 18923K, committed 20224K, reserved 1048576K
}
Event: 81.725 GC heap before
{Heap before GC invocations=58 (full 0):
 garbage-first heap   total 345088K, used 272656K [0x0000000080000000, 0x0000000100000000)
  region size 1024K, 77 young (78848K), 11 survivors (11264K)
 Metaspace       used 142644K, committed 145280K, reserved 1179648K
  class space    used 19058K, committed 20416K, reserved 1048576K
}
Event: 81.752 GC heap after
{Heap after GC invocations=59 (full 0):
 garbage-first heap   total 345088K, used 216818K [0x0000000080000000, 0x0000000100000000)
  region size 1024K, 10 young (10240K), 10 survivors (10240K)
 Metaspace       used 142644K, committed 145280K, reserved 1179648K
  class space    used 19058K, committed 20416K, reserved 1048576K
}
Event: 82.869 GC heap before
{Heap before GC invocations=59 (full 0):
 garbage-first heap   total 345088K, used 319218K [0x0000000080000000, 0x0000000100000000)
  region size 1024K, 102 young (104448K), 10 survivors (10240K)
 Metaspace       used 144824K, committed 147392K, reserved 1179648K
  class space    used 19258K, committed 20544K, reserved 1048576K
}
Event: 82.894 GC heap after
{Heap after GC invocations=60 (full 0):
 garbage-first heap   total 361472K, used 243200K [0x0000000080000000, 0x0000000100000000)
  region size 1024K, 13 young (13312K), 13 survivors (13312K)
 Metaspace       used 144824K, committed 147392K, reserved 1179648K
  class space    used 19258K, committed 20544K, reserved 1048576K
}
Event: 83.529 GC heap before
{Heap before GC invocations=60 (full 0):
 garbage-first heap   total 361472K, used 285184K [0x0000000080000000, 0x0000000100000000)
  region size 1024K, 55 young (56320K), 13 survivors (13312K)
 Metaspace       used 145311K, committed 147840K, reserved 1179648K
  class space    used 19309K, committed 20608K, reserved 1048576K
}
Event: 83.550 GC heap after
{Heap after GC invocations=61 (full 0):
 garbage-first heap   total 361472K, used 256303K [0x0000000080000000, 0x0000000100000000)
  region size 1024K, 11 young (11264K), 11 survivors (11264K)
 Metaspace       used 145311K, committed 147840K, reserved 1179648K
  class space    used 19309K, committed 20608K, reserved 1048576K
}
Event: 84.267 GC heap before
{Heap before GC invocations=62 (full 0):
 garbage-first heap   total 440320K, used 323887K [0x0000000080000000, 0x0000000100000000)
  region size 1024K, 70 young (71680K), 11 survivors (11264K)
 Metaspace       used 148120K, committed 150720K, reserved 1179648K
  class space    used 19630K, committed 20928K, reserved 1048576K
}
Event: 84.282 GC heap after
{Heap after GC invocations=63 (full 0):
 garbage-first heap   total 440320K, used 264065K [0x0000000080000000, 0x0000000100000000)
  region size 1024K, 8 young (8192K), 8 survivors (8192K)
 Metaspace       used 148120K, committed 150720K, reserved 1179648K
  class space    used 19630K, committed 20928K, reserved 1048576K
}
Event: 84.957 GC heap before
{Heap before GC invocations=63 (full 0):
 garbage-first heap   total 440320K, used 396161K [0x0000000080000000, 0x0000000100000000)
  region size 1024K, 111 young (113664K), 8 survivors (8192K)
 Metaspace       used 150307K, committed 152896K, reserved 1245184K
  class space    used 19816K, committed 21120K, reserved 1048576K
}
Event: 84.973 GC heap after
{Heap after GC invocations=64 (full 0):
 garbage-first heap   total 440320K, used 276017K [0x0000000080000000, 0x0000000100000000)
  region size 1024K, 14 young (14336K), 14 survivors (14336K)
 Metaspace       used 150307K, committed 152896K, reserved 1245184K
  class space    used 19816K, committed 21120K, reserved 1048576K
}
Event: 85.601 GC heap before
{Heap before GC invocations=64 (full 0):
 garbage-first heap   total 440320K, used 385585K [0x0000000080000000, 0x0000000100000000)
  region size 1024K, 122 young (124928K), 14 survivors (14336K)
 Metaspace       used 153040K, committed 155648K, reserved 1245184K
  class space    used 20070K, committed 21376K, reserved 1048576K
}
Event: 85.617 GC heap after
{Heap after GC invocations=65 (full 0):
 garbage-first heap   total 440320K, used 271251K [0x0000000080000000, 0x0000000100000000)
  region size 1024K, 6 young (6144K), 6 survivors (6144K)
 Metaspace       used 153040K, committed 155648K, reserved 1245184K
  class space    used 20070K, committed 21376K, reserved 1048576K
}
Event: 86.166 GC heap before
{Heap before GC invocations=65 (full 0):
 garbage-first heap   total 440320K, used 359315K [0x0000000080000000, 0x0000000100000000)
  region size 1024K, 94 young (96256K), 6 survivors (6144K)
 Metaspace       used 153215K, committed 155776K, reserved 1245184K
  class space    used 20076K, committed 21376K, reserved 1048576K
}
Event: 86.174 GC heap after
{Heap after GC invocations=66 (full 0):
 garbage-first heap   total 440320K, used 274081K [0x0000000080000000, 0x0000000100000000)
  region size 1024K, 9 young (9216K), 9 survivors (9216K)
 Metaspace       used 153215K, committed 155776K, reserved 1245184K
  class space    used 20076K, committed 21376K, reserved 1048576K
}
Event: 88.805 GC heap before
{Heap before GC invocations=67 (full 0):
 garbage-first heap   total 440320K, used 375457K [0x0000000080000000, 0x0000000100000000)
  region size 1024K, 128 young (131072K), 9 survivors (9216K)
 Metaspace       used 153902K, committed 156480K, reserved 1245184K
  class space    used 20185K, committed 21504K, reserved 1048576K
}
Event: 88.815 GC heap after
{Heap after GC invocations=68 (full 0):
 garbage-first heap   total 440320K, used 255071K [0x0000000080000000, 0x0000000100000000)
  region size 1024K, 11 young (11264K), 11 survivors (11264K)
 Metaspace       used 153902K, committed 156480K, reserved 1245184K
  class space    used 20185K, committed 21504K, reserved 1048576K
}
Event: 90.075 GC heap before
{Heap before GC invocations=68 (full 0):
 garbage-first heap   total 440320K, used 401503K [0x0000000080000000, 0x0000000100000000)
  region size 1024K, 154 young (157696K), 11 survivors (11264K)
 Metaspace       used 157241K, committed 159872K, reserved 1245184K
  class space    used 20611K, committed 21952K, reserved 1048576K
}
Event: 90.102 GC heap after
{Heap after GC invocations=69 (full 0):
 garbage-first heap   total 440320K, used 221462K [0x0000000080000000, 0x0000000100000000)
  region size 1024K, 18 young (18432K), 18 survivors (18432K)
 Metaspace       used 157241K, committed 159872K, reserved 1245184K
  class space    used 20611K, committed 21952K, reserved 1048576K
}

Dll operation events (3 events):
Event: 0.027 Loaded shared library D:\AndroiStudio\jbr\bin\java.dll
Event: 0.041 Loaded shared library D:\AndroiStudio\jbr\bin\zip.dll
Event: 0.789 Loaded shared library D:\AndroiStudio\jbr\bin\verify.dll

Deoptimization events (20 events):
Event: 90.484 Thread 0x0000020b8b2526c0 Uncommon trap: trap_request=0xffffff45 fr.pc=0x0000020bedb16a84 relative=0x0000000000000544
Event: 90.484 Thread 0x0000020b8b2526c0 Uncommon trap: reason=unstable_if action=reinterpret pc=0x0000020bedb16a84 method=java.util.zip.ZipFile$Source.getEntryPos(Ljava/lang/String;Z)I @ 105 c2
Event: 90.484 Thread 0x0000020b8b2526c0 DEOPT PACKING pc=0x0000020bedb16a84 sp=0x000000a0113f97e0
Event: 90.484 Thread 0x0000020b8b2526c0 DEOPT UNPACKING pc=0x0000020bed577da2 sp=0x000000a0113f9760 mode 2
Event: 90.553 Thread 0x0000020b8b256ef0 Uncommon trap: trap_request=0xffffffbe fr.pc=0x0000020bee7be3a8 relative=0x0000000000000568
Event: 90.553 Thread 0x0000020b8b256ef0 Uncommon trap: reason=profile_predicate action=maybe_recompile pc=0x0000020bee7be3a8 method=com.android.tools.r8.graph.M2.a(Lcom/android/tools/r8/internal/B2;Ljava/lang/String;)Z @ 19 c2
Event: 90.553 Thread 0x0000020b8b256ef0 DEOPT PACKING pc=0x0000020bee7be3a8 sp=0x000000a011bfa940
Event: 90.553 Thread 0x0000020b8b256ef0 DEOPT UNPACKING pc=0x0000020bed577da2 sp=0x000000a011bfa8d0 mode 2
Event: 90.553 Thread 0x0000020b8b256ef0 Uncommon trap: trap_request=0xffffffbe fr.pc=0x0000020bee7be3a8 relative=0x0000000000000568
Event: 90.553 Thread 0x0000020b8b256ef0 Uncommon trap: reason=profile_predicate action=maybe_recompile pc=0x0000020bee7be3a8 method=com.android.tools.r8.graph.M2.a(Lcom/android/tools/r8/internal/B2;Ljava/lang/String;)Z @ 19 c2
Event: 90.553 Thread 0x0000020b8b256ef0 DEOPT PACKING pc=0x0000020bee7be3a8 sp=0x000000a011bfa940
Event: 90.553 Thread 0x0000020b8b256ef0 DEOPT UNPACKING pc=0x0000020bed577da2 sp=0x000000a011bfa8d0 mode 2
Event: 90.553 Thread 0x0000020b8b256ef0 Uncommon trap: trap_request=0xffffffbe fr.pc=0x0000020bee7be3a8 relative=0x0000000000000568
Event: 90.553 Thread 0x0000020b8b256ef0 Uncommon trap: reason=profile_predicate action=maybe_recompile pc=0x0000020bee7be3a8 method=com.android.tools.r8.graph.M2.a(Lcom/android/tools/r8/internal/B2;Ljava/lang/String;)Z @ 19 c2
Event: 90.553 Thread 0x0000020b8b256ef0 DEOPT PACKING pc=0x0000020bee7be3a8 sp=0x000000a011bfa940
Event: 90.553 Thread 0x0000020b8b256ef0 DEOPT UNPACKING pc=0x0000020bed577da2 sp=0x000000a011bfa8d0 mode 2
Event: 90.553 Thread 0x0000020b8b256ef0 Uncommon trap: trap_request=0xffffffbe fr.pc=0x0000020bee7be3a8 relative=0x0000000000000568
Event: 90.553 Thread 0x0000020b8b256ef0 Uncommon trap: reason=profile_predicate action=maybe_recompile pc=0x0000020bee7be3a8 method=com.android.tools.r8.graph.M2.a(Lcom/android/tools/r8/internal/B2;Ljava/lang/String;)Z @ 19 c2
Event: 90.553 Thread 0x0000020b8b256ef0 DEOPT PACKING pc=0x0000020bee7be3a8 sp=0x000000a011bfa940
Event: 90.553 Thread 0x0000020b8b256ef0 DEOPT UNPACKING pc=0x0000020bed577da2 sp=0x000000a011bfa8d0 mode 2

Classes loaded (20 events):
Event: 89.254 Loading class sun/nio/cs/Surrogate
Event: 89.255 Loading class sun/nio/cs/Surrogate done
Event: 89.915 Loading class java/util/zip/ZipFile$ZipEntryIterator
Event: 89.916 Loading class java/util/zip/ZipFile$ZipEntryIterator done
Event: 90.115 Loading class java/util/concurrent/Executors$DelegatedScheduledExecutorService
Event: 90.116 Loading class java/util/concurrent/Executors$DelegatedScheduledExecutorService done
Event: 90.119 Loading class java/lang/ProcessImpl
Event: 90.121 Loading class java/lang/ProcessImpl done
Event: 90.134 Loading class java/lang/ProcessHandleImpl
Event: 90.137 Loading class java/lang/ProcessHandleImpl done
Event: 90.140 Loading class java/lang/ProcessImpl$2
Event: 90.140 Loading class java/lang/ProcessImpl$2 done
Event: 90.140 Loading class java/lang/Process$PipeInputStream
Event: 90.141 Loading class java/lang/Process$PipeInputStream done
Event: 90.157 Loading class jdk/internal/event/ProcessStartEvent
Event: 90.162 Loading class jdk/internal/event/ProcessStartEvent done
Event: 90.187 Loading class java/io/UTFDataFormatException
Event: 90.188 Loading class java/io/UTFDataFormatException done
Event: 90.329 Loading class java/util/concurrent/RejectedExecutionException
Event: 90.329 Loading class java/util/concurrent/RejectedExecutionException done

Classes unloaded (0 events):
No events

Classes redefined (0 events):
No events

Internal exceptions (20 events):
Event: 89.838 Thread 0x0000020b82bf1cd0 Exception <a 'sun/nio/fs/WindowsException'{0x00000000939a1218}> (0x00000000939a1218) 
thrown [s\src\hotspot\share\prims\jni.cpp, line 535]
Event: 89.838 Thread 0x0000020b82bf1cd0 Exception <a 'sun/nio/fs/WindowsException'{0x00000000939a1368}> (0x00000000939a1368) 
thrown [s\src\hotspot\share\prims\jni.cpp, line 535]
Event: 89.838 Thread 0x0000020b82bf1cd0 Exception <a 'sun/nio/fs/WindowsException'{0x00000000939a2760}> (0x00000000939a2760) 
thrown [s\src\hotspot\share\prims\jni.cpp, line 535]
Event: 89.838 Thread 0x0000020b82bf1cd0 Exception <a 'sun/nio/fs/WindowsException'{0x00000000939a3620}> (0x00000000939a3620) 
thrown [s\src\hotspot\share\prims\jni.cpp, line 535]
Event: 89.838 Thread 0x0000020b82bf1cd0 Exception <a 'sun/nio/fs/WindowsException'{0x00000000939a3780}> (0x00000000939a3780) 
thrown [s\src\hotspot\share\prims\jni.cpp, line 535]
Event: 89.838 Thread 0x0000020b82bf1cd0 Exception <a 'sun/nio/fs/WindowsException'{0x00000000939a47d8}> (0x00000000939a47d8) 
thrown [s\src\hotspot\share\prims\jni.cpp, line 535]
Event: 89.838 Thread 0x0000020b82bf1cd0 Exception <a 'sun/nio/fs/WindowsException'{0x00000000939a5668}> (0x00000000939a5668) 
thrown [s\src\hotspot\share\prims\jni.cpp, line 535]
Event: 89.838 Thread 0x0000020b82bf1cd0 Exception <a 'sun/nio/fs/WindowsException'{0x00000000939a5798}> (0x00000000939a5798) 
thrown [s\src\hotspot\share\prims\jni.cpp, line 535]
Event: 89.838 Thread 0x0000020b82bf1cd0 Exception <a 'sun/nio/fs/WindowsException'{0x00000000939a6818}> (0x00000000939a6818) 
thrown [s\src\hotspot\share\prims\jni.cpp, line 535]
Event: 89.850 Thread 0x0000020b82bf1cd0 Exception <a 'java/lang/NoSuchMethodError'{0x0000000093704310}: static Lcom/android/builder/internal/aapt/AaptOptions;.<clinit>()V> (0x0000000093704310) 
thrown [s\src\hotspot\share\prims\jni.cpp, line 1135]
Event: 89.852 Thread 0x0000020b82bf1cd0 Exception <a 'java/lang/NoSuchMethodError'{0x0000000093728c60}: static Lcom/android/build/api/variant/impl/SerializableApplicationMultiOutputHandler;.<clinit>()V> (0x0000000093728c60) 
thrown [s\src\hotspot\share\prims\jni.cpp, line 1135]
Event: 89.852 Thread 0x0000020b82bf1cd0 Exception <a 'java/lang/NoSuchMethodError'{0x000000009373efc8}: static Lcom/android/build/api/variant/impl/VariantOutputImpl$SerializedForm;.<clinit>()V> (0x000000009373efc8) 
thrown [s\src\hotspot\share\prims\jni.cpp, line 1135]
Event: 89.852 Thread 0x0000020b82bf1cd0 Exception <a 'java/lang/NoSuchMethodError'{0x0000000093754430}: static Lcom/android/build/api/variant/impl/VariantOutputConfigurationImpl;.<clinit>()V> (0x0000000093754430) 
thrown [s\src\hotspot\share\prims\jni.cpp, line 1135]
Event: 90.133 Thread 0x0000020b84a87260 Exception <a 'java/lang/NoSuchMethodError'{0x00000000ff98ac18}: 'void java.lang.invoke.DirectMethodHandle$Holder.invokeStatic(java.lang.Object, long)'> (0x00000000ff98ac18) 
thrown [s\src\hotspot\share\interpreter\linkResolver.cpp, line 784]
Event: 90.139 Thread 0x0000020b84a87260 Exception <a 'java/lang/NoSuchMethodError'{0x00000000ff83cd20}: 'java.lang.Object java.lang.invoke.DirectMethodHandle$Holder.invokeStaticInit(java.lang.Object, long, java.lang.Object)'> (0x00000000ff83cd20) 
thrown [s\src\hotspot\share\interpreter\linkResolver.cpp, line 784]
Event: 90.437 Thread 0x0000020b8b2554b0 Exception <a 'java/lang/NoSuchMethodError'{0x0000000098e5b2a8}: 'java.lang.Object java.lang.invoke.DirectMethodHandle$Holder.invokeStaticInit(java.lang.Object, java.lang.Object, java.lang.Object, java.lang.Object, java.lang.Object, java.lang.Object, java.lang.Object, java.lang.Object, java.lang.Object, java.lang.Object, java.lang.Object, java.lang.Object, java.lang.Object, java.lang.Object, java.lang.Object, java.lang.Object, java.lang.Object, java.lang.Object, java.lang.Object, java.lang.Object, int, java
Event: 90.464 Thread 0x0000020b8b2526c0 Exception <a 'java/lang/IncompatibleClassChangeError'{0x0000000098cd4dd0}: Found class java.lang.Object, but interface was expected> (0x0000000098cd4dd0) 
thrown [s\src\hotspot\share\interpreter\linkResolver.cpp, line 851]
Event: 90.464 Thread 0x0000020b8b2554b0 Exception <a 'java/lang/IncompatibleClassChangeError'{0x0000000098b22858}: Found class java.lang.Object, but interface was expected> (0x0000000098b22858) 
thrown [s\src\hotspot\share\interpreter\linkResolver.cpp, line 851]
Event: 90.464 Thread 0x0000020b8b2505f0 Exception <a 'java/lang/IncompatibleClassChangeError'{0x0000000098c12a78}: Found class java.lang.Object, but interface was expected> (0x0000000098c12a78) 
thrown [s\src\hotspot\share\interpreter\linkResolver.cpp, line 851]
Event: 90.675 Thread 0x0000020b82bf5150 Exception <a 'java/lang/IncompatibleClassChangeError'{0x0000000096a5e8b8}: Found class java.lang.Object, but interface was expected> (0x0000000096a5e8b8) 
thrown [s\src\hotspot\share\interpreter\linkResolver.cpp, line 851]

ZGC Phase Switch (0 events):
No events

VM Operations (20 events):
Event: 89.012 Executing VM operation: HandshakeAllThreads (Deoptimize)
Event: 89.012 Executing VM operation: HandshakeAllThreads (Deoptimize) done
Event: 89.427 Executing VM operation: ICBufferFull
Event: 89.427 Executing VM operation: ICBufferFull done
Event: 90.066 Executing VM operation: ICBufferFull
Event: 90.067 Executing VM operation: ICBufferFull done
Event: 90.074 Executing VM operation: G1CollectForAllocation (G1 Evacuation Pause)
Event: 90.102 Executing VM operation: G1CollectForAllocation (G1 Evacuation Pause) done
Event: 90.115 Executing VM operation: HandshakeAllThreads (Deoptimize)
Event: 90.116 Executing VM operation: HandshakeAllThreads (Deoptimize) done
Event: 90.147 Executing VM operation: HandshakeAllThreads (Deoptimize)
Event: 90.157 Executing VM operation: HandshakeAllThreads (Deoptimize) done
Event: 90.224 Executing VM operation: HandshakeAllThreads (Deoptimize)
Event: 90.225 Executing VM operation: HandshakeAllThreads (Deoptimize) done
Event: 90.300 Executing VM operation: HandshakeAllThreads (Deoptimize)
Event: 90.300 Executing VM operation: HandshakeAllThreads (Deoptimize) done
Event: 90.369 Executing VM operation: HandshakeAllThreads (Deoptimize)
Event: 90.369 Executing VM operation: HandshakeAllThreads (Deoptimize) done
Event: 90.447 Executing VM operation: HandshakeAllThreads (Deoptimize)
Event: 90.447 Executing VM operation: HandshakeAllThreads (Deoptimize) done

Memory protections (0 events):
No events

Nmethod flushes (20 events):
Event: 86.325 Thread 0x0000020bfad472b0 flushing  nmethod 0x0000020be7b34410
Event: 86.325 Thread 0x0000020bfad472b0 flushing  nmethod 0x0000020be7b34a90
Event: 86.325 Thread 0x0000020bfad472b0 flushing  nmethod 0x0000020be7b35110
Event: 86.325 Thread 0x0000020bfad472b0 flushing  nmethod 0x0000020be7b35510
Event: 86.325 Thread 0x0000020bfad472b0 flushing  nmethod 0x0000020be7b35910
Event: 86.325 Thread 0x0000020bfad472b0 flushing  nmethod 0x0000020be7b8a210
Event: 86.325 Thread 0x0000020bfad472b0 flushing  nmethod 0x0000020be7b8bb10
Event: 86.325 Thread 0x0000020bfad472b0 flushing  nmethod 0x0000020be7b8c210
Event: 86.325 Thread 0x0000020bfad472b0 flushing  nmethod 0x0000020be7b8e010
Event: 86.325 Thread 0x0000020bfad472b0 flushing  nmethod 0x0000020be7b94290
Event: 86.325 Thread 0x0000020bfad472b0 flushing  nmethod 0x0000020be7b95910
Event: 86.325 Thread 0x0000020bfad472b0 flushing  nmethod 0x0000020be7b97b10
Event: 86.325 Thread 0x0000020bfad472b0 flushing  nmethod 0x0000020be7bf9110
Event: 86.325 Thread 0x0000020bfad472b0 flushing  nmethod 0x0000020be7bfa390
Event: 86.325 Thread 0x0000020bfad472b0 flushing  nmethod 0x0000020be7bfc590
Event: 86.325 Thread 0x0000020bfad472b0 flushing  nmethod 0x0000020be7bfcd10
Event: 86.325 Thread 0x0000020bfad472b0 flushing  nmethod 0x0000020be7bffa90
Event: 86.325 Thread 0x0000020bfad472b0 flushing  nmethod 0x0000020be7c01e10
Event: 86.325 Thread 0x0000020bfad472b0 flushing  nmethod 0x0000020be7c06910
Event: 86.325 Thread 0x0000020bfad472b0 flushing  nmethod 0x0000020be7c06f10

Events (20 events):
Event: 86.240 Thread 0x0000020b82bf0920 Thread added: 0x0000020b8a234000
Event: 86.241 Thread 0x0000020b82bf0920 Thread added: 0x0000020b8a238830
Event: 86.241 Thread 0x0000020b82bf0920 Thread added: 0x0000020b8a233970
Event: 86.241 Thread 0x0000020b82bf0920 Thread added: 0x0000020b8a234690
Event: 86.242 Thread 0x0000020b82bf0920 Thread added: 0x0000020b8b25b720
Event: 86.242 Thread 0x0000020b82bf0920 Thread added: 0x0000020b8b25e510
Event: 86.242 Thread 0x0000020b82bf0920 Thread added: 0x0000020b8b258fc0
Event: 87.019 Thread 0x0000020b81d2ca90 Thread exited: 0x0000020b81d2ca90
Event: 87.242 Thread 0x0000020b81d31c50 Thread exited: 0x0000020b81d31c50
Event: 87.581 Thread 0x0000020b82bf0920 Thread added: 0x0000020b81d04a20
Event: 87.581 Thread 0x0000020b82bf0920 Thread added: 0x0000020b81d098e0
Event: 87.581 Thread 0x0000020b82bf0920 Thread added: 0x0000020b81d0a600
Event: 87.586 Thread 0x0000020bff093d30 Thread added: 0x0000020b81d329f0
Event: 88.687 Thread 0x0000020b81d329f0 Thread exited: 0x0000020b81d329f0
Event: 88.696 Thread 0x0000020bff093d30 Thread added: 0x0000020b81d330c0
Event: 89.412 Thread 0x0000020b81d330c0 Thread exited: 0x0000020b81d330c0
Event: 89.464 Thread 0x0000020bff093d30 Thread added: 0x0000020b81d2ca90
Event: 90.117 Thread 0x0000020b84a87260 Thread added: 0x0000020b81d050b0
Event: 90.166 Thread 0x0000020b84a87260 Thread added: 0x0000020b81d08530
Event: 90.166 Thread 0x0000020b84a87260 Thread added: 0x0000020b81d05dd0


Dynamic libraries:
0x00007ff680b80000 - 0x00007ff680b8a000 	D:\AndroiStudio\jbr\bin\java.exe
0x00007ff92b810000 - 0x00007ff92ba27000 	C:\WINDOWS\SYSTEM32\ntdll.dll
0x00007ff92a540000 - 0x00007ff92a604000 	C:\WINDOWS\System32\KERNEL32.DLL
0x00007ff928900000 - 0x00007ff928cd3000 	C:\WINDOWS\System32\KERNELBASE.dll
0x00007ff9291e0000 - 0x00007ff9292f1000 	C:\WINDOWS\System32\ucrtbase.dll
0x00007ff8fbfb0000 - 0x00007ff8fbfc8000 	D:\AndroiStudio\jbr\bin\jli.dll
0x00007ff923d50000 - 0x00007ff923d6b000 	D:\AndroiStudio\jbr\bin\VCRUNTIME140.dll
0x00007ff92a2f0000 - 0x00007ff92a4a1000 	C:\WINDOWS\System32\USER32.dll
0x00007ff929130000 - 0x00007ff929156000 	C:\WINDOWS\System32\win32u.dll
0x00007ff92a840000 - 0x00007ff92a869000 	C:\WINDOWS\System32\GDI32.dll
0x00007ff928e20000 - 0x00007ff928f42000 	C:\WINDOWS\System32\gdi32full.dll
0x00007ff928fd0000 - 0x00007ff92906a000 	C:\WINDOWS\System32\msvcp_win.dll
0x00007ff918fc0000 - 0x00007ff91925b000 	C:\WINDOWS\WinSxS\amd64_microsoft.windows.common-controls_6595b64144ccf1df_6.0.22621.5262_none_2712bde373830908\COMCTL32.dll
0x00007ff92a240000 - 0x00007ff92a2e7000 	C:\WINDOWS\System32\msvcrt.dll
0x00007ff92a4b0000 - 0x00007ff92a4e1000 	C:\WINDOWS\System32\IMM32.DLL
0x00007ff924aa0000 - 0x00007ff924aac000 	D:\AndroiStudio\jbr\bin\vcruntime140_1.dll
0x00007ff8e3a90000 - 0x00007ff8e3b1d000 	D:\AndroiStudio\jbr\bin\msvcp140.dll
0x00007ff8b7fa0000 - 0x00007ff8b8c2a000 	D:\AndroiStudio\jbr\bin\server\jvm.dll
0x00007ff92a180000 - 0x00007ff92a231000 	C:\WINDOWS\System32\ADVAPI32.dll
0x00007ff92a870000 - 0x00007ff92a917000 	C:\WINDOWS\System32\sechost.dll
0x00007ff929300000 - 0x00007ff929328000 	C:\WINDOWS\System32\bcrypt.dll
0x00007ff92a610000 - 0x00007ff92a724000 	C:\WINDOWS\System32\RPCRT4.dll
0x00007ff92a920000 - 0x00007ff92a991000 	C:\WINDOWS\System32\WS2_32.dll
0x00007ff928720000 - 0x00007ff92876d000 	C:\WINDOWS\SYSTEM32\POWRPROF.dll
0x00007ff924180000 - 0x00007ff9241b4000 	C:\WINDOWS\SYSTEM32\WINMM.dll
0x00007ff91e2e0000 - 0x00007ff91e2ea000 	C:\WINDOWS\SYSTEM32\VERSION.dll
0x00007ff928600000 - 0x00007ff928613000 	C:\WINDOWS\SYSTEM32\UMPDC.dll
0x00007ff927940000 - 0x00007ff927958000 	C:\WINDOWS\SYSTEM32\kernel.appcore.dll
0x00007ff924270000 - 0x00007ff92427a000 	D:\AndroiStudio\jbr\bin\jimage.dll
0x00007ff9258e0000 - 0x00007ff925b12000 	C:\WINDOWS\SYSTEM32\DBGHELP.DLL
0x00007ff929b60000 - 0x00007ff929ef3000 	C:\WINDOWS\System32\combase.dll
0x00007ff92b530000 - 0x00007ff92b607000 	C:\WINDOWS\System32\OLEAUT32.dll
0x00007ff90ab60000 - 0x00007ff90ab92000 	C:\WINDOWS\SYSTEM32\dbgcore.DLL
0x00007ff929160000 - 0x00007ff9291db000 	C:\WINDOWS\System32\bcryptPrimitives.dll
0x00007ff921ce0000 - 0x00007ff921cee000 	D:\AndroiStudio\jbr\bin\instrument.dll
0x00007ff91adc0000 - 0x00007ff91ade0000 	D:\AndroiStudio\jbr\bin\java.dll
0x00007ff91a810000 - 0x00007ff91a828000 	D:\AndroiStudio\jbr\bin\zip.dll
0x00007ff92ac90000 - 0x00007ff92b52d000 	C:\WINDOWS\System32\SHELL32.dll
0x00007ff928ce0000 - 0x00007ff928e1f000 	C:\WINDOWS\System32\wintypes.dll
0x00007ff926840000 - 0x00007ff92715d000 	C:\WINDOWS\SYSTEM32\windows.storage.dll
0x00007ff92a730000 - 0x00007ff92a83b000 	C:\WINDOWS\System32\SHCORE.dll
0x00007ff92ac20000 - 0x00007ff92ac86000 	C:\WINDOWS\System32\shlwapi.dll
0x00007ff928830000 - 0x00007ff92885b000 	C:\WINDOWS\SYSTEM32\profapi.dll
0x00007ff921cd0000 - 0x00007ff921ce0000 	D:\AndroiStudio\jbr\bin\net.dll
0x00007ff925540000 - 0x00007ff92566c000 	C:\WINDOWS\SYSTEM32\WINHTTP.dll
0x00007ff927dc0000 - 0x00007ff927e2a000 	C:\WINDOWS\system32\mswsock.dll
0x00007ff90ec80000 - 0x00007ff90ec96000 	D:\AndroiStudio\jbr\bin\nio.dll
0x00007ff924ea0000 - 0x00007ff924eb0000 	D:\AndroiStudio\jbr\bin\verify.dll
0x00007ff8ff400000 - 0x00007ff8ff427000 	C:\Users\Admin\.gradle\native\c067742578af261105cb4f569cf0c3c89f3d7b1fecec35dd04571415982c5e48\windows-amd64\native-platform.dll
0x00007ff8e1aa0000 - 0x00007ff8e1be4000 	C:\Users\Admin\.gradle\native\100fb08df4bc3b14c8652ba06237920a3bd2aa13389f12d3474272988ae205f9\windows-amd64\native-platform-file-events.dll
0x00007ff91af80000 - 0x00007ff91af89000 	D:\AndroiStudio\jbr\bin\management.dll
0x00007ff91acd0000 - 0x00007ff91acdb000 	D:\AndroiStudio\jbr\bin\management_ext.dll
0x00007ff92aa40000 - 0x00007ff92aa48000 	C:\WINDOWS\System32\PSAPI.DLL
0x00007ff928010000 - 0x00007ff92802b000 	C:\WINDOWS\SYSTEM32\CRYPTSP.dll
0x00007ff9278a0000 - 0x00007ff9278d7000 	C:\WINDOWS\system32\rsaenh.dll
0x00007ff927eb0000 - 0x00007ff927ed8000 	C:\WINDOWS\SYSTEM32\USERENV.dll
0x00007ff928030000 - 0x00007ff92803c000 	C:\WINDOWS\SYSTEM32\CRYPTBASE.dll
0x00007ff9273c0000 - 0x00007ff9273ed000 	C:\WINDOWS\SYSTEM32\IPHLPAPI.DLL
0x00007ff92aa30000 - 0x00007ff92aa39000 	C:\WINDOWS\System32\NSI.dll
0x00007ff91da90000 - 0x00007ff91da99000 	D:\AndroiStudio\jbr\bin\extnet.dll
0x00007ff8f2ac0000 - 0x00007ff8f2ac8000 	C:\WINDOWS\system32\wshunix.dll
0x00007ff8ec180000 - 0x00007ff8ec197000 	C:\WINDOWS\system32\napinsp.dll
0x00007ff8eb970000 - 0x00007ff8eb98b000 	C:\WINDOWS\system32\pnrpnsp.dll
0x00007ff927430000 - 0x00007ff927528000 	C:\WINDOWS\SYSTEM32\DNSAPI.dll
0x00007ff8eb330000 - 0x00007ff8eb341000 	C:\WINDOWS\System32\winrnr.dll
0x00007ff904980000 - 0x00007ff90499f000 	C:\WINDOWS\system32\wshbth.dll
0x00007ff8ec060000 - 0x00007ff8ec081000 	C:\WINDOWS\system32\nlansp_c.dll
0x00007ff9240e0000 - 0x00007ff9240ea000 	C:\Windows\System32\rasadhlp.dll
0x00007ff923e50000 - 0x00007ff923ed3000 	C:\WINDOWS\System32\fwpuclnt.dll
0x00007ff927a50000 - 0x00007ff927a84000 	C:\WINDOWS\SYSTEM32\ntmarta.dll

dbghelp: loaded successfully - version: 4.0.5 - missing functions: none
symbol engine: initialized successfully - sym options: 0x614 - pdb path: .;D:\AndroiStudio\jbr\bin;C:\WINDOWS\SYSTEM32;C:\WINDOWS\WinSxS\amd64_microsoft.windows.common-controls_6595b64144ccf1df_6.0.22621.5262_none_2712bde373830908;D:\AndroiStudio\jbr\bin\server;C:\Users\Admin\.gradle\native\c067742578af261105cb4f569cf0c3c89f3d7b1fecec35dd04571415982c5e48\windows-amd64;C:\Users\Admin\.gradle\native\100fb08df4bc3b14c8652ba06237920a3bd2aa13389f12d3474272988ae205f9\windows-amd64

VM Arguments:
jvm_args: --add-opens=java.base/java.lang=ALL-UNNAMED --add-opens=java.base/java.lang.invoke=ALL-UNNAMED --add-opens=java.base/java.util=ALL-UNNAMED --add-opens=java.prefs/java.util.prefs=ALL-UNNAMED --add-exports=jdk.compiler/com.sun.tools.javac.api=ALL-UNNAMED --add-exports=jdk.compiler/com.sun.tools.javac.util=ALL-UNNAMED --add-opens=java.base/java.util=ALL-UNNAMED --add-opens=java.prefs/java.util.prefs=ALL-UNNAMED --add-opens=java.base/java.nio.charset=ALL-UNNAMED --add-opens=java.base/java.net=ALL-UNNAMED --add-opens=java.base/java.util.concurrent.atomic=ALL-UNNAMED --add-opens=java.xml/javax.xml.namespace=ALL-UNNAMED -Xmx2048m -Dfile.encoding=UTF-8 -Duser.country=VN -Duser.language=vi -Duser.variant -javaagent:C:\Users\Admin\.gradle\wrapper\dists\gradle-8.11.1-bin\bpt9gzteqjrbo1mjrsomdt32c\gradle-8.11.1\lib\agents\gradle-instrumentation-agent-8.11.1.jar 
java_command: org.gradle.launcher.daemon.bootstrap.GradleDaemon 8.11.1
java_class_path (initial): C:\Users\Admin\.gradle\wrapper\dists\gradle-8.11.1-bin\bpt9gzteqjrbo1mjrsomdt32c\gradle-8.11.1\lib\gradle-daemon-main-8.11.1.jar
Launcher Type: SUN_STANDARD

[Global flags]
     intx CICompilerCount                          = 4                                         {product} {ergonomic}
     uint ConcGCThreads                            = 2                                         {product} {ergonomic}
     uint G1ConcRefinementThreads                  = 8                                         {product} {ergonomic}
   size_t G1HeapRegionSize                         = 1048576                                   {product} {ergonomic}
    uintx GCDrainStackTargetSize                   = 64                                        {product} {ergonomic}
   size_t InitialHeapSize                          = 130023424                                 {product} {ergonomic}
   size_t MarkStackSize                            = 4194304                                   {product} {ergonomic}
   size_t MaxHeapSize                              = 2147483648                                {product} {command line}
   size_t MaxNewSize                               = 1287651328                                {product} {ergonomic}
   size_t MinHeapDeltaBytes                        = 1048576                                   {product} {ergonomic}
   size_t MinHeapSize                              = 8388608                                   {product} {ergonomic}
    uintx NonNMethodCodeHeapSize                   = 5839372                                {pd product} {ergonomic}
    uintx NonProfiledCodeHeapSize                  = 122909434                              {pd product} {ergonomic}
    uintx ProfiledCodeHeapSize                     = 122909434                              {pd product} {ergonomic}
    uintx ReservedCodeCacheSize                    = 251658240                              {pd product} {ergonomic}
     bool SegmentedCodeCache                       = true                                      {product} {ergonomic}
   size_t SoftMaxHeapSize                          = 2147483648                             {manageable} {ergonomic}
     bool UseCompressedOops                        = true                           {product lp64_product} {ergonomic}
     bool UseG1GC                                  = true                                      {product} {ergonomic}
     bool UseLargePagesIndividualAllocation        = false                                  {pd product} {ergonomic}

Logging:
Log output configuration:
 #0: stdout all=warning uptime,level,tags foldmultilines=false
 #1: stderr all=off uptime,level,tags foldmultilines=false

Environment Variables:
JAVA_HOME=D:\jdk23
PATH=D:\python\Scripts\;D:\python\;C:\Program Files\Common Files\Oracle\Java\javapath;C:\Windows\system32;C:\Windows;C:\Windows\System32\Wbem;C:\Windows\System32\WindowsPowerShell\v1.0\;C:\Windows\System32\OpenSSH\;C:\Program Files\dotnet\;C:\Program Files\Microsoft SQL Server\Client SDK\ODBC\170\Tools\Binn\;C:\Program Files\Microsoft SQL Server\160\DTS\Binn\;C:\Program Files (x86)\Windows Kits\10\Windows Performance Toolkit\;C:\xampp\php;C:\ProgramData\ComposerSetup\bin;C:\WINDOWS\system32;C:\WINDOWS;C:\WINDOWS\System32\Wbem;C:\WINDOWS\System32\WindowsPowerShell\v1.0\;C:\WINDOWS\System32\OpenSSH\;C:\Program Files\Microsoft SQL Server\130\DTS\Binn\;C:\Program Files\Microsoft SQL Server\140\DTS\Binn\;C:\Program Files\Microsoft SQL Server\150\DTS\Binn\;C:\Program Files\Git\cmd;D:\NoteJS\;C:\Users\Admin\miniconda3;C:\Users\Admin\miniconda3\Library\mingw-w64\bin;C:\Users\Admin\miniconda3\Library\usr\bin;C:\Users\Admin\miniconda3\Library\bin;C:\Users\Admin\miniconda3\Scripts;C:\Users\Admin\AppData\Local\Microsoft\WindowsApps;C:\Users\Admin\.dotnet\tools;C:\Users\Admin\AppData\Local\Programs\Microsoft VS Code\bin;C:\MinGW\bin;D:\IntelliJ IDEA Community Edition 2024.3.1.1\bin;;C:\Program Files\JetBrains\PyCharm Community Edition 2023.2.5\bin;;C:\Program Files\Azure Data Studio\bin;C:\Users\Admin\AppData\Roaming\Composer\vendor\bin;C:\Program Files\JetBrains\IntelliJ IDEA 2024.3\bin;;C:\Users\Admin\AppData\Roaming\npm;C:\Users\Admin\AppData\Local\GitHubDesktop\bin
USERNAME=Admin
OS=Windows_NT
PROCESSOR_IDENTIFIER=Intel64 Family 6 Model 140 Stepping 1, GenuineIntel
TMP=C:\Users\Admin\AppData\Local\Temp
TEMP=C:\Users\Admin\AppData\Local\Temp




Periodic native trim disabled

JNI global refs:
JNI global refs: 28, weak refs: 0

JNI global refs memory usage: 835, weak refs: 833

Process memory usage:
Resident Set Size: 681300K (8% of 8104728K total physical memory with 496324K free physical memory)

OOME stack traces (most recent first):
Classloader memory used:
Loader org.gradle.internal.classloader.VisitableURLClassLoader$InstrumentingVisitableURLClassLoader: 52599K
Loader org.gradle.internal.classloader.VisitableURLClassLoader                         : 47332K
Loader bootstrap                                                                       : 36426K
Loader org.gradle.initialization.MixInLegacyTypesClassLoader                           : 16207K
Loader org.gradle.internal.classloader.VisitableURLClassLoader                         : 8714K
Loader jdk.internal.reflect.DelegatingClassLoader                                      : 968K
Loader jdk.internal.loader.ClassLoaders$PlatformClassLoader                            : 865K
Loader jdk.internal.loader.ClassLoaders$AppClassLoader                                 : 234K
Loader org.gradle.groovy.scripts.internal.DefaultScriptCompilationHandler$ScriptClassLoader: 91376B
Loader org.codehaus.groovy.runtime.callsite.CallSiteClassLoader                        : 52168B
Loader sun.reflect.misc.MethodUtil                                                     : 2952B

Classes loaded by more than one classloader:
Class Program                                                                         : loaded 5 times (x 68B)
Class com.google.common.collect.Iterators$MergingIterator                             : loaded 3 times (x 77B)
Class com.google.common.collect.ImmutableList$SubList                                 : loaded 3 times (x 204B)
Class com.google.common.collect.RegularImmutableMap$KeySet                            : loaded 3 times (x 146B)
Class com.google.common.collect.ForwardingObject                                      : loaded 3 times (x 68B)
Class com.google.common.collect.ImmutableSet$SetBuilderImpl                           : loaded 3 times (x 72B)
Class com.google.common.collect.ImmutableList                                         : loaded 3 times (x 202B)
Class Build_gradle                                                                    : loaded 3 times (x 126B)
Class com.google.common.base.CharMatcher$InRange                                      : loaded 3 times (x 107B)
Class com.google.common.collect.ImmutableSet$Builder                                  : loaded 3 times (x 81B)
Class com.google.common.collect.SetMultimap                                           : loaded 3 times (x 66B)
Class com.google.common.collect.ImmutableMapEntrySet$RegularEntrySet                  : loaded 3 times (x 147B)
Class com.google.common.collect.RangeSet                                              : loaded 3 times (x 66B)
Class com.google.common.base.CharMatcher$NamedFastMatcher                             : loaded 3 times (x 108B)
Class com.google.common.base.CharMatcher$1                                            : loaded 3 times (x 109B)
Class com.google.common.base.Joiner$2                                                 : loaded 3 times (x 75B)
Class com.google.common.base.CharMatcher$IsEither                                     : loaded 3 times (x 107B)
Class com.google.common.collect.RangeGwtSerializationDependencies                     : loaded 3 times (x 67B)
Class com.google.common.base.CharMatcher                                              : loaded 3 times (x 107B)
Class com.google.common.collect.PeekingIterator                                       : loaded 3 times (x 66B)
Class com.google.common.base.Joiner$1                                                 : loaded 3 times (x 76B)
Class com.google.common.collect.ImmutableSetMultimap                                  : loaded 3 times (x 176B)
Class com.google.common.base.Preconditions                                            : loaded 3 times (x 67B)
Class com.google.common.base.CharMatcher$Negated                                      : loaded 3 times (x 109B)
Class com.google.common.base.CharMatcher$Is                                           : loaded 3 times (x 107B)
Class com.google.common.collect.RegularImmutableMap$BucketOverflowException           : loaded 3 times (x 78B)
Class com.google.common.collect.ImmutableSet$RegularSetBuilderImpl                    : loaded 3 times (x 73B)
Class com.google.common.collect.ImmutableRangeSet$ComplementRanges                    : loaded 3 times (x 203B)
Class org.gradle.internal.IoActions                                                   : loaded 3 times (x 67B)
Class org.gradle.api.GradleException                                                  : loaded 3 times (x 78B)
Class com.google.common.collect.ImmutableList$1                                       : loaded 3 times (x 93B)
Class com.google.common.collect.ImmutableEntry                                        : loaded 3 times (x 78B)
Class [Lcom.google.common.collect.AbstractMapEntry;                                   : loaded 3 times (x 65B)
Class com.google.common.base.CharMatcher$NegatedFastMatcher                           : loaded 3 times (x 109B)
Class com.google.common.collect.AbstractRangeSet                                      : loaded 3 times (x 110B)
Class com.google.common.base.Predicate                                                : loaded 3 times (x 66B)
Class com.google.common.collect.ImmutableMap                                          : loaded 3 times (x 116B)
Class com.google.common.base.CharMatcher$FastMatcher                                  : loaded 3 times (x 107B)
Class org.gradle.internal.Cast                                                        : loaded 3 times (x 67B)
Class com.google.common.collect.RegularImmutableMap                                   : loaded 3 times (x 117B)
Class com.google.common.collect.ImmutableMap$MapViewOfValuesAsSingletonSets           : loaded 3 times (x 121B)
Class org.gradle.api.Action                                                           : loaded 3 times (x 66B)
Class com.google.common.collect.ImmutableList$SerializedForm                          : loaded 3 times (x 69B)
Class com.google.common.base.CharMatcher$Or                                           : loaded 3 times (x 108B)
Class com.google.common.base.CharMatcher$BitSetMatcher                                : loaded 3 times (x 108B)
Class com.google.common.collect.RegularImmutableMap$Values                            : loaded 3 times (x 203B)
Class com.google.common.collect.ImmutableSet                                          : loaded 3 times (x 141B)
Class com.google.common.collect.ImmutableRangeSet$Builder                             : loaded 3 times (x 73B)
Class Build_gradle$1                                                                  : loaded 3 times (x 70B)
Class [Lcom.google.common.collect.ImmutableEntry;                                     : loaded 3 times (x 65B)
Class com.google.common.collect.RegularImmutableList                                  : loaded 3 times (x 208B)
Class com.google.common.base.Function                                                 : loaded 3 times (x 66B)
Class com.google.common.collect.ImmutableMapEntry$NonTerminalImmutableMapEntry        : loaded 3 times (x 81B)
Class com.google.common.collect.ImmutableMultimap                                     : loaded 3 times (x 143B)
Class com.google.common.collect.ImmutableMapEntry                                     : loaded 3 times (x 81B)
Class com.google.common.collect.UnmodifiableListIterator                              : loaded 3 times (x 91B)
Class com.google.common.collect.RegularImmutableSortedSet                             : loaded 3 times (x 295B)
Class com.google.common.base.CharMatcher$IsNot                                        : loaded 3 times (x 107B)
Class com.google.common.collect.ImmutableMap$SerializedForm                           : loaded 3 times (x 69B)
Class com.google.common.collect.RegularImmutableSet                                   : loaded 3 times (x 144B)
Class com.google.common.collect.ImmutableSortedSet                                    : loaded 3 times (x 295B)
Class com.google.common.collect.ImmutableAsList                                       : loaded 3 times (x 205B)
Class com.google.common.collect.Iterators$9                                           : loaded 3 times (x 77B)
Class com.google.common.collect.Lists                                                 : loaded 3 times (x 67B)
Class com.google.common.collect.ImmutableSet$CachingAsList                            : loaded 3 times (x 143B)
Class com.google.common.base.CharMatcher$AnyOf                                        : loaded 3 times (x 108B)
Class com.google.common.collect.ImmutableCollection                                   : loaded 3 times (x 121B)
Class com.google.common.base.CharMatcher$ForPredicate                                 : loaded 3 times (x 108B)
Class com.google.common.collect.Iterators$5                                           : loaded 3 times (x 78B)
Class com.google.common.collect.ImmutableBiMap                                        : loaded 3 times (x 139B)
Class com.google.common.collect.Iterators$4                                           : loaded 3 times (x 78B)
Class com.google.common.collect.SortedIterable                                        : loaded 3 times (x 66B)
Class com.google.common.collect.ImmutableMap$IteratorBasedImmutableMap                : loaded 3 times (x 121B)
Class com.google.common.collect.SingletonImmutableSet                                 : loaded 3 times (x 142B)
Class com.google.common.collect.Iterators$1                                           : loaded 3 times (x 77B)
Class com.google.common.collect.ImmutableList$ReverseImmutableList                    : loaded 3 times (x 204B)
Class org.gradle.api.UncheckedIOException                                             : loaded 3 times (x 78B)
Class com.google.common.collect.SingletonImmutableList                                : loaded 3 times (x 203B)
Class com.google.common.collect.Iterables                                             : loaded 3 times (x 67B)
Class com.google.common.collect.Multimap                                              : loaded 3 times (x 66B)
Class com.google.common.collect.ImmutableMap$Builder                                  : loaded 3 times (x 78B)
Class com.google.common.collect.ImmutableMapEntrySet                                  : loaded 3 times (x 147B)
Class [Lcom.google.common.collect.ImmutableMapEntry;                                  : loaded 3 times (x 65B)
Class com.google.common.collect.AbstractIndexedListIterator                           : loaded 3 times (x 92B)
Class com.google.common.collect.ObjectArrays                                          : loaded 3 times (x 67B)
Class com.google.common.collect.AbstractIterator                                      : loaded 3 times (x 78B)
Class com.google.common.collect.BiMap                                                 : loaded 3 times (x 66B)
Class com.google.common.collect.ImmutableMap$1                                        : loaded 3 times (x 77B)
Class com.google.common.collect.IndexedImmutableSet                                   : loaded 3 times (x 146B)
Class com.google.common.base.CharMatcher$And                                          : loaded 3 times (x 108B)
Class com.google.common.collect.Lists$StringAsImmutableList                           : loaded 3 times (x 203B)
Class com.google.common.collect.Iterators                                             : loaded 3 times (x 67B)
Class com.google.common.collect.ImmutableRangeSet                                     : loaded 3 times (x 111B)
Class com.google.common.collect.Range                                                 : loaded 3 times (x 83B)
Class com.google.common.collect.RegularImmutableAsList                                : loaded 3 times (x 212B)
Class com.google.common.collect.ImmutableRangeSet$1                                   : loaded 3 times (x 205B)
Class com.google.common.collect.AbstractMultimap                                      : loaded 3 times (x 119B)
Class com.google.common.collect.ImmutableList$Builder                                 : loaded 3 times (x 73B)
Class com.google.common.collect.AbstractMapEntry                                      : loaded 3 times (x 77B)
Class com.google.common.collect.UnmodifiableIterator                                  : loaded 3 times (x 76B)
Class com.google.common.collect.Platform                                              : loaded 3 times (x 67B)
Class com.google.common.base.Joiner                                                   : loaded 3 times (x 75B)
Class com.google.common.collect.BaseImmutableMultimap                                 : loaded 3 times (x 119B)
Class com.google.common.collect.ImmutableCollection$Builder                           : loaded 3 times (x 72B)
Class com.google.common.collect.Iterators$ArrayItr                                    : loaded 3 times (x 93B)
Class com.google.common.collect.ImmutableRangeSet$AsSet                               : loaded 3 times (x 295B)
Class com.amazon.ion.impl._Private_IonContainer                                       : loaded 2 times (x 66B)
Class com.intellij.gradle.toolingExtension.impl.model.buildScriptClasspathModel.GradleBuildScriptClasspathSerializationService$ReadContext: loaded 2 times (x 68B)
Class org.gradle.internal.impldep.gnu.trove.TObjectIntHashMap                         : loaded 2 times (x 105B)
Class kotlin.jvm.internal.ArrayIteratorKt                                             : loaded 2 times (x 67B)
Class com.google.common.collect.ComparatorOrdering                                    : loaded 2 times (x 111B)
Class org.gradle.api.internal.DefaultClassPathProvider                                : loaded 2 times (x 72B)
Class org.apache.commons.io.FilenameUtils                                             : loaded 2 times (x 67B)
Class com.google.common.collect.MapMakerInternalMap$Strength$1                        : loaded 2 times (x 76B)
Class com.google.common.collect.Maps$ViewCachingAbstractMap                           : loaded 2 times (x 121B)
Class com.android.builder.model.v2.models.BasicAndroidProject                         : loaded 2 times (x 66B)
Class com.google.common.collect.Sets$2                                                : loaded 2 times (x 135B)
Class com.amazon.ion.impl._Private_RecyclingStack$$Iterator                           : loaded 2 times (x 95B)
Class com.amazon.ion.impl.SharedSymbolTable                                           : loaded 2 times (x 89B)
Class com.amazon.ion.impl.bin.IonRawBinaryWriter                                      : loaded 2 times (x 165B)
Class com.amazon.ion.SymbolToken                                                      : loaded 2 times (x 66B)
Class kotlin.text.StringsKt__StringNumberConversionsJVMKt                             : loaded 2 times (x 67B)
Class com.google.common.collect.NaturalOrdering                                       : loaded 2 times (x 111B)
Class kotlin.text.MatchResult                                                         : loaded 2 times (x 66B)
Class org.gradle.tooling.ToolingModelContract                                         : loaded 2 times (x 66B)
Class kotlin.sequences.SequenceScope                                                  : loaded 2 times (x 69B)
Class kotlin.sequences.Sequence                                                       : loaded 2 times (x 66B)
Class [Lorg.gradle.api.internal.ClassPathProvider;                                    : loaded 2 times (x 65B)
Class org.gradle.api.internal.ClassPathProvider                                       : loaded 2 times (x 66B)
Class com.google.common.collect.MapMakerInternalMap$Strength$2                        : loaded 2 times (x 76B)
Class [Lorg.objectweb.asm.AnnotationVisitor;                                          : loaded 2 times (x 65B)
Class com.google.common.collect.Sets$3                                                : loaded 2 times (x 135B)
Class com.google.common.util.concurrent.AbstractFuture$SafeAtomicHelper               : loaded 2 times (x 75B)
Class com.google.common.cache.LocalCache$LocalLoadingCache                            : loaded 2 times (x 130B)
Class com.google.common.base.AbstractIterator$State                                   : loaded 2 times (x 75B)
Class com.amazon.ion.impl.lite.IonBoolLite                                            : loaded 2 times (x 174B)
Class org.gradle.internal.impldep.gnu.trove.TObjectHash$NULL                          : loaded 2 times (x 67B)
Class kotlin.collections.CollectionsKt___CollectionsKt$asSequence$$inlined$Sequence$1 : loaded 2 times (x 71B)
Class org.gradle.internal.service.UnknownServiceException                             : loaded 2 times (x 79B)
Class com.google.common.io.ByteArrayDataInput                                         : loaded 2 times (x 66B)
Class com.google.common.collect.MapMakerInternalMap$StrongValueEntry                  : loaded 2 times (x 66B)
Class com.google.common.collect.Sets$4                                                : loaded 2 times (x 135B)
Class org.objectweb.asm.ModuleVisitor                                                 : loaded 2 times (x 77B)
Class com.google.common.cache.LocalCache$Strength$1                                   : loaded 2 times (x 77B)
Class org.gradle.internal.impldep.gnu.trove.PrimeFinder                               : loaded 2 times (x 67B)
Class org.jetbrains.kotlin.idea.gradleTooling.model.kapt.KaptGradleModel              : loaded 2 times (x 66B)
Class org.jetbrains.kotlin.idea.gradleTooling.KotlinDslScriptAdditionalTask           : loaded 2 times (x 66B)
Class org.jetbrains.plugins.gradle.model.ClasspathEntryModel                          : loaded 2 times (x 66B)
Class org.apache.commons.io.output.QueueOutputStream                                  : loaded 2 times (x 83B)
Class com.google.common.util.concurrent.SettableFuture                                : loaded 2 times (x 110B)
Class com.google.common.cache.LocalCache$Strength$2                                   : loaded 2 times (x 77B)
Class com.amazon.ion.IonTimestamp                                                     : loaded 2 times (x 66B)
Class com.amazon.ion.impl.bin.PooledBlockAllocatorProvider$PooledBlockAllocator       : loaded 2 times (x 77B)
Class org.jetbrains.plugins.gradle.tooling.serialization.GradleExtensionsSerializationService: loaded 2 times (x 73B)
Class com.android.ide.gradle.model.AdditionalClassifierArtifactsModelParameter        : loaded 2 times (x 66B)
Class org.gradle.api.JavaVersion                                                      : loaded 2 times (x 75B)
Class org.gradle.tooling.model.Dependency                                             : loaded 2 times (x 66B)
Class com.google.common.io.ByteStreams                                                : loaded 2 times (x 67B)
Class com.google.common.collect.Interners$InternerImpl                                : loaded 2 times (x 71B)
Class com.google.common.collect.Interner                                              : loaded 2 times (x 66B)
Class com.google.common.collect.TransformedIterator                                   : loaded 2 times (x 76B)
Class com.android.builder.model.v2.ide.AbstractArtifact                               : loaded 2 times (x 66B)
Class com.google.common.cache.LocalCache$Strength$3                                   : loaded 2 times (x 77B)
Class com.google.common.collect.MapDifference                                         : loaded 2 times (x 66B)
Class com.google.common.base.Splitter$1                                               : loaded 2 times (x 73B)
Class com.amazon.ion.IonDatagram                                                      : loaded 2 times (x 66B)
Class com.amazon.ion.impl._Private_RecyclingStack$ElementFactory                      : loaded 2 times (x 66B)
Class com.amazon.ion.impl.bin.IonManagedBinaryWriter$ImportedSymbolResolverMode$1$1   : loaded 2 times (x 74B)
Class com.amazon.ion.impl._Private_ByteTransferSink                                   : loaded 2 times (x 66B)
Class com.intellij.openapi.externalSystem.model.project.dependencies.ResolutionState  : loaded 2 times (x 75B)
Class kotlin.text.StringsKt__RegexExtensionsJVMKt                                     : loaded 2 times (x 67B)
Class com.google.common.collect.AllEqualOrdering                                      : loaded 2 times (x 110B)
Class kotlin.collections.ArraysKt___ArraysJvmKt                                       : loaded 2 times (x 67B)
Class kotlin.collections.CollectionsKt__CollectionsKt                                 : loaded 2 times (x 67B)
Class com.google.common.collect.MapMaker$Dummy                                        : loaded 2 times (x 75B)
Class org.objectweb.asm.FieldWriter                                                   : loaded 2 times (x 74B)
Class com.google.common.cache.CacheBuilder$NullListener                               : loaded 2 times (x 78B)
Class org.jetbrains.plugins.gradle.model.ExternalLibraryDependency                    : loaded 2 times (x 66B)
Class kotlin.text.Regex$Companion                                                     : loaded 2 times (x 67B)
Class org.gradle.internal.classpath.TransformedClassPath                              : loaded 2 times (x 92B)
Class org.gradle.internal.classloader.InstrumentingClassLoader                        : loaded 2 times (x 66B)
Class com.google.common.collect.ImmutableListMultimap                                 : loaded 2 times (x 172B)
Class org.apache.commons.io.output.UnsynchronizedByteArrayOutputStream                : loaded 2 times (x 98B)
Class com.amazon.ion.impl._Private_RecyclingQueue$ElementFactory                      : loaded 2 times (x 66B)
Class com.google.common.cache.CacheLoader$FunctionToCacheLoader                       : loaded 2 times (x 71B)
Class com.google.common.base.Splitter                                                 : loaded 2 times (x 68B)
Class org.objectweb.asm.AnnotationVisitor                                             : loaded 2 times (x 74B)
Class com.amazon.ion.IonValue                                                         : loaded 2 times (x 66B)
Class kotlin.jvm.internal.FunctionReference                                           : loaded 2 times (x 118B)
Class [Lkotlin.coroutines.intrinsics.CoroutineSingletons;                             : loaded 2 times (x 65B)
Class kotlin.jvm.internal.FunctionBase                                                : loaded 2 times (x 66B)
Class kotlin.enums.EnumEntriesList                                                    : loaded 2 times (x 219B)
Class com.google.common.collect.EmptyImmutableListMultimap                            : loaded 2 times (x 172B)
Class com.google.common.collect.Sets$1                                                : loaded 2 times (x 135B)
Class org.apache.commons.io.output.ByteArrayOutputStream                              : loaded 2 times (x 98B)
Class com.android.ide.common.gradle.Numeric                                           : loaded 2 times (x 73B)
Class com.google.common.base.MoreObjects                                              : loaded 2 times (x 67B)
Class com.amazon.ion.impl.bin.IonRawBinaryWriter$ContainerType                        : loaded 2 times (x 75B)
Class com.amazon.ion.impl._Private_IonTextWriterBuilder$Mutable                       : loaded 2 times (x 98B)
Class kotlin.comparisons.ComparisonsKt___ComparisonsJvmKt                             : loaded 2 times (x 67B)
Class kotlin.collections.CollectionsKt__IteratorsJVMKt                                : loaded 2 times (x 67B)
Class com.android.builder.model.v2.ide.TestInfo$Execution                             : loaded 2 times (x 75B)
Class [Lorg.objectweb.asm.Type;                                                       : loaded 2 times (x 65B)
Class org.gradle.tooling.internal.gradle.DefaultProjectIdentifier                     : loaded 2 times (x 82B)
Class kotlin.text.StringsKt__AppendableKt                                             : loaded 2 times (x 67B)
Class org.jetbrains.plugins.gradle.model.IntelliJSettings                             : loaded 2 times (x 66B)
Class org.jetbrains.kotlin.idea.gradleTooling.KotlinSourceSetContainer                : loaded 2 times (x 66B)
Class kotlin.Result                                                                   : loaded 2 times (x 68B)
Class org.gradle.internal.service.ServiceLocator                                      : loaded 2 times (x 66B)
Class org.apache.commons.io.FileExistsException                                       : loaded 2 times (x 78B)
Class com.google.common.base.Ascii                                                    : loaded 2 times (x 67B)
Class com.google.common.collect.SingletonImmutableBiMap                               : loaded 2 times (x 139B)
Class com.google.common.cache.LocalCache$1                                            : loaded 2 times (x 85B)
Class com.amazon.ion.IonWriter                                                        : loaded 2 times (x 66B)
Class com.amazon.ion.impl.IonWriterSystem                                             : loaded 2 times (x 167B)
Class com.amazon.ion.impl.bin.Symbols$2                                               : loaded 2 times (x 103B)
Class com.amazon.ion.impl.bin._Private_IonManagedWriter                               : loaded 2 times (x 66B)
Class com.intellij.gradle.toolingExtension.util.GradleVersionUtil                     : loaded 2 times (x 67B)
Class com.android.ide.gradle.model.GradlePropertiesModel                              : loaded 2 times (x 66B)
Class kotlin.sequences.TransformingSequence$iterator$1                                : loaded 2 times (x 75B)
Class kotlin.Pair                                                                     : loaded 2 times (x 68B)
Class org.gradle.tooling.internal.adapter.ProtocolToModelAdapter$SupportedPropertyInvoker: loaded 2 times (x 72B)
Class org.gradle.tooling.model.UnsupportedMethodException                             : loaded 2 times (x 78B)
Class org.apache.commons.io.function.IOSupplier                                       : loaded 2 times (x 66B)
Class com.google.common.collect.MapMakerInternalMap$AbstractStrongKeyEntry            : loaded 2 times (x 76B)
Class com.android.builder.model.v2.ide.BytecodeTransformation                         : loaded 2 times (x 75B)
Class com.google.common.collect.Sets$ImprovedAbstractSet                              : loaded 2 times (x 131B)
Class com.amazon.ion.impl.bin._Private_IonRawWriter                                   : loaded 2 times (x 66B)
Class com.google.common.cache.LocalCache$2                                            : loaded 2 times (x 138B)
Class com.amazon.ion.impl.bin.IonRawBinaryWriter$PreallocationMode                    : loaded 2 times (x 78B)
Class com.amazon.ion.impl.lite.IonContainerLite                                       : loaded 2 times (x 244B)
Class com.amazon.ion.IonBufferConfiguration$OversizedSymbolTableHandler               : loaded 2 times (x 66B)
Class com.amazon.ion.system.IonWriterBuilder                                          : loaded 2 times (x 70B)
Class org.jetbrains.plugins.gradle.tooling.serialization.ToolingStreamApiUtils        : loaded 2 times (x 67B)
Class com.amazon.ion.facet.Faceted                                                    : loaded 2 times (x 66B)
Class kotlin.collections.CollectionsKt__MutableCollectionsKt                          : loaded 2 times (x 67B)
Class com.android.builder.model.v2.ide.CodeShrinker                                   : loaded 2 times (x 75B)
Class com.amazon.ion.impl.lite.IonSystemLite                                          : loaded 2 times (x 271B)
Class com.google.common.util.concurrent.AbstractFuture$UnsafeAtomicHelper$1           : loaded 2 times (x 72B)
Class com.google.common.collect.ListMultimap                                          : loaded 2 times (x 66B)
Class com.amazon.ion.impl.bin.utf8.Poolable                                           : loaded 2 times (x 75B)
Class com.amazon.ion.IonSymbol                                                        : loaded 2 times (x 66B)
Class org.jetbrains.plugins.gradle.tooling.serialization.AnnotationProcessingModelSerializationService$WriteContext: loaded 2 times (x 68B)
Class org.gradle.internal.impldep.gnu.trove.THash                                     : loaded 2 times (x 77B)
Class kotlin.io.TerminateException                                                    : loaded 2 times (x 78B)
Class kotlin.io.FilesKt__FilePathComponentsKt                                         : loaded 2 times (x 67B)
Class kotlin.reflect.KCallable                                                        : loaded 2 times (x 66B)
Class com.google.common.base.Optional                                                 : loaded 2 times (x 76B)
Class com.google.common.collect.ImmutableEnumMap                                      : loaded 2 times (x 121B)
Class com.google.common.util.concurrent.AbstractFuture$Trusted                        : loaded 2 times (x 66B)
Class org.apache.commons.io.output.StringBuilderWriter                                : loaded 2 times (x 96B)
Class com.google.common.base.CharMatcher$RangesMatcher                                : loaded 2 times (x 108B)
Class org.jetbrains.kotlin.idea.gradleTooling.KotlinGradlePluginVersion               : loaded 2 times (x 66B)
Class com.amazon.ion.impl.lite.IonStructLite                                          : loaded 2 times (x 294B)
Class com.amazon.ion.impl._Private_ReaderWriter                                       : loaded 2 times (x 66B)
Class com.amazon.ion.impl.bin.AbstractSymbolTable                                     : loaded 2 times (x 103B)
Class com.amazon.ion.Decimal                                                          : loaded 2 times (x 129B)
Class com.amazon.ion.impl.bin._Private_IonManagedBinaryWriterBuilder$AllocatorMode$1  : loaded 2 times (x 76B)
Class org.jetbrains.plugins.gradle.tooling.serialization.ProjectDependenciesSerializationService$WriteContext: loaded 2 times (x 68B)
Class org.jetbrains.plugins.gradle.tooling.serialization.ProjectDependenciesSerializationService: loaded 2 times (x 73B)
Class kotlin.collections.AbstractIterator                                             : loaded 2 times (x 79B)
Class kotlin.text.CharsKt                                                             : loaded 2 times (x 67B)
Class org.gradle.tooling.model.kotlin.dsl.KotlinDslScriptModel                        : loaded 2 times (x 66B)
Class org.gradle.tooling.internal.adapter.CollectionMapper                            : loaded 2 times (x 69B)
Class com.google.common.io.ByteSink$AsCharSink                                        : loaded 2 times (x 76B)
Class org.jetbrains.kotlin.tooling.core.KotlinToolingVersion                          : loaded 2 times (x 71B)
Class [Lcom.android.builder.model.v2.ide.LibraryType;                                 : loaded 2 times (x 65B)
Class com.android.builder.model.v2.ide.LibraryType                                    : loaded 2 times (x 75B)
Class com.google.common.util.concurrent.UncheckedExecutionException                   : loaded 2 times (x 78B)
Class [Lorg.apache.commons.io.StandardLineSeparator;                                  : loaded 2 times (x 65B)
Class org.gradle.kotlin.dsl.VersionCatalogAccessorsKt                                 : loaded 2 times (x 67B)
Class com.amazon.ion.impl.lite.IonFloatLite                                           : loaded 2 times (x 182B)
Class com.amazon.ion.impl._Private_IonTextWriterBuilder                               : loaded 2 times (x 98B)
Class com.amazon.ion.impl.bin._Private_IonManagedBinaryWriterBuilder$AllocatorMode$2  : loaded 2 times (x 76B)
Class org.gradle.internal.impldep.gnu.trove.Equality                                  : loaded 2 times (x 66B)
Class com.google.common.collect.ExplicitOrdering                                      : loaded 2 times (x 111B)
Class com.google.common.collect.ImmutableSortedSetFauxverideShim                      : loaded 2 times (x 143B)
Class com.google.common.base.CharMatcher$JavaLetterOrDigit                            : loaded 2 times (x 107B)
Class org.jetbrains.plugins.gradle.ExternalDependencyId                               : loaded 2 times (x 66B)
Class com.amazon.ion.impl._Private_RecyclingStack                                     : loaded 2 times (x 75B)
Class com.amazon.ion.impl._Private_IonReaderBuilder                                   : loaded 2 times (x 91B)
Class com.amazon.ion.IonMutableCatalog                                                : loaded 2 times (x 66B)
Class com.intellij.gradle.toolingExtension.impl.model.buildScriptClasspathModel.GradleBuildScriptClasspathSerializationService$WriteContext: loaded 2 times (x 68B)
Class org.gradle.tooling.internal.adapter.ProtocolToModelAdapter                      : loaded 2 times (x 76B)
Class org.gradle.internal.InternalTransformer                                         : loaded 2 times (x 66B)
Class com.android.builder.model.v2.ide.AndroidGradlePluginProjectFlags$BooleanFlag    : loaded 2 times (x 75B)
Class com.google.common.collect.AbstractMapBasedMultimap$KeySet$1                     : loaded 2 times (x 78B)
Class com.android.ide.common.gradle.Separator                                         : loaded 2 times (x 75B)
Class org.objectweb.asm.ClassWriter                                                   : loaded 2 times (x 102B)
Class com.google.common.cache.CacheLoader$UnsupportedLoadingOperationException        : loaded 2 times (x 78B)
Class com.android.builder.model.v2.models.AndroidDsl                                  : loaded 2 times (x 66B)
Class org.gradle.internal.impldep.gnu.trove.TObjectCanonicalHashingStrategy           : loaded 2 times (x 76B)
Class kotlin.collections.ArraysKt___ArraysKt$asSequence$$inlined$Sequence$1           : loaded 2 times (x 71B)
Class kotlin.collections.MapsKt__MapsJVMKt                                            : loaded 2 times (x 67B)
Class kotlin.collections.EmptyList                                                    : loaded 2 times (x 170B)
Class org.gradle.internal.time.DefaultTimer                                           : loaded 2 times (x 76B)
Class org.gradle.internal.classloader.ClasspathUtil$1                                 : loaded 2 times (x 72B)
Class com.google.common.collect.FluentIterable$1                                      : loaded 2 times (x 77B)
Class com.google.common.base.Objects                                                  : loaded 2 times (x 67B)
Class org.objectweb.asm.FieldVisitor                                                  : loaded 2 times (x 73B)
Class com.google.common.collect.AbstractIterator$1                                    : loaded 2 times (x 67B)
Class org.gradle.api.internal.classpath.EffectiveClassPath                            : loaded 2 times (x 86B)
Class kotlin.sequences.SequencesKt___SequencesKt$flatMap$2                            : loaded 2 times (x 121B)
Class com.amazon.ion.impl.bin.PooledBlockAllocatorProvider$PooledBlockAllocator$1     : loaded 2 times (x 75B)
Class com.amazon.ion.impl.lite.IonStringLite                                          : loaded 2 times (x 208B)
Class org.gradle.tooling.internal.adapter.ProtocolToModelAdapter$ViewKey              : loaded 2 times (x 68B)
Class org.gradle.api.internal.classpath.DefaultModuleRegistry$DefaultModule           : loaded 2 times (x 82B)
Class com.google.common.base.Absent                                                   : loaded 2 times (x 76B)
Class com.google.common.collect.FluentIterable$2                                      : loaded 2 times (x 77B)
Class com.android.ide.common.repository.AgpVersion                                    : loaded 2 times (x 71B)
Class com.android.builder.model.v2.CustomSourceDirectory                              : loaded 2 times (x 66B)
Class com.google.common.primitives.Ints                                               : loaded 2 times (x 67B)
Class com.google.common.collect.Ordering                                              : loaded 2 times (x 110B)
Class com.amazon.ion.impl.bin.Block                                                   : loaded 2 times (x 75B)
Class com.google.common.collect.NullsFirstOrdering                                    : loaded 2 times (x 111B)
Class kotlin.ResultKt                                                                 : loaded 2 times (x 67B)
Class org.gradle.tooling.internal.adapter.ProtocolToModelAdapter$PropertyCachingMethodInvoker: loaded 2 times (x 72B)
Class com.google.common.collect.FluentIterable$3                                      : loaded 2 times (x 77B)
Class com.android.builder.model.v2.models.ProjectSyncIssues                           : loaded 2 times (x 66B)
Class com.google.common.math.MathPreconditions                                        : loaded 2 times (x 67B)
Class com.google.common.collect.Multiset                                              : loaded 2 times (x 66B)
Class com.google.common.collect.ArrayListMultimapGwtSerializationDependencies         : loaded 2 times (x 168B)
Class org.jetbrains.plugins.gradle.tooling.serialization.internal.IdeaProjectSerializationService: loaded 2 times (x 73B)
Class org.jetbrains.kotlin.idea.projectModel.KotlinTaskProperties                     : loaded 2 times (x 66B)
Class org.jetbrains.plugins.gradle.model.ExternalTask                                 : loaded 2 times (x 66B)
Class com.amazon.ion.impl.bin.utf8.Utf8StringEncoderPool$1                            : loaded 2 times (x 72B)
Class com.amazon.ion.impl.lite.IonLoaderLite                                          : loaded 2 times (x 78B)
Class com.amazon.ion.impl.lite.IonContext                                             : loaded 2 times (x 66B)
Class com.amazon.ion.impl.IonWriterSystemText                                         : loaded 2 times (x 186B)
Class [Lcom.amazon.ion.impl.bin.IonManagedBinaryWriter$ImportedSymbolResolverMode;    : loaded 2 times (x 65B)
Class com.amazon.ion.ValueFactory                                                     : loaded 2 times (x 66B)
Class kotlin.collections.ArraysKt__ArraysKt                                           : loaded 2 times (x 67B)
Class kotlin.Result$Failure                                                           : loaded 2 times (x 68B)
Class org.gradle.internal.time.DefaultCountdownTimer                                  : loaded 2 times (x 84B)
Class org.apache.commons.io.output.NullOutputStream                                   : loaded 2 times (x 81B)
Class [Lcom.android.ide.common.repository.AgpVersion$PreviewKind;                     : loaded 2 times (x 65B)
Class com.amazon.ion.impl._Private_IonReaderBuilder$TwoElementSequenceInputStream     : loaded 2 times (x 88B)
Class com.amazon.ion.impl.bin.IonManagedBinaryWriter$SymbolResolver                   : loaded 2 times (x 66B)
Class com.amazon.ion.impl._Private_SymbolToken                                        : loaded 2 times (x 66B)
Class com.amazon.ion.impl.bin._Private_IonManagedBinaryWriterBuilder$AllocatorMode    : loaded 2 times (x 76B)
Class org.jetbrains.plugins.gradle.tooling.util.ObjectCollector                       : loaded 2 times (x 68B)
Class org.jetbrains.plugins.gradle.model.GradleTaskModel                              : loaded 2 times (x 66B)
Class kotlin.collections.SetsKt__SetsJVMKt                                            : loaded 2 times (x 67B)
Class org.gradle.tooling.internal.adapter.ProtocolToModelAdapter$AdaptingMethodInvoker: loaded 2 times (x 72B)
Class org.gradle.tooling.internal.gradle.DefaultBuildIdentifier                       : loaded 2 times (x 75B)
Class kotlin.Function                                                                 : loaded 2 times (x 66B)
Class org.gradle.api.internal.classpath.Module                                        : loaded 2 times (x 66B)
Class com.google.common.cache.Weigher                                                 : loaded 2 times (x 66B)
Class com.amazon.ion.impl._Private_IonReaderBuilder$Mutable                           : loaded 2 times (x 91B)
Class com.intellij.openapi.externalSystem.model.project.IExternalSystemSourceType     : loaded 2 times (x 66B)
Class kotlin.io.FileAlreadyExistsException                                            : loaded 2 times (x 78B)
Class kotlin.internal.ProgressionUtilKt                                               : loaded 2 times (x 67B)
Class org.gradle.api.internal.classpath.UnknownModuleException                        : loaded 2 times (x 78B)
Class com.google.common.base.Stopwatch                                                : loaded 2 times (x 68B)
Class com.google.common.cache.LocalCache$Strength                                     : loaded 2 times (x 77B)
Class com.google.common.cache.Cache                                                   : loaded 2 times (x 66B)
Class org.jetbrains.plugins.gradle.tooling.serialization.ProjectDependenciesSerializationService$ReadContext: loaded 2 times (x 68B)
Class org.gradle.internal.impldep.gnu.trove.TObjectIdentityHashingStrategy            : loaded 2 times (x 74B)
Class com.intellij.openapi.externalSystem.model.project.dependencies.ProjectDependencies: loaded 2 times (x 66B)
Class kotlin.sequences.DistinctIterator                                               : loaded 2 times (x 79B)
Class com.google.common.io.Files$2                                                    : loaded 2 times (x 72B)
Class org.apache.commons.io.filefilter.IOFileFilter                                   : loaded 2 times (x 66B)
Class com.google.common.util.concurrent.AbstractFuture$Cancellation                   : loaded 2 times (x 68B)
Class org.gradle.internal.classloader.ClassLoaderVisitor                              : loaded 2 times (x 72B)
Class com.google.common.base.NullnessCasts                                            : loaded 2 times (x 67B)
Class com.google.common.base.Present                                                  : loaded 2 times (x 77B)
Class com.google.common.collect.AbstractMapBasedMultimap$WrappedCollection$WrappedIterator: loaded 2 times (x 80B)
Class com.google.common.cache.RemovalListener                                         : loaded 2 times (x 66B)
Class com.amazon.ion.IonBufferConfiguration                                           : loaded 2 times (x 69B)
Class com.amazon.ion.impl.bin.Symbols                                                 : loaded 2 times (x 67B)
Class org.jetbrains.plugins.gradle.tooling.serialization.RepositoriesModelSerializationService: loaded 2 times (x 78B)
Class com.android.ide.gradle.model.artifacts.AdditionalClassifierArtifactsModel       : loaded 2 times (x 66B)
Class org.gradle.tooling.internal.gradle.GradleProjectIdentity                        : loaded 2 times (x 66B)
Class org.gradle.api.internal.DefaultClassPathRegistry                                : loaded 2 times (x 72B)
Class org.apache.commons.io.file.DeleteOption                                         : loaded 2 times (x 66B)
Class com.google.common.collect.ImmutableMultimap$Keys                                : loaded 2 times (x 162B)
Class com.android.builder.model.v2.ide.JavaArtifact                                   : loaded 2 times (x 66B)
Class com.google.common.primitives.IntsMethodsForWeb                                  : loaded 2 times (x 67B)
Class kotlin.collections.AbstractList$Companion                                       : loaded 2 times (x 67B)
Class [Lcom.amazon.ion.impl.bin.AbstractIonWriter$WriteValueOptimization;             : loaded 2 times (x 65B)
Class org.jetbrains.plugins.gradle.tooling.serialization.RepositoriesModelSerializationService$ReadContext: loaded 2 times (x 68B)
Class kotlin.ranges.ClosedRange                                                       : loaded 2 times (x 66B)
Class org.gradle.api.internal.ClassPathRegistry                                       : loaded 2 times (x 66B)
Class org.gradle.internal.classpath.DefaultClassPath$ImmutableUniqueList              : loaded 2 times (x 195B)
Class com.google.common.collect.MapMakerInternalMap$Segment                           : loaded 2 times (x 138B)
Class com.google.common.base.ExtraObjectsMethodsForWeb                                : loaded 2 times (x 67B)
Class org.apache.commons.io.IOUtils                                                   : loaded 2 times (x 67B)
Class com.amazon.ion.impl.bin.IonManagedBinaryWriter$UserState                        : loaded 2 times (x 81B)
Class org.jetbrains.plugins.gradle.tooling.serialization.internal.adapter.InternalBuildIdentifier: loaded 2 times (x 71B)
Class com.amazon.ion.impl._Private_IonWriter                                          : loaded 2 times (x 66B)
Class com.amazon.ion.impl.bin._Private_IonManagedBinaryWriterBuilder                  : loaded 2 times (x 68B)
Class com.intellij.gradle.toolingExtension.impl.model.projectModel.GradleExternalProjectSerializationService$WriteContext: loaded 2 times (x 69B)
Class kotlin.text.StringsKt__StringsJVMKt                                             : loaded 2 times (x 67B)
Class kotlin.collections.IntIterator                                                  : loaded 2 times (x 78B)
Class com.google.common.collect.NullnessCasts                                         : loaded 2 times (x 67B)
Class kotlin.sequences.SequencesKt___SequencesKt                                      : loaded 2 times (x 67B)
Class com.google.common.io.ByteSink                                                   : loaded 2 times (x 72B)
Class com.android.builder.model.v2.dsl.SigningConfig                                  : loaded 2 times (x 66B)
Class com.android.builder.model.v2.models.AndroidProject                              : loaded 2 times (x 66B)
Class com.android.builder.model.v2.AndroidModel                                       : loaded 2 times (x 66B)
Class com.google.common.cache.CacheBuilder                                            : loaded 2 times (x 68B)
Class kotlin.text.MatcherMatchResult$groupValues$1                                    : loaded 2 times (x 194B)
Class Settings_gradle$1                                                               : loaded 2 times (x 70B)
Class [Lcom.amazon.ion.SymbolToken;                                                   : loaded 2 times (x 65B)
Class kotlin.text.StringsKt__IndentKt                                                 : loaded 2 times (x 67B)
Class kotlin.collections.SetsKt                                                       : loaded 2 times (x 67B)
Class com.google.common.collect.ReverseNaturalOrdering                                : loaded 2 times (x 110B)
Class org.gradle.internal.classpath.ClassPath                                         : loaded 2 times (x 66B)
Class com.google.common.collect.Interners$InternerBuilder                             : loaded 2 times (x 72B)
Class com.google.common.io.Files$FileByteSource                                       : loaded 2 times (x 81B)
Class com.amazon.ion.impl.bin.IonManagedBinaryWriter$ImportedSymbolResolverMode$2     : loaded 2 times (x 76B)
Class com.google.common.base.JdkPattern                                               : loaded 2 times (x 71B)
Class org.jetbrains.plugins.gradle.model.ExternalProjectDependency                    : loaded 2 times (x 66B)
Class org.jetbrains.plugins.gradle.tooling.serialization.KotlinDslScriptsModelSerializationService: loaded 2 times (x 77B)
Class kotlin.reflect.KFunction                                                        : loaded 2 times (x 66B)
Class kotlin.collections.ArrayDeque                                                   : loaded 2 times (x 203B)
Class org.objectweb.asm.SymbolTable$Entry                                             : loaded 2 times (x 70B)
Class com.google.common.util.concurrent.AbstractFuture$AtomicHelper                   : loaded 2 times (x 74B)
Class com.amazon.ion.system.IonSystemBuilder$Mutable                                  : loaded 2 times (x 71B)
Class com.amazon.ion.impl.bin.IonManagedBinaryWriter$SymbolResolverBuilder            : loaded 2 times (x 66B)
Class org.jetbrains.plugins.gradle.tooling.serialization.ExternalTestsSerializationService$WriteContext: loaded 2 times (x 68B)
Class org.jetbrains.kotlin.idea.gradleTooling.KotlinGradleModel                       : loaded 2 times (x 66B)
Class kotlin.jvm.internal.Lambda                                                      : loaded 2 times (x 71B)
Class kotlin.collections.MapsKt__MapsKt                                               : loaded 2 times (x 67B)
Class com.android.builder.model.v2.ide.Variant                                        : loaded 2 times (x 66B)
Class org.objectweb.asm.Edge                                                          : loaded 2 times (x 68B)
Class com.google.common.base.Suppliers$SupplierOfInstance                             : loaded 2 times (x 75B)
Class com.google.common.base.CharMatcher$None                                         : loaded 2 times (x 108B)
Class com.amazon.ion.impl._Private_RecyclingStack$Recycler                            : loaded 2 times (x 66B)
Class com.amazon.ion.impl.bin.IonManagedBinaryWriter$LocalSymbolTableView             : loaded 2 times (x 103B)
Class com.amazon.ion.impl.bin.IonRawBinaryWriter$ThrowingRunnable                     : loaded 2 times (x 66B)
Class com.android.ide.gradle.model.ArtifactIdentifier                                 : loaded 2 times (x 66B)
Class org.gradle.tooling.model.Model                                                  : loaded 2 times (x 66B)
Class com.google.common.cache.LocalCache$ComputingValueReference                      : loaded 2 times (x 92B)
Class org.apache.commons.io.file.PathUtils                                            : loaded 2 times (x 67B)
Class [Lcom.google.common.collect.AbstractIterator$State;                             : loaded 2 times (x 65B)
Class com.amazon.ion.UnknownSymbolException                                           : loaded 2 times (x 82B)
Class com.android.ide.gradle.model.composites.BuildMap                                : loaded 2 times (x 66B)
Class kotlin.text.MatchResult$Destructured                                            : loaded 2 times (x 68B)
Class kotlin.Metadata                                                                 : loaded 2 times (x 66B)
Class kotlin.UninitializedPropertyAccessException                                     : loaded 2 times (x 78B)
Class com.android.builder.model.v2.ide.Library                                        : loaded 2 times (x 66B)
Class com.android.builder.model.v2.ide.ArtifactDependenciesAdjacencyList              : loaded 2 times (x 66B)
Class com.android.builder.model.v2.models.Versions                                    : loaded 2 times (x 66B)
Class com.google.common.cache.LocalCache$Segment                                      : loaded 2 times (x 150B)
Class org.jetbrains.plugins.gradle.model.IntelliJProjectSettings                      : loaded 2 times (x 66B)
Class kotlin.sequences.SequencesKt___SequencesKt$filterNotNull$1                      : loaded 2 times (x 74B)
Class org.gradle.tooling.internal.adapter.ProtocolToModelAdapter$MethodInvocationCache: loaded 2 times (x 69B)
Class org.gradle.internal.classloader.DefaultClassLoaderFactory                       : loaded 2 times (x 78B)
Class com.android.builder.model.v2.models.ndk.NativeModule                            : loaded 2 times (x 66B)
Class [Lorg.objectweb.asm.SymbolTable$Entry;                                          : loaded 2 times (x 65B)
Class com.google.common.cache.CacheLoader                                             : loaded 2 times (x 70B)
Class com.intellij.util.containers.IntObjectHashMap$ArrayProducer                     : loaded 2 times (x 66B)
Class com.amazon.ion.impl.bin.IonManagedBinaryWriter$ImportedSymbolResolverMode$1     : loaded 2 times (x 76B)
Class com.google.common.collect.AbstractListMultimap                                  : loaded 2 times (x 168B)
Class org.jetbrains.plugins.gradle.model.ExternalDependency                           : loaded 2 times (x 66B)
Class com.intellij.util.containers.IntObjectHashMap                                   : loaded 2 times (x 68B)
Class org.gradle.internal.installation.GradleInstallation$1                           : loaded 2 times (x 71B)
Class org.gradle.api.internal.classpath.ModuleRegistry                                : loaded 2 times (x 66B)
Class com.android.builder.model.v2.ide.PrivacySandboxSdkInfo                          : loaded 2 times (x 66B)
Class com.android.ide.common.repository.AgpVersion$PreviewKind$Companion              : loaded 2 times (x 67B)
Class org.apache.commons.io.output.NullWriter                                         : loaded 2 times (x 95B)
Class com.google.common.util.concurrent.internal.InternalFutureFailureAccess          : loaded 2 times (x 68B)
Class com.amazon.ion.impl.lite.IonSymbolLite                                          : loaded 2 times (x 242B)
Class com.google.common.collect.ImmutableSet$JdkBackedSetBuilderImpl                  : loaded 2 times (x 72B)
Class com.google.common.base.Splitter$SplittingIterator                               : loaded 2 times (x 80B)
Class com.amazon.ion.impl.bin.IonManagedBinaryWriter$SymbolState$1                    : loaded 2 times (x 76B)
Class com.amazon.ion.impl.LocalSymbolTableAsStruct$Factory                            : loaded 2 times (x 75B)
Class [Lcom.amazon.ion.IonType;                                                       : loaded 2 times (x 65B)
Class com.intellij.gradle.toolingExtension.impl.model.sourceSetDependencyModel.GradleSourceSetDependencySerialisationService$SourceSetDependencyModelReadContext: loaded 2 times (x 68B)
Class com.intellij.gradle.toolingExtension.impl.model.dependencyModel.DependencyReadContext: loaded 2 times (x 68B)
Class org.jetbrains.plugins.gradle.model.VersionCatalogsModel                         : loaded 2 times (x 66B)
Class org.gradle.tooling.internal.adapter.ObjectGraphAdapter                          : loaded 2 times (x 66B)
Class com.google.common.io.Closer$SuppressingSuppressor                               : loaded 2 times (x 71B)
Class com.google.common.collect.ImmutableMultimap$Values                              : loaded 2 times (x 122B)
Class com.android.builder.model.v2.ide.Installation                                   : loaded 2 times (x 66B)
Class com.google.common.util.concurrent.AbstractFuture$UnsafeAtomicHelper             : loaded 2 times (x 74B)
Class com.google.common.cache.LocalCache$LocalManualCache$1                           : loaded 2 times (x 71B)
Class [Lcom.amazon.ion.impl.bin.IonRawBinaryWriter$StreamCloseMode;                   : loaded 2 times (x 65B)
Class org.jetbrains.plugins.gradle.model.ProjectImportModelProvider                   : loaded 2 times (x 66B)
Class org.jetbrains.plugins.gradle.model.ExternalSourceSet                            : loaded 2 times (x 66B)
Class com.amazon.ion.impl.bin.IonManagedBinaryWriter$SymbolState$2                    : loaded 2 times (x 76B)
Class com.amazon.ion.IonNull                                                          : loaded 2 times (x 66B)
Class com.intellij.gradle.toolingExtension.impl.model.warmUp.GradleTaskWarmUpRequest  : loaded 2 times (x 66B)
Class com.google.common.collect.ImmutableSortedAsList                                 : loaded 2 times (x 217B)
Class kotlin.text.RegexKt                                                             : loaded 2 times (x 67B)
Class kotlin.coroutines.intrinsics.IntrinsicsKt__IntrinsicsKt                         : loaded 2 times (x 67B)
Class com.android.builder.model.v2.models.ModelBuilderParameter                       : loaded 2 times (x 66B)
Class org.jetbrains.kotlin.idea.gradleTooling.AndroidAwareGradleModelProvider$Companion: loaded 2 times (x 67B)
Class com.google.common.base.Suppliers                                                : loaded 2 times (x 67B)
Class com.amazon.ion.impl.bin.IonRawBinaryWriter$ContainerInfo                        : loaded 2 times (x 70B)
Class com.amazon.ion.impl.bin.IonManagedBinaryWriter$SymbolState$3                    : loaded 2 times (x 76B)
Class com.amazon.ion.impl.bin.IonRawBinaryWriter$StreamFlushMode                      : loaded 2 times (x 75B)
Class com.amazon.ion.IonBinaryWriter                                                  : loaded 2 times (x 66B)
Class com.intellij.gradle.toolingExtension.impl.model.sourceSetArtifactIndex.GradleSourceSetArtifactBuildRequest: loaded 2 times (x 66B)
Class kotlin.io.FilesKt__UtilsKt                                                      : loaded 2 times (x 67B)
Class com.google.common.collect.Lists$TransformingRandomAccessList                    : loaded 2 times (x 195B)
Class kotlin.collections.CollectionsKt__CollectionsJVMKt                              : loaded 2 times (x 67B)
Class org.gradle.api.internal.classpath.DefaultModuleRegistry                         : loaded 2 times (x 82B)
Class com.google.common.util.concurrent.ListenableFuture                              : loaded 2 times (x 66B)
Class com.google.common.cache.ReferenceEntry                                          : loaded 2 times (x 66B)
Class [Lcom.google.common.cache.CacheBuilder$OneWeigher;                              : loaded 2 times (x 65B)
Class com.google.common.base.Converter                                                : loaded 2 times (x 86B)
Class org.objectweb.asm.MethodTooLargeException                                       : loaded 2 times (x 79B)
Class com.google.common.base.CharMatcher$Any                                          : loaded 2 times (x 108B)
Class com.amazon.ion.impl.bin.IonManagedBinaryWriter$SymbolState$4                    : loaded 2 times (x 76B)
Class org.jetbrains.plugins.gradle.tooling.serialization.internal.IdeaProjectSerializationService$WriteContext$1: loaded 2 times (x 79B)
Class org.jetbrains.plugins.gradle.model.ExternalProject                              : loaded 2 times (x 66B)
Class kotlin.collections.CollectionsKt__IteratorsKt                                   : loaded 2 times (x 67B)
Class kotlin.sequences.SequencesKt                                                    : loaded 2 times (x 67B)
Class [Lcom.android.builder.model.v2.ide.CodeShrinker;                                : loaded 2 times (x 65B)
Class com.google.common.util.concurrent.AbstractFuture                                : loaded 2 times (x 102B)
Class com.google.common.base.FunctionalEquivalence                                    : loaded 2 times (x 79B)
Class com.google.common.base.Platform$JdkPatternCompiler                              : loaded 2 times (x 71B)
Class com.google.common.collect.AbstractMapBasedMultimap                              : loaded 2 times (x 135B)
Class com.google.common.collect.MapMakerInternalMap$Strength                          : loaded 2 times (x 76B)
Class com.amazon.ion.impl.bin.utf8.Pool                                               : loaded 2 times (x 70B)
Class com.amazon.ion.impl._Private_SymtabExtendsCache                                 : loaded 2 times (x 68B)
Class org.jetbrains.plugins.gradle.tooling.serialization.internal.IdeaProjectSerializationService$WriteContext$2: loaded 2 times (x 79B)
Class kotlin.text.StringsKt                                                           : loaded 2 times (x 67B)
Class com.google.common.collect.ImmutableMultiset                                     : loaded 2 times (x 159B)
Class org.objectweb.asm.RecordComponentVisitor                                        : loaded 2 times (x 73B)
Class com.google.common.cache.CacheLoader$SupplierToCacheLoader                       : loaded 2 times (x 71B)
Class com.amazon.ion.IonContainer                                                     : loaded 2 times (x 66B)
Class com.amazon.ion.impl._Private_IonSymbol                                          : loaded 2 times (x 66B)
Class com.amazon.ion.impl.lite.IonValueLite                                           : loaded 2 times (x 143B)
Class com.amazon.ion.impl.bin.PooledBlockAllocatorProvider                            : loaded 2 times (x 69B)
Class org.jetbrains.plugins.gradle.tooling.serialization.AnnotationProcessingModelSerializationService$ReadContext: loaded 2 times (x 68B)
Class org.jetbrains.plugins.gradle.tooling.serialization.internal.IdeaProjectSerializationService$WriteContext$3: loaded 2 times (x 79B)
Class org.gradle.util.internal.DefaultGradleVersion$Stage                             : loaded 2 times (x 71B)
Class kotlin.coroutines.jvm.internal.RestrictedContinuationImpl                       : loaded 2 times (x 83B)
Class com.google.common.collect.Maps$EntryTransformer                                 : loaded 2 times (x 66B)
Class org.jetbrains.kotlin.idea.gradleTooling.AndroidAwareGradleModelProvider         : loaded 2 times (x 79B)
Class org.jetbrains.plugins.gradle.tooling.serialization.internal.IdeaProjectSerializationService$WriteContext$4: loaded 2 times (x 79B)
Class com.intellij.gradle.toolingExtension.impl.model.sourceSetDependencyModel.GradleSourceSetDependencySerialisationService$Companion: loaded 2 times (x 67B)
Class [Lkotlin.Pair;                                                                  : loaded 2 times (x 65B)
Class kotlin.text.StringsKt__StringNumberConversionsKt                                : loaded 2 times (x 67B)
Class kotlin.io.FilesKt__FileReadWriteKt                                              : loaded 2 times (x 67B)
Class com.google.common.collect.UsingToStringOrdering                                 : loaded 2 times (x 110B)
Class kotlin.text.MatchNamedGroupCollection                                           : loaded 2 times (x 66B)
Class kotlin.jvm.internal.markers.KMutableList                                        : loaded 2 times (x 66B)
Class org.gradle.internal.time.MonotonicClock                                         : loaded 2 times (x 73B)
Class org.gradle.internal.service.ServiceLookupException                              : loaded 2 times (x 78B)
Class com.google.common.collect.Lists$ReverseList                                     : loaded 2 times (x 196B)
Class com.google.common.collect.MapMakerInternalMap$StrongKeyDummyValueEntry$LinkedStrongKeyDummyValueEntry: loaded 2 times (x 78B)
Class org.gradle.internal.operations.MultipleBuildOperationFailures                   : loaded 2 times (x 91B)
Class com.google.common.base.CharMatcher$JavaLetter                                   : loaded 2 times (x 107B)
Class com.amazon.ion.BufferConfiguration$Builder                                      : loaded 2 times (x 74B)
Class org.jetbrains.plugins.gradle.tooling.serialization.internal.IdeaProjectSerializationService$WriteContext$5: loaded 2 times (x 79B)
Class com.intellij.gradle.toolingExtension.impl.model.sourceSetDependencyModel.GradleSourceSetDependencySerialisationService$SourceSetDependencyModelWriteContext: loaded 2 times (x 68B)
Class [Lkotlin.sequences.Sequence;                                                    : loaded 2 times (x 65B)
Class kotlin.sequences.SequencesKt___SequencesKt$sortedWith$1                         : loaded 2 times (x 71B)
Class org.gradle.internal.classloader.ClassLoaderFactory                              : loaded 2 times (x 66B)
Class org.gradle.tooling.internal.adapter.MethodInvocation                            : loaded 2 times (x 81B)
Class com.android.builder.model.v2.ide.LibraryInfo                                    : loaded 2 times (x 66B)
Class org.apache.commons.io.CloseableURLConnection                                    : loaded 2 times (x 112B)
Class com.google.common.cache.LocalCache$LocalManualCache                             : loaded 2 times (x 95B)
Class kotlin.sequences.TransformingSequence                                           : loaded 2 times (x 71B)
Class com.google.common.base.CommonPattern                                            : loaded 2 times (x 70B)
Class com.amazon.ion.impl.bin.IntList                                                 : loaded 2 times (x 73B)
Class com.amazon.ion.impl._Private_RecyclingQueue$ElementIterator                     : loaded 2 times (x 78B)
Class com.amazon.ion.impl.lite._Private_LiteDomTrampoline                             : loaded 2 times (x 67B)
Class com.amazon.ion.IonType                                                          : loaded 2 times (x 75B)
Class org.jetbrains.plugins.gradle.tooling.serialization.internal.IdeaProjectSerializationService$WriteContext$6: loaded 2 times (x 79B)
Class org.jetbrains.plugins.gradle.tooling.util.IntObjectMap                          : loaded 2 times (x 69B)
Class org.gradle.internal.service.CachingServiceLocator                               : loaded 2 times (x 78B)
Class com.google.common.collect.Streams                                               : loaded 2 times (x 67B)
Class com.google.common.collect.AbstractMapBasedMultimap$KeySet                       : loaded 2 times (x 133B)
Class com.intellij.util.ThrowableConsumer                                             : loaded 2 times (x 66B)
Class com.google.common.math.IntMath                                                  : loaded 2 times (x 67B)
Class com.amazon.ion.impl.lite.ValueFactoryLite                                       : loaded 2 times (x 214B)
Class org.jetbrains.plugins.gradle.tooling.serialization.internal.IdeaProjectSerializationService$WriteContext$7: loaded 2 times (x 79B)
Class org.jetbrains.plugins.gradle.model.RepositoryModels                             : loaded 2 times (x 66B)
Class kotlin.collections.AbstractList$SubList                                         : loaded 2 times (x 194B)
Class kotlin.jvm.internal.CallableReference                                           : loaded 2 times (x 102B)
Class com.google.common.collect.MapMakerInternalMap$InternalEntry                     : loaded 2 times (x 66B)
Class com.google.common.collect.Iterators$10                                          : loaded 2 times (x 77B)
Class org.objectweb.asm.ClassVisitor                                                  : loaded 2 times (x 84B)
Class com.google.common.base.CharMatcher$JavaDigit                                    : loaded 2 times (x 107B)
Class com.amazon.ion.impl.bin.WriteBuffer                                             : loaded 2 times (x 74B)
Class com.amazon.ion.impl.bin.IonManagedBinaryWriter                                  : loaded 2 times (x 162B)
Class org.jetbrains.plugins.gradle.tooling.serialization.internal.IdeaProjectSerializationService$WriteContext$8: loaded 2 times (x 79B)
Class [Lorg.gradle.api.JavaVersion;                                                   : loaded 2 times (x 65B)
Class kotlin.ranges.IntRange                                                          : loaded 2 times (x 89B)
Class org.gradle.tooling.model.idea.IdeaDependencyScope                               : loaded 2 times (x 66B)
Class org.gradle.internal.time.TimeSource                                             : loaded 2 times (x 66B)
Class org.gradle.tooling.model.kotlin.dsl.KotlinDslScriptsModel                       : loaded 2 times (x 66B)
Class [Lorg.objectweb.asm.Symbol;                                                     : loaded 2 times (x 65B)
Class com.android.builder.model.v2.ide.TestInfo                                       : loaded 2 times (x 66B)
Class com.google.common.base.Equivalence                                              : loaded 2 times (x 78B)
Class com.android.utils.FileUtils                                                     : loaded 2 times (x 67B)
Class com.android.builder.model.v2.ide.AaptOptions$Namespacing                        : loaded 2 times (x 75B)
Class com.amazon.ion.impl.lite.IonBlobLite                                            : loaded 2 times (x 215B)
Class com.amazon.ion.impl.LocalSymbolTable                                            : loaded 2 times (x 117B)
Class org.jetbrains.plugins.gradle.tooling.serialization.SerializationService         : loaded 2 times (x 66B)
Class org.gradle.tooling.internal.gradle.GradleBuildIdentity                          : loaded 2 times (x 66B)
Class kotlin.enums.EnumEntries                                                        : loaded 2 times (x 66B)
Class com.android.builder.model.v2.ide.JavaCompileOptions                             : loaded 2 times (x 66B)
Class org.apache.commons.io.output.AbstractByteArrayOutputStream                      : loaded 2 times (x 98B)
Class com.google.common.cache.CacheBuilder$OneWeigher                                 : loaded 2 times (x 78B)
Class com.google.common.collect.TransformedListIterator                               : loaded 2 times (x 89B)
Class com.amazon.ion.IonList                                                          : loaded 2 times (x 66B)
Class org.jetbrains.plugins.gradle.tooling.serialization.internal.adapter.Supplier    : loaded 2 times (x 66B)
Class org.gradle.tooling.internal.adapter.ProtocolToModelAdapter$MixInMappingAction   : loaded 2 times (x 76B)
Class org.gradle.internal.exceptions.ResolutionProvider                               : loaded 2 times (x 66B)
Class com.google.common.collect.ImmutableBiMapFauxverideShim                          : loaded 2 times (x 116B)
Class com.amazon.ion.IonSystem                                                        : loaded 2 times (x 66B)
Class com.amazon.ion.impl.bin.IonManagedBinaryWriter$ImportedSymbolContext            : loaded 2 times (x 68B)
Class kotlin.text.MatchResult$DefaultImpls                                            : loaded 2 times (x 67B)
Class org.gradle.tooling.model.idea.IdeaCompilerOutput                                : loaded 2 times (x 66B)
Class org.gradle.tooling.model.ProjectIdentifier                                      : loaded 2 times (x 66B)
Class org.gradle.internal.classloader.ClasspathUtil                                   : loaded 2 times (x 67B)
Class com.android.builder.model.v2.ide.ComponentInfo                                  : loaded 2 times (x 66B)
Class org.jetbrains.kotlin.tooling.core.HasExtras                                     : loaded 2 times (x 66B)
Class com.google.common.base.Charsets                                                 : loaded 2 times (x 67B)
Class com.google.common.util.concurrent.Uninterruptibles                              : loaded 2 times (x 67B)
Class com.android.builder.model.v2.ide.ProjectType                                    : loaded 2 times (x 75B)
Class com.intellij.gradle.toolingExtension.impl.model.sourceSetModel.GradleSourceSetSerialisationService: loaded 2 times (x 73B)
Class kotlin.io.FileSystemException                                                   : loaded 2 times (x 78B)
Class com.android.builder.model.v2.dsl.BaseConfig                                     : loaded 2 times (x 66B)
Class com.google.common.collect.Maps                                                  : loaded 2 times (x 67B)
Class com.google.common.base.CharMatcher$JavaUpperCase                                : loaded 2 times (x 107B)
Class com.amazon.ion.impl.lite.IonIntLite                                             : loaded 2 times (x 185B)
Class com.amazon.ion.util._Private_FastAppendable                                     : loaded 2 times (x 66B)
Class [Lcom.amazon.ion.impl.bin.IonRawBinaryWriter$PreallocationMode;                 : loaded 2 times (x 65B)
Class kotlin.sequences.DistinctSequence                                               : loaded 2 times (x 71B)
Class org.gradle.internal.time.TimeSource$1                                           : loaded 2 times (x 73B)
Class kotlin.jvm.internal.DefaultConstructorMarker                                    : loaded 2 times (x 67B)
Class org.gradle.api.specs.Spec                                                       : loaded 2 times (x 66B)
Class com.google.common.collect.MapMaker                                              : loaded 2 times (x 68B)
Class org.apache.commons.io.file.PathFilter                                           : loaded 2 times (x 66B)
Class com.google.common.cache.LocalCache$Values                                       : loaded 2 times (x 114B)
Class com.amazon.ion.impl.lite.IonSexpLite                                            : loaded 2 times (x 486B)
Class com.amazon.ion.impl.lite.IonListLite                                            : loaded 2 times (x 486B)
Class com.amazon.ion.IonFloat                                                         : loaded 2 times (x 66B)
Class com.google.common.cache.LocalCache$LoadingValueReference                        : loaded 2 times (x 92B)
Class com.amazon.ion.impl.LocalSymbolTable$Factory                                    : loaded 2 times (x 73B)
Class com.amazon.ion.impl.bin.IonManagedBinaryWriter$ImportedSymbolResolverMode       : loaded 2 times (x 76B)
Class com.intellij.gradle.toolingExtension.impl.model.buildScriptClasspathModel.GradleBuildScriptClasspathSerializationService: loaded 2 times (x 73B)
Class kotlin.jvm.internal.ArrayIterator                                               : loaded 2 times (x 75B)
Class org.apache.commons.io.function.IOFunction                                       : loaded 2 times (x 66B)
Class com.google.common.collect.MapMakerInternalMap$StrongKeyDummyValueEntry          : loaded 2 times (x 78B)
Class com.google.common.base.Platform                                                 : loaded 2 times (x 67B)
Class com.amazon.ion.impl.LocalSymbolTableAsStruct                                    : loaded 2 times (x 122B)
Class com.amazon.ion.impl.lite.IonTimestampLite                                       : loaded 2 times (x 188B)
Class org.jetbrains.plugins.gradle.model.FileCollectionDependency                     : loaded 2 times (x 66B)
Class org.gradle.internal.impldep.gnu.trove.TObjectHashingStrategy                    : loaded 2 times (x 66B)
Class com.intellij.gradle.toolingExtension.impl.model.utilDummyModel.DummyModel       : loaded 2 times (x 66B)
Class kotlin.collections.EmptyIterator                                                : loaded 2 times (x 85B)
Class kotlin.text.StringsKt__RegexExtensionsKt                                        : loaded 2 times (x 67B)
Class org.gradle.internal.time.Clock                                                  : loaded 2 times (x 66B)
Class com.google.common.collect.AbstractMapBasedMultimap$WrappedList                  : loaded 2 times (x 201B)
Class com.android.builder.model.v2.dsl.ProductFlavor                                  : loaded 2 times (x 66B)
Class [Lcom.android.builder.model.v2.ide.TestInfo$Execution;                          : loaded 2 times (x 65B)
Class [Lorg.objectweb.asm.AnnotationWriter;                                           : loaded 2 times (x 65B)
Class com.google.common.primitives.Ints$IntConverter                                  : loaded 2 times (x 86B)
Class com.google.common.collect.Maps$8                                                : loaded 2 times (x 78B)
Class com.amazon.ion.IonString                                                        : loaded 2 times (x 66B)
Class org.jetbrains.plugins.gradle.model.GradleSourceSetDependencyModel               : loaded 2 times (x 66B)
Class kotlin.io.FilePathComponents                                                    : loaded 2 times (x 68B)
Class com.google.common.collect.CompoundOrdering                                      : loaded 2 times (x 111B)
Class kotlin.sequences.SequencesKt__SequencesJVMKt                                    : loaded 2 times (x 67B)
Class kotlin.coroutines.jvm.internal.RestrictedSuspendLambda                          : loaded 2 times (x 87B)
Class org.gradle.tooling.internal.adapter.TypeInspector                               : loaded 2 times (x 69B)
Class org.gradle.tooling.internal.adapter.ProtocolToModelAdapter$NoOpDecoration       : loaded 2 times (x 75B)
Class org.gradle.tooling.model.Element                                                : loaded 2 times (x 66B)
Class kotlin.collections.AbstractList                                                 : loaded 2 times (x 193B)
Class kotlin.collections.AbstractCollection                                           : loaded 2 times (x 113B)
Class com.google.common.collect.Lists$ReverseList$1                                   : loaded 2 times (x 95B)
Class org.gradle.tooling.internal.adapter.TargetTypeProvider                          : loaded 2 times (x 66B)
Class org.jetbrains.kotlin.tooling.core.Extras                                        : loaded 2 times (x 66B)
Class com.google.common.collect.Sets$SetView                                          : loaded 2 times (x 134B)
Class com.google.common.cache.LocalCache$StrongValueReference                         : loaded 2 times (x 86B)
Class com.google.common.util.concurrent.AbstractFuture$SynchronizedHelper             : loaded 2 times (x 74B)
Class com.google.common.base.CharMatcher$Invisible                                    : loaded 2 times (x 108B)
Class com.amazon.ion.BufferConfiguration                                              : loaded 2 times (x 69B)
Class com.amazon.ion.system.SimpleCatalog                                             : loaded 2 times (x 87B)
Class com.intellij.gradle.toolingExtension.impl.model.taskModel.GradleTaskSerialisationService: loaded 2 times (x 72B)
Class com.android.ide.gradle.model.LegacyV1AgpVersionModel                            : loaded 2 times (x 66B)
Class kotlin.text.StringsKt__StringBuilderJVMKt                                       : loaded 2 times (x 67B)
Class kotlin.text.Regex                                                               : loaded 2 times (x 68B)
Class kotlin.sequences.SequencesKt__SequenceBuilderKt$sequence$$inlined$Sequence$1    : loaded 2 times (x 71B)
Class com.google.common.graph.SuccessorsFunction                                      : loaded 2 times (x 66B)
Class org.objectweb.asm.Type                                                          : loaded 2 times (x 68B)
Class org.jetbrains.plugins.gradle.tooling.util.IntObjectMap$1                        : loaded 2 times (x 73B)
Class org.gradle.internal.impldep.com.google.common.base.Preconditions                : loaded 2 times (x 67B)
Class org.gradle.tooling.model.internal.ImmutableDomainObjectSet                      : loaded 2 times (x 151B)
Class org.gradle.internal.classloader.VisitableURLClassLoader$InstrumentingVisitableURLClassLoader: loaded 2 times (x 119B)
Class com.google.common.collect.MapMakerInternalMap$StrongKeyDummyValueEntry$Helper   : loaded 2 times (x 75B)
Class org.apache.commons.io.FileUtils                                                 : loaded 2 times (x 67B)
Class com.google.common.io.Files$FileByteSink                                         : loaded 2 times (x 73B)
Class com.android.builder.model.v2.ide.AndroidGradlePluginProjectFlags                : loaded 2 times (x 66B)
Class [Lcom.android.builder.model.v2.ide.AndroidGradlePluginProjectFlags$BooleanFlag; : loaded 2 times (x 65B)
Class com.android.builder.model.v2.ide.BasicVariant                                   : loaded 2 times (x 66B)
Class org.objectweb.asm.ByteVector                                                    : loaded 2 times (x 75B)
Class [Lcom.google.common.cache.CacheBuilder$NullListener;                            : loaded 2 times (x 65B)
Class com.google.common.math.IntMath$1                                                : loaded 2 times (x 67B)
Class [Lcom.amazon.ion.impl.bin.IonRawBinaryWriter$StreamFlushMode;                   : loaded 2 times (x 65B)
Class com.amazon.ion.UnsupportedIonVersionException                                   : loaded 2 times (x 81B)
Class kotlin.comparisons.ComparisonsKt__ComparisonsKt                                 : loaded 2 times (x 67B)
Class kotlin.ranges.RangesKt__RangesKt                                                : loaded 2 times (x 67B)
Class kotlin.collections.SetsKt___SetsKt                                              : loaded 2 times (x 67B)
Class kotlin.sequences.SequencesKt__SequencesKt                                       : loaded 2 times (x 67B)
Class kotlin.coroutines.Continuation                                                  : loaded 2 times (x 66B)
Class org.gradle.internal.classloader.VisitableURLClassLoader$Spec                    : loaded 2 times (x 70B)
Class org.gradle.internal.classpath.DefaultClassPath                                  : loaded 2 times (x 86B)
Class com.android.builder.model.v2.ide.BundleInfo                                     : loaded 2 times (x 66B)
Class com.android.builder.model.v2.ide.SourceProvider                                 : loaded 2 times (x 66B)
Class org.objectweb.asm.Symbol                                                        : loaded 2 times (x 69B)
Class com.google.common.base.AbstractIterator                                         : loaded 2 times (x 76B)
Class com.amazon.ion.impl.bin.IonManagedBinaryWriter$SymbolState                      : loaded 2 times (x 76B)
Class com.amazon.ion.IonStruct                                                        : loaded 2 times (x 66B)
Class org.jetbrains.plugins.gradle.model.GradleBuildScriptClasspathModel              : loaded 2 times (x 66B)
Class kotlin.text.CharsKt__CharJVMKt                                                  : loaded 2 times (x 67B)
Class kotlin.sequences.FilteringSequence                                              : loaded 2 times (x 71B)
Class kotlin.comparisons.ComparisonsKt                                                : loaded 2 times (x 67B)
Class kotlin.comparisons.ComparisonsKt___ComparisonsKt                                : loaded 2 times (x 67B)
Class kotlin.coroutines.jvm.internal.BaseContinuationImpl                             : loaded 2 times (x 83B)
Class kotlin.Result$Companion                                                         : loaded 2 times (x 67B)
Class org.gradle.util.internal.DefaultGradleVersion                                   : loaded 2 times (x 80B)
Class com.google.common.io.Closer                                                     : loaded 2 times (x 74B)
Class kotlin.ranges.IntProgression$Companion                                          : loaded 2 times (x 67B)
Class org.jetbrains.plugins.gradle.model.AnnotationProcessingModel                    : loaded 2 times (x 66B)
Class com.google.common.base.CharMatcher$Ascii                                        : loaded 2 times (x 108B)
Class org.jetbrains.plugins.gradle.model.GradleExtensions                             : loaded 2 times (x 66B)
Class org.gradle.internal.classloader.ClassLoaderSpec                                 : loaded 2 times (x 67B)
Class org.objectweb.asm.AnnotationWriter                                              : loaded 2 times (x 75B)
Class com.google.common.cache.CacheStats                                              : loaded 2 times (x 67B)
Class com.amazon.ion.impl.IonWriterSystemTextMarkup                                   : loaded 2 times (x 188B)
Class com.amazon.ion.impl.bin.BlockAllocator                                          : loaded 2 times (x 76B)
Class kotlin.jvm.internal.FunctionReferenceImpl                                       : loaded 2 times (x 118B)
Class kotlin.collections.CollectionsKt___CollectionsJvmKt                             : loaded 2 times (x 67B)
Class com.google.common.collect.Interners                                             : loaded 2 times (x 67B)
Class com.google.common.io.Closer$Suppressor                                          : loaded 2 times (x 66B)
Class com.google.common.io.LineProcessor                                              : loaded 2 times (x 66B)
Class com.google.common.collect.ImmutableMultisetGwtSerializationDependencies         : loaded 2 times (x 121B)
Class org.objectweb.asm.RecordComponentWriter                                         : loaded 2 times (x 74B)
Class com.google.common.util.concurrent.AbstractFuture$Listener                       : loaded 2 times (x 68B)
Class [Lcom.android.builder.model.v2.ide.ProjectType;                                 : loaded 2 times (x 65B)
Class com.amazon.ion.system.IonBinaryWriterBuilder                                    : loaded 2 times (x 95B)
Class Settings_gradle$1$1                                                             : loaded 2 times (x 70B)
Class com.amazon.ion.impl._Private_RecyclingQueue                                     : loaded 2 times (x 76B)
Class com.amazon.ion.system.IonWriterBuilderBase                                      : loaded 2 times (x 79B)
Class kotlin.TuplesKt                                                                 : loaded 2 times (x 67B)
Class kotlin.jvm.internal.markers.KMutableIterable                                    : loaded 2 times (x 66B)
Class kotlin.sequences.SequencesKt___SequencesJvmKt                                   : loaded 2 times (x 67B)
Class org.gradle.tooling.internal.adapter.ProtocolToModelAdapter$DefaultViewBuilder   : loaded 2 times (x 76B)
Class kotlin.Unit                                                                     : loaded 2 times (x 67B)
Class [Lcom.android.builder.model.v2.ide.AaptOptions$Namespacing;                     : loaded 2 times (x 65B)
Class com.android.ide.common.gradle.Version$Companion$ParseState                      : loaded 2 times (x 66B)
Class org.objectweb.asm.Attribute                                                     : loaded 2 times (x 73B)
Class com.google.common.base.Supplier                                                 : loaded 2 times (x 66B)
Class kotlin.ranges.RangesKt                                                          : loaded 2 times (x 67B)
Class org.gradle.tooling.internal.adapter.ProtocolToModelAdapter$ViewGraphDetails$1   : loaded 2 times (x 73B)
Class org.gradle.internal.classloader.VisitableURLClassLoader                         : loaded 2 times (x 113B)
Class com.amazon.ion.impl.bin.IonManagedBinaryWriter$UserState$4                      : loaded 2 times (x 81B)
Class com.android.ide.common.repository.AgpVersion$Companion                          : loaded 2 times (x 67B)
Class com.google.common.util.concurrent.AbstractFuture$Waiter                         : loaded 2 times (x 68B)
Class Settings_gradle                                                                 : loaded 2 times (x 124B)
Class com.amazon.ion.impl.bin.IonRawBinaryWriter$1                                    : loaded 2 times (x 73B)
Class [Lcom.amazon.ion.SymbolTable;                                                   : loaded 2 times (x 65B)
Class com.amazon.ion.impl.bin.IonBinaryWriterAdapter$Factory                          : loaded 2 times (x 66B)
Class com.amazon.ion.impl.BlockedBuffer$BufferedOutputStream                          : loaded 2 times (x 86B)
Class org.jetbrains.plugins.gradle.tooling.serialization.ExternalTestsSerializationService$ReadContext: loaded 2 times (x 68B)
Class kotlin.collections.ArraysUtilJVM                                                : loaded 2 times (x 67B)
Class kotlin.sequences.FlatteningSequence$iterator$1                                  : loaded 2 times (x 75B)
Class kotlin.jvm.functions.Function0                                                  : loaded 2 times (x 66B)
Class org.jetbrains.plugins.gradle.model.UnresolvedExternalDependency                 : loaded 2 times (x 66B)
Class com.android.builder.model.v2.ide.AndroidArtifact                                : loaded 2 times (x 66B)
Class org.gradle.tooling.model.idea.IdeaDependency                                    : loaded 2 times (x 66B)
Class com.google.common.collect.MapMakerInternalMap                                   : loaded 2 times (x 157B)
Class com.android.builder.model.v2.ide.AaptOptions                                    : loaded 2 times (x 66B)
Class [Lcom.android.builder.model.v2.ide.BytecodeTransformation;                      : loaded 2 times (x 65B)
Class com.google.common.base.Strings                                                  : loaded 2 times (x 67B)
Class com.android.ide.common.gradle.Version$Companion                                 : loaded 2 times (x 67B)
Class com.google.common.collect.Sets                                                  : loaded 2 times (x 67B)
Class org.objectweb.asm.Handler                                                       : loaded 2 times (x 68B)
Class com.google.common.base.Ticker                                                   : loaded 2 times (x 68B)
Class com.google.common.io.ByteArrayDataOutput                                        : loaded 2 times (x 66B)
Class com.amazon.ion.impl.bin.AbstractIonWriter$WriteValueOptimization                : loaded 2 times (x 75B)
Class sync_studio_tooling10805_e8jgb2ax6tt8vcu6w35zod30t                              : loaded 2 times (x 175B)
Class kotlin.collections.AbstractMutableList                                          : loaded 2 times (x 202B)
Class kotlin.jvm.functions.Function1                                                  : loaded 2 times (x 66B)
Class com.android.builder.model.v2.models.ndk.NativeModelBuilderParameter             : loaded 2 times (x 66B)
Class [Lcom.google.common.cache.LocalCache$Segment;                                   : loaded 2 times (x 65B)
Class [Lcom.google.common.cache.LocalCache$Strength;                                  : loaded 2 times (x 65B)
Class com.google.common.cache.CacheBuilder$1                                          : loaded 2 times (x 81B)
Class org.gradle.api.internal.classpath.ManifestUtil                                  : loaded 2 times (x 67B)
Class org.gradle.tooling.internal.adapter.ProtocolToModelAdapter$InvocationHandlerImpl: loaded 2 times (x 73B)
Class com.amazon.ion.impl.bin.BlockAllocatorProvider                                  : loaded 2 times (x 68B)
Class org.jetbrains.plugins.gradle.tooling.serialization.internal.IdeaProjectSerializationService$WriteContext: loaded 2 times (x 68B)
Class com.intellij.gradle.toolingExtension.impl.model.sourceSetDependencyModel.GradleSourceSetDependencySerialisationService: loaded 2 times (x 73B)
Class org.jetbrains.plugins.gradle.model.GradleSourceSetModel                         : loaded 2 times (x 66B)
Class kotlin.KotlinNothingValueException                                              : loaded 2 times (x 78B)
Class kotlin.jvm.functions.Function2                                                  : loaded 2 times (x 66B)
Class org.gradle.internal.classpath.DefaultClassPath$ImmutableUniqueList$Builder      : loaded 2 times (x 71B)
Class com.google.common.collect.MapMakerInternalMap$WeakValueReference                : loaded 2 times (x 66B)
Class org.gradle.tooling.model.build.GradleEnvironment                                : loaded 2 times (x 66B)
Class com.google.common.cache.LocalCache                                              : loaded 2 times (x 183B)
Class com.google.common.cache.CacheBuilder$2                                          : loaded 2 times (x 68B)
Class org.jetbrains.plugins.gradle.tooling.util.IntObjectMap$ObjectFactory            : loaded 2 times (x 66B)
Class com.amazon.ion.impl.lite.IonSequenceLite                                        : loaded 2 times (x 428B)
Class com.amazon.ion.impl._Private_Utils$1                                            : loaded 2 times (x 85B)
Class com.amazon.ion.impl.SymbolTableAsStruct                                         : loaded 2 times (x 66B)
Class kotlin.collections.MapsKt___MapsJvmKt                                           : loaded 2 times (x 67B)
Class org.gradle.tooling.internal.adapter.WeakIdentityHashMap$AbsentValueProvider     : loaded 2 times (x 66B)
Class com.amazon.ion.IonException                                                     : loaded 2 times (x 80B)
Class com.amazon.ion.impl.bin.IonManagedBinaryWriter$UserState$3                      : loaded 2 times (x 81B)
Class com.google.common.collect.ArrayListMultimap                                     : loaded 2 times (x 168B)
Class com.google.common.base.AbstractIterator$1                                       : loaded 2 times (x 67B)
Class com.google.common.base.CharMatcher$Digit                                        : loaded 2 times (x 108B)
Class com.amazon.ion.impl.bin.AbstractIonWriter                                       : loaded 2 times (x 157B)
Class org.jetbrains.plugins.gradle.tooling.util.ObjectCollector$Processor             : loaded 2 times (x 66B)
Class kotlin.jvm.functions.Function4                                                  : loaded 2 times (x 66B)
Class kotlin.collections.EmptySet                                                     : loaded 2 times (x 118B)
Class kotlin.annotation.Target                                                        : loaded 2 times (x 66B)
Class kotlin.collections.CollectionsKt___CollectionsKt                                : loaded 2 times (x 67B)
Class com.google.common.util.concurrent.ExecutionError                                : loaded 2 times (x 78B)
Class org.gradle.internal.exceptions.NonGradleCauseExceptionsHolder                   : loaded 2 times (x 66B)
Class org.gradle.tooling.model.idea.IdeaModuleDependency                              : loaded 2 times (x 66B)
Class org.gradle.tooling.internal.adapter.ViewBuilder                                 : loaded 2 times (x 66B)
Class com.google.common.base.Suppliers$MemoizingSupplier                              : loaded 2 times (x 75B)
Class com.android.builder.model.v2.ide.AndroidLibraryData                             : loaded 2 times (x 66B)
Class com.android.builder.model.v2.ide.ApiVersion                                     : loaded 2 times (x 66B)
Class org.apache.commons.io.StandardLineSeparator                                     : loaded 2 times (x 75B)
Class com.android.ide.common.gradle.Version                                           : loaded 2 times (x 71B)
Class com.google.common.collect.CollectPreconditions                                  : loaded 2 times (x 67B)
Class com.google.common.base.CharMatcher$JavaIsoControl                               : loaded 2 times (x 108B)
Class com.amazon.ion.system.IonReaderBuilder                                          : loaded 2 times (x 89B)
Class org.jetbrains.plugins.gradle.model.AnnotationProcessingConfig                   : loaded 2 times (x 66B)
Class com.amazon.ion.IonReader                                                        : loaded 2 times (x 66B)
Class kotlin.text.StringsKt___StringsJvmKt                                            : loaded 2 times (x 67B)
Class kotlin.reflect.KDeclarationContainer                                            : loaded 2 times (x 66B)
Class kotlin.annotation.Retention                                                     : loaded 2 times (x 66B)
Class [Lcom.google.common.collect.MapMakerInternalMap$Strength;                       : loaded 2 times (x 65B)
Class [Lcom.google.common.io.FileWriteMode;                                           : loaded 2 times (x 65B)
Class com.android.builder.model.v2.models.Versions$Version                            : loaded 2 times (x 66B)
Class com.google.common.collect.SortedMapDifference                                   : loaded 2 times (x 66B)
Class com.google.common.base.CharMatcher$JavaLowerCase                                : loaded 2 times (x 107B)
Class com.amazon.ion.IonClob                                                          : loaded 2 times (x 66B)
Class org.jetbrains.plugins.gradle.tooling.ModelBuilderService$Parameter              : loaded 2 times (x 66B)
Class kotlin.io.FilesKt                                                               : loaded 2 times (x 67B)
Class kotlin.collections.MapsKt___MapsKt                                              : loaded 2 times (x 67B)
Class kotlin.collections.ArraysKt___ArraysKt                                          : loaded 2 times (x 67B)
Class com.google.common.collect.Iterables$4                                           : loaded 2 times (x 77B)
Class com.google.common.collect.MapMakerInternalMap$StrongKeyDummyValueSegment        : loaded 2 times (x 138B)
Class com.google.common.cache.LocalCache$WriteThroughEntry                            : loaded 2 times (x 75B)
Class com.google.common.cache.LocalCache$HashIterator                                 : loaded 2 times (x 82B)
Class com.google.common.io.Files                                                      : loaded 2 times (x 67B)
Class com.google.common.cache.LocalCache$EntryFactory                                 : loaded 2 times (x 79B)
Class com.amazon.ion.impl.lite.IonLobLite                                             : loaded 2 times (x 180B)
Class com.amazon.ion.impl.lite.IonTextLite                                            : loaded 2 times (x 177B)
Class com.amazon.ion.IonNumber                                                        : loaded 2 times (x 66B)
Class org.gradle.internal.impldep.gnu.trove.TObjectIntProcedure                       : loaded 2 times (x 66B)
Class kotlin.collections.MapsKt__MapWithDefaultKt                                     : loaded 2 times (x 67B)
Class org.gradle.tooling.internal.adapter.ProtocolToModelAdapter$ReflectionMethodInvoker: loaded 2 times (x 72B)
Class [Lcom.google.common.collect.MapMaker$Dummy;                                     : loaded 2 times (x 65B)
Class [Lcom.android.ide.common.gradle.Separator;                                      : loaded 2 times (x 65B)
Class org.jetbrains.kotlin.tooling.core.HasMutableExtras                              : loaded 2 times (x 66B)
Class com.google.common.cache.LocalCache$AbstractReferenceEntry                       : loaded 2 times (x 103B)
Class com.google.common.base.Splitter$1$1                                             : loaded 2 times (x 82B)
Class com.google.common.base.CharMatcher$Whitespace                                   : loaded 2 times (x 108B)
Class [Lcom.amazon.ion.impl.bin.IonManagedBinaryWriter$UserState;                     : loaded 2 times (x 65B)
Class com.amazon.ion.impl.bin.utf8.Utf8StringEncoder                                  : loaded 2 times (x 76B)
Class com.amazon.ion.IonBool                                                          : loaded 2 times (x 66B)
Class kotlin.text.StringsKt___StringsKt                                               : loaded 2 times (x 67B)
Class com.google.common.collect.NullsLastOrdering                                     : loaded 2 times (x 111B)
Class kotlin.collections.CollectionsKt__MutableCollectionsJVMKt                       : loaded 2 times (x 67B)
Class com.google.common.collect.ImmutableEnumSet                                      : loaded 2 times (x 142B)
Class kotlin.enums.EnumEntriesKt                                                      : loaded 2 times (x 67B)
Class com.google.common.collect.ImmutableMapKeySet                                    : loaded 2 times (x 146B)
Class com.android.builder.model.v2.models.VariantDependencies                         : loaded 2 times (x 66B)
Class com.android.builder.model.v2.models.VariantDependenciesAdjacencyList            : loaded 2 times (x 66B)
Class org.objectweb.asm.SymbolTable                                                   : loaded 2 times (x 68B)
Class com.google.common.cache.CacheLoader$InvalidCacheLoadException                   : loaded 2 times (x 78B)
Class com.google.common.collect.AbstractMapBasedMultimap$WrappedCollection            : loaded 2 times (x 120B)
Class com.google.common.base.CharMatcher$SingleWidth                                  : loaded 2 times (x 108B)
Class com.amazon.ion.IonLoader                                                        : loaded 2 times (x 66B)
Class org.jetbrains.plugins.gradle.model.GradleProperty                               : loaded 2 times (x 66B)
Class org.gradle.internal.classloader.SystemClassLoaderSpec                           : loaded 2 times (x 67B)
Class com.google.common.collect.FluentIterable                                        : loaded 2 times (x 77B)
Class com.android.builder.model.v2.ide.TestedTargetVariant                            : loaded 2 times (x 66B)
Class com.google.common.cache.LocalCache$StrongEntry                                  : loaded 2 times (x 104B)
Class com.google.common.util.concurrent.AbstractFuture$TrustedFuture                  : loaded 2 times (x 110B)
Class com.google.common.cache.LoadingCache                                            : loaded 2 times (x 66B)
Class com.amazon.ion.impl._Private_Utils                                              : loaded 2 times (x 67B)
Class kotlin.ranges.IntRange$Companion                                                : loaded 2 times (x 67B)
Class kotlin.text.MatcherMatchResult$groups$1                                         : loaded 2 times (x 147B)
Class kotlin.collections.EmptyMap                                                     : loaded 2 times (x 105B)
Class kotlin.reflect.KAnnotatedElement                                                : loaded 2 times (x 66B)
Class kotlin.jvm.internal.markers.KMutableCollection                                  : loaded 2 times (x 66B)
Class kotlin.coroutines.intrinsics.IntrinsicsKt                                       : loaded 2 times (x 67B)
Class org.gradle.internal.exceptions.MultiCauseException                              : loaded 2 times (x 66B)
Class org.gradle.internal.time.CountdownTimer                                         : loaded 2 times (x 66B)
Class kotlin.jvm.internal.Intrinsics                                                  : loaded 2 times (x 67B)
Class com.google.common.io.ByteStreams$LimitedInputStream                             : loaded 2 times (x 88B)
Class com.google.common.base.Suppliers$NonSerializableMemoizingSupplier               : loaded 2 times (x 75B)
Class org.objectweb.asm.MethodWriter                                                  : loaded 2 times (x 102B)
Class [Lcom.google.common.cache.Weigher;                                              : loaded 2 times (x 65B)
Class org.gradle.internal.classloader.ClassLoaderHierarchy                            : loaded 2 times (x 66B)
Class com.intellij.gradle.toolingExtension.impl.model.projectModel.GradleExternalProjectSerializationService$ReadContext: loaded 2 times (x 69B)
Class com.intellij.gradle.toolingExtension.impl.model.dependencyModel.DependencyWriteContext: loaded 2 times (x 68B)
Class kotlin.sequences.SequencesKt__SequencesKt$flatten$1                             : loaded 2 times (x 74B)
Class kotlin.collections.MapsKt                                                       : loaded 2 times (x 67B)
Class kotlin.collections.CollectionsKt__IterablesKt                                   : loaded 2 times (x 67B)
Class kotlin.coroutines.intrinsics.CoroutineSingletons                                : loaded 2 times (x 75B)
Class org.gradle.tooling.model.ProjectModel                                           : loaded 2 times (x 66B)
Class com.google.common.collect.AbstractMapBasedMultimap$RandomAccessWrappedList      : loaded 2 times (x 201B)
Class com.google.common.collect.ImmutableMultimap$1                                   : loaded 2 times (x 78B)
Class com.android.ide.common.gradle.Version$Companion$ParseState$EMPTY                : loaded 2 times (x 70B)
Class com.amazon.ion.impl.bin.utf8.Utf8StringEncoderPool                              : loaded 2 times (x 70B)
Class com.amazon.ion.impl._Private_IonSystem                                          : loaded 2 times (x 66B)
Class org.jetbrains.plugins.gradle.model.GradleConfiguration                          : loaded 2 times (x 66B)
Class com.amazon.ion.BufferConfiguration$OversizedValueHandler                        : loaded 2 times (x 66B)
Class kotlin.ranges.OpenEndRange                                                      : loaded 2 times (x 66B)
Class kotlin.sequences.SequenceBuilderIterator                                        : loaded 2 times (x 81B)
Class kotlin.KotlinNullPointerException                                               : loaded 2 times (x 79B)
Class com.google.common.collect.AbstractIterator$State                                : loaded 2 times (x 75B)
Class com.google.common.collect.ImmutableMultimap$2                                   : loaded 2 times (x 77B)
Class com.android.ide.common.repository.AgpVersion$Companion$WhenMappings             : loaded 2 times (x 67B)
Class com.google.common.collect.RegularImmutableBiMap                                 : loaded 2 times (x 144B)
Class com.google.common.cache.LocalCache$ValueReference                               : loaded 2 times (x 66B)
Class kotlin.sequences.SequencesKt__SequenceBuilderKt                                 : loaded 2 times (x 67B)
Class kotlin.collections.CollectionsKt__ReversedViewsKt                               : loaded 2 times (x 67B)
Class com.amazon.ion.IonDecimal                                                       : loaded 2 times (x 66B)
Class org.jetbrains.plugins.gradle.model.tests.ExternalTestsModel                     : loaded 2 times (x 66B)
Class ijInit1_cc45vyagw77osorhnet0yrg9q                                               : loaded 2 times (x 175B)
Class kotlin.sequences.SequencesKt__SequencesKt$flatten$3                             : loaded 2 times (x 74B)
Class kotlin.ranges.RangesKt___RangesKt                                               : loaded 2 times (x 67B)
Class org.gradle.tooling.model.idea.IdeaLanguageLevel                                 : loaded 2 times (x 66B)
Class org.gradle.tooling.internal.adapter.ProtocolToModelAdapter$SafeMethodInvoker    : loaded 2 times (x 72B)
Class org.gradle.tooling.internal.adapter.WeakIdentityHashMap$WeakKey                 : loaded 2 times (x 75B)
Class org.gradle.internal.exceptions.DefaultMultiCauseException                       : loaded 2 times (x 91B)
Class com.android.builder.model.v2.ide.ProjectInfo                                    : loaded 2 times (x 66B)
Class com.google.common.base.PatternCompiler                                          : loaded 2 times (x 66B)
Class com.google.common.util.concurrent.AbstractFuture$Failure                        : loaded 2 times (x 68B)
Class com.google.common.base.Equivalence$Equals                                       : loaded 2 times (x 78B)
Class com.google.common.collect.Hashing                                               : loaded 2 times (x 67B)
Class kotlin.jvm.internal.CollectionToArray                                           : loaded 2 times (x 67B)
Class com.amazon.ion.impl.bin.IonRawBinaryWriter$StreamCloseMode                      : loaded 2 times (x 75B)
Class com.amazon.ion.impl._Private_IonBinaryWriterBuilder$Mutable                     : loaded 2 times (x 111B)
Class com.intellij.gradle.toolingExtension.impl.model.projectModel.GradleExternalProjectSerializationService: loaded 2 times (x 73B)
Class kotlin.text.CharsKt__CharKt                                                     : loaded 2 times (x 67B)
Class kotlin.collections.ArraysKt                                                     : loaded 2 times (x 67B)
Class kotlin.collections.ArrayDeque$Companion                                         : loaded 2 times (x 67B)
Class org.gradle.tooling.model.HierarchicalElement                                    : loaded 2 times (x 66B)
Class kotlin.io.FilesKt__FileTreeWalkKt                                               : loaded 2 times (x 67B)
Class [Lorg.apache.commons.io.file.DeleteOption;                                      : loaded 2 times (x 65B)
Class com.google.common.io.CharSink                                                   : loaded 2 times (x 75B)
Class com.android.builder.model.v2.dsl.DependenciesInfo                               : loaded 2 times (x 66B)
Class kotlin.sequences.FilteringSequence$iterator$1                                   : loaded 2 times (x 75B)
Class org.objectweb.asm.Label                                                         : loaded 2 times (x 69B)
Class org.objectweb.asm.CurrentFrame                                                  : loaded 2 times (x 69B)
Class org.objectweb.asm.ClassTooLargeException                                        : loaded 2 times (x 79B)
Class com.intellij.gradle.toolingExtension.impl.model.sourceSetModel.GradleSourceSetSerialisationService$Companion: loaded 2 times (x 67B)
Class com.amazon.ion.impl._Private_IonValue                                           : loaded 2 times (x 66B)
Class com.amazon.ion.impl.bin.IonRawBinaryWriter$PatchPoint                           : loaded 2 times (x 69B)
Class com.amazon.ion.IonSequence                                                      : loaded 2 times (x 66B)
Class com.amazon.ion.IonBlob                                                          : loaded 2 times (x 66B)
Class com.amazon.ion.IonLob                                                           : loaded 2 times (x 66B)
Class org.jetbrains.plugins.gradle.tooling.serialization.ExternalTestsSerializationService: loaded 2 times (x 73B)
Class com.google.common.collect.ByFunctionOrdering                                    : loaded 2 times (x 111B)
Class kotlin.collections.SetsKt__SetsKt                                               : loaded 2 times (x 67B)
Class kotlin.coroutines.EmptyCoroutineContext                                         : loaded 2 times (x 73B)
Class org.gradle.internal.time.Time                                                   : loaded 2 times (x 67B)
Class com.google.common.collect.MapMakerInternalMap$InternalEntryHelper               : loaded 2 times (x 66B)
Class com.google.common.collect.Maps$IteratorBasedAbstractMap                         : loaded 2 times (x 121B)
Class com.google.common.collect.Table                                                 : loaded 2 times (x 66B)
Class com.android.ide.common.repository.AgpVersion$PreviewKind                        : loaded 2 times (x 75B)
Class com.android.builder.model.v2.models.ProjectGraph                                : loaded 2 times (x 66B)
Class com.android.ide.common.gradle.Version$Companion$ParseState$NUMERIC              : loaded 2 times (x 70B)
Class com.amazon.ion.impl.bin.IonManagedBinaryWriter$UserState$2                      : loaded 2 times (x 81B)
Class [Lcom.google.common.base.AbstractIterator$State;                                : loaded 2 times (x 65B)
Class org.objectweb.asm.Frame                                                         : loaded 2 times (x 69B)
Class org.objectweb.asm.MethodVisitor                                                 : loaded 2 times (x 101B)
Class com.google.common.cache.LocalCache$EntryFactory$1                               : loaded 2 times (x 79B)
Class [Lcom.google.common.cache.RemovalListener;                                      : loaded 2 times (x 65B)
Class com.google.common.io.FileWriteMode                                              : loaded 2 times (x 75B)
Class [Lcom.google.common.collect.MapMakerInternalMap$Segment;                        : loaded 2 times (x 65B)
Class com.amazon.ion.system.IonTextWriterBuilder                                      : loaded 2 times (x 94B)
Class com.amazon.ion.impl.bin.IonManagedBinaryWriter$ImportedSymbolResolverMode$1$1$1 : loaded 2 times (x 72B)
Class com.amazon.ion.impl._Private_LocalSymbolTableFactory                            : loaded 2 times (x 66B)
Class org.jetbrains.plugins.gradle.tooling.serialization.AnnotationProcessingModelSerializationService: loaded 2 times (x 73B)
Class kotlin.collections.ArraysKt__ArraysJVMKt                                        : loaded 2 times (x 67B)
Class com.google.common.cache.LocalCache$ValueIterator                                : loaded 2 times (x 82B)
Class com.google.common.cache.LocalCache$EntryFactory$2                               : loaded 2 times (x 79B)
Class org.jetbrains.kotlin.idea.gradleTooling.model.kapt.KaptSourceSetModel           : loaded 2 times (x 66B)
Class com.amazon.ion.impl.lite.IonNullLite                                            : loaded 2 times (x 171B)
Class [Lcom.intellij.openapi.externalSystem.model.project.dependencies.ResolutionState;: loaded 2 times (x 65B)
Class org.gradle.internal.impldep.gnu.trove.TObjectHash                               : loaded 2 times (x 90B)
Class org.jetbrains.plugins.gradle.model.DependencyAccessorsModel                     : loaded 2 times (x 66B)
Class kotlin.text.StringsKt__StringBuilderKt                                          : loaded 2 times (x 67B)
Class kotlin.jvm.internal.CallableReference$NoReceiver                                : loaded 2 times (x 67B)
Class org.gradle.api.internal.classpath.GlobalCacheRootsProvider                      : loaded 2 times (x 66B)
Class com.google.common.collect.CollectCollectors                                     : loaded 2 times (x 67B)
Class org.objectweb.asm.ModuleWriter                                                  : loaded 2 times (x 78B)
Class com.google.common.cache.LocalCache$EntryFactory$3                               : loaded 2 times (x 79B)
Class com.google.common.base.Ticker$1                                                 : loaded 2 times (x 68B)
Class org.gradle.internal.classloader.FilteringClassLoader                            : loaded 2 times (x 101B)
Class com.google.common.collect.Maps$BiMapConverter                                   : loaded 2 times (x 86B)
Class com.amazon.ion.impl.lite.IonClobLite                                            : loaded 2 times (x 216B)
Class com.amazon.ion.impl._Private_ValueFactory                                       : loaded 2 times (x 66B)
Class com.amazon.ion.impl.bin.IonRawBinaryWriter$PreallocationMode$1                  : loaded 2 times (x 78B)
Class [Lcom.amazon.ion.impl.bin._Private_IonManagedBinaryWriterBuilder$AllocatorMode; : loaded 2 times (x 65B)
Class org.jetbrains.kotlin.idea.gradleTooling.KotlinMPPGradleModel                    : loaded 2 times (x 66B)
Class com.intellij.gradle.toolingExtension.impl.model.dependencyDownloadPolicyModel.GradleDependencyDownloadPolicy: loaded 2 times (x 66B)
Class kotlin.NoWhenBranchMatchedException                                             : loaded 2 times (x 78B)
Class org.gradle.tooling.model.BuildIdentifier                                        : loaded 2 times (x 66B)
Class kotlin.NotImplementedError                                                      : loaded 2 times (x 78B)
Class com.android.builder.model.v2.ide.VectorDrawablesOptions                         : loaded 2 times (x 66B)
Class com.google.common.cache.LocalCache$EntryFactory$4                               : loaded 2 times (x 79B)
Class kotlin.sequences.FlatteningSequence                                             : loaded 2 times (x 71B)
Class kotlin.text.MatcherMatchResult                                                  : loaded 2 times (x 76B)
Class com.amazon.ion.IonInt                                                           : loaded 2 times (x 66B)
Class com.amazon.ion.impl.bin.IonRawBinaryWriter$PreallocationMode$2                  : loaded 2 times (x 78B)
Class org.jetbrains.kotlin.idea.gradleTooling.PrepareKotlinIdeImportTaskModel         : loaded 2 times (x 66B)
Class com.google.common.io.ByteStreams$1                                              : loaded 2 times (x 81B)
Class com.android.builder.model.v2.ide.Edge                                           : loaded 2 times (x 66B)
Class com.android.builder.model.v2.models.VariantDependenciesFlatList                 : loaded 2 times (x 66B)
Class com.google.common.cache.LocalCache$EntryFactory$5                               : loaded 2 times (x 79B)
Class com.amazon.ion.impl.bin.IonRawBinaryWriter$PreallocationMode$3                  : loaded 2 times (x 78B)
Class com.android.ide.gradle.model.GradlePluginModel                                  : loaded 2 times (x 66B)
Class com.google.common.collect.ReverseOrdering                                       : loaded 2 times (x 111B)
Class org.gradle.tooling.model.build.JavaEnvironment                                  : loaded 2 times (x 66B)
Class kotlin.text.MatchGroupCollection                                                : loaded 2 times (x 66B)
Class com.android.builder.model.v2.ide.SourceSetContainer                             : loaded 2 times (x 66B)
Class org.apache.commons.io.output.AppendableWriter                                   : loaded 2 times (x 96B)
Class com.google.common.cache.LocalCache$EntryFactory$6                               : loaded 2 times (x 79B)
Class com.amazon.ion.impl.lite.IonDecimalLite                                         : loaded 2 times (x 184B)
Class org.jetbrains.plugins.gradle.model.GradleExtension                              : loaded 2 times (x 66B)
Class com.amazon.ion.IonBufferConfiguration$Builder                                   : loaded 2 times (x 74B)
Class org.gradle.internal.time.Timer                                                  : loaded 2 times (x 66B)
Class kotlin.jvm.internal.markers.KMappedMarker                                       : loaded 2 times (x 66B)
Class org.gradle.internal.installation.CurrentGradleInstallationLocator               : loaded 2 times (x 67B)
Class com.google.common.collect.ImmutableMultimap$Builder                             : loaded 2 times (x 79B)
Class com.android.builder.model.v2.ide.LintOptions                                    : loaded 2 times (x 66B)
Class org.apache.commons.io.output.ThresholdingOutputStream                           : loaded 2 times (x 91B)
Class com.google.common.collect.Maps$KeySet                                           : loaded 2 times (x 133B)
Class com.google.common.cache.LocalCache$EntryFactory$7                               : loaded 2 times (x 79B)
Class com.google.common.collect.ImmutableSet$EmptySetBuilderImpl                      : loaded 2 times (x 72B)
Class kotlin.text.StringsKt__StringsKt                                                : loaded 2 times (x 67B)
Class [Lcom.amazon.ion.impl.bin.IonRawBinaryWriter$ContainerType;                     : loaded 2 times (x 65B)
Class org.gradle.tooling.internal.adapter.ProtocolToModelAdapter$ViewGraphDetails     : loaded 2 times (x 68B)
Class org.gradle.tooling.model.idea.IdeaProject                                       : loaded 2 times (x 66B)
Class org.gradle.tooling.model.DomainObjectSet                                        : loaded 2 times (x 66B)
Class org.gradle.internal.service.DefaultServiceLocator                               : loaded 2 times (x 79B)
Class com.google.common.cache.LocalCache$SoftValueReference                           : loaded 2 times (x 93B)
Class com.google.common.collect.Maps$EntrySet                                         : loaded 2 times (x 132B)
Class com.google.common.collect.ImmutableMultimap$EntryCollection                     : loaded 2 times (x 123B)
Class com.android.builder.model.v2.ide.BasicArtifact                                  : loaded 2 times (x 66B)
Class com.google.common.cache.LocalCache$EntryFactory$8                               : loaded 2 times (x 79B)
Class org.jetbrains.plugins.gradle.tooling.serialization.internal.IdeaProjectSerializationService$ReadContext: loaded 2 times (x 68B)
Class com.amazon.ion.impl.bin.utf8.Utf8StringEncoder$Result                           : loaded 2 times (x 70B)
Class com.amazon.ion.impl.bin.utf8.Pool$Allocator                                     : loaded 2 times (x 66B)
Class com.amazon.ion.IonText                                                          : loaded 2 times (x 66B)
Class com.amazon.ion.impl.SymbolTokenImpl                                             : loaded 2 times (x 77B)
Class com.amazon.ion.SubstituteSymbolTableException                                   : loaded 2 times (x 80B)
Class kotlin.coroutines.jvm.internal.SuspendFunction                                  : loaded 2 times (x 66B)
Class org.gradle.util.GradleVersion                                                   : loaded 2 times (x 79B)
Class org.gradle.internal.installation.CurrentGradleInstallation                      : loaded 2 times (x 69B)
Class com.google.common.cache.CacheLoader$1                                           : loaded 2 times (x 71B)
Class com.amazon.ion.impl.bin.IonManagedBinaryWriter$UserState$1                      : loaded 2 times (x 81B)
Class com.google.common.base.PairwiseEquivalence                                      : loaded 2 times (x 79B)
Class com.amazon.ion.impl.bin.IonManagedBinaryWriter$ImportDescriptor                 : loaded 2 times (x 72B)
Class com.amazon.ion.SymbolTable                                                      : loaded 2 times (x 66B)
Class org.jetbrains.plugins.gradle.tooling.serialization.GradleExtensionsSerializationService$WriteContext: loaded 2 times (x 68B)
Class com.intellij.gradle.toolingExtension.impl.model.taskModel.GradleTaskSerialisationService$Companion: loaded 2 times (x 67B)
Class org.jetbrains.plugins.gradle.javaModel.JavaGradleManifestModel                  : loaded 2 times (x 66B)
Class kotlin.jvm.internal.Ref$BooleanRef                                              : loaded 2 times (x 67B)
Class kotlin.jvm.internal.StringCompanionObject                                       : loaded 2 times (x 67B)
Class kotlin.coroutines.intrinsics.IntrinsicsKt__IntrinsicsJvmKt                      : loaded 2 times (x 67B)
Class kotlin.coroutines.jvm.internal.CoroutineStackFrame                              : loaded 2 times (x 66B)
Class org.gradle.tooling.internal.adapter.ProtocolToModelAdapter$MethodInvocationCache$MethodInvocationKey: loaded 2 times (x 69B)
Class org.gradle.util.internal.GUtil                                                  : loaded 2 times (x 67B)
Class com.google.common.io.ByteSource                                                 : loaded 2 times (x 80B)
Class com.google.common.util.concurrent.AbstractFuture$SetFuture                      : loaded 2 times (x 71B)
Class com.android.utils.StringHelper                                                  : loaded 2 times (x 67B)
Class com.google.common.cache.AbstractCache$StatsCounter                              : loaded 2 times (x 66B)
Class [Lcom.amazon.ion.impl.bin.IonManagedBinaryWriter$SymbolState;                   : loaded 2 times (x 65B)
Class com.amazon.ion.impl._Private_IonWriterBase                                      : loaded 2 times (x 158B)
Class com.amazon.ion.system.IonSystemBuilder                                          : loaded 2 times (x 71B)
Class com.amazon.ion.IonCatalog                                                       : loaded 2 times (x 66B)
Class com.intellij.gradle.toolingExtension.impl.model.sourceSetModel.GradleSourceSetSerialisationService$SourceSetModelReadContext: loaded 2 times (x 68B)
Class com.intellij.gradle.toolingExtension.impl.model.utilTurnOffDefaultTasksModel.TurnOffDefaultTasks: loaded 2 times (x 66B)
Class kotlin.io.NoSuchFileException                                                   : loaded 2 times (x 78B)
Class kotlin.collections.CollectionsKt                                                : loaded 2 times (x 67B)
Class com.google.common.collect.MapMakerInternalMap$1                                 : loaded 2 times (x 79B)
Class com.android.builder.model.v2.dsl.BuildType                                      : loaded 2 times (x 66B)
Class com.google.common.base.Equivalence$Identity                                     : loaded 2 times (x 78B)
Class [Lcom.google.common.cache.LocalCache$EntryFactory;                              : loaded 2 times (x 65B)
Class com.intellij.gradle.toolingExtension.impl.model.sourceSetModel.GradleSourceSetSerialisationService$SourceSetModelWriteContext: loaded 2 times (x 68B)
Class kotlin.ranges.IntProgressionIterator                                            : loaded 2 times (x 78B)
Class kotlin.coroutines.CoroutineContext                                              : loaded 2 times (x 66B)
Class kotlin.coroutines.jvm.internal.DebugProbesKt                                    : loaded 2 times (x 67B)
Class org.gradle.tooling.internal.adapter.WeakIdentityHashMap                         : loaded 2 times (x 72B)
Class org.gradle.tooling.GradleConnectionException                                    : loaded 2 times (x 78B)
Class org.gradle.tooling.internal.adapter.ProtocolToModelAdapter$1                    : loaded 2 times (x 71B)
Class org.gradle.tooling.internal.adapter.ProtocolToModelAdapter$ViewDecoration       : loaded 2 times (x 66B)
Class org.gradle.internal.installation.GradleInstallation                             : loaded 2 times (x 71B)
Class com.android.builder.model.v2.ide.ViewBindingOptions                             : loaded 2 times (x 66B)
Class com.google.common.base.Splitter$Strategy                                        : loaded 2 times (x 66B)
Class com.amazon.ion.impl._Private_RecyclingQueue$Recycler                            : loaded 2 times (x 66B)
Class com.amazon.ion.impl.lite.ContainerlessContext                                   : loaded 2 times (x 76B)
Class org.jetbrains.plugins.gradle.tooling.serialization.GradleExtensionsSerializationService$ReadContext: loaded 2 times (x 68B)
Class com.google.common.collect.ForwardingCollection                                  : loaded 2 times (x 126B)
Class com.google.common.collect.LexicographicalOrdering                               : loaded 2 times (x 111B)
Class org.gradle.tooling.internal.adapter.MethodInvoker                               : loaded 2 times (x 66B)
Class com.android.ide.common.gradle.Part                                              : loaded 2 times (x 73B)
Class com.google.common.collect.Lists$RandomAccessReverseList                         : loaded 2 times (x 196B)
Class com.amazon.ion.UnexpectedEofException                                           : loaded 2 times (x 80B)
Class com.amazon.ion.IonSexp                                                          : loaded 2 times (x 66B)
Class com.amazon.ion.ReadOnlyValueException                                           : loaded 2 times (x 80B)
Class com.amazon.ion.impl._Private_LocalSymbolTable                                   : loaded 2 times (x 66B)
Class com.amazon.ion.BufferConfiguration$DataHandler                                  : loaded 2 times (x 66B)
Class com.amazon.ion.impl._Private_IonBinaryWriterBuilder                             : loaded 2 times (x 111B)
Class org.jetbrains.plugins.gradle.tooling.serialization.RepositoriesModelSerializationService$WriteContext: loaded 2 times (x 68B)
Class com.android.ide.gradle.model.LegacyAndroidGradlePluginProperties                : loaded 2 times (x 66B)
Class kotlin.ranges.IntProgression                                                    : loaded 2 times (x 77B)
Class kotlin.jvm.KotlinReflectionNotSupportedError                                    : loaded 2 times (x 78B)
Class org.gradle.tooling.model.gradle.GradleScript                                    : loaded 2 times (x 66B)

---------------  S Y S T E M  ---------------

OS:
 Windows 11 , 64 bit Build 22621 (10.0.22621.5262)
OS uptime: 0 days 5:03 hours

CPU: total 8 (initial active 8) (4 cores per cpu, 2 threads per core) family 6 model 140 stepping 1 microcode 0xbc, cx8, cmov, fxsr, ht, mmx, 3dnowpref, sse, sse2, sse3, ssse3, sse4.1, sse4.2, popcnt, lzcnt, tsc, tscinvbit, avx, avx2, aes, erms, clmul, bmi1, bmi2, adx, avx512f, avx512dq, avx512cd, avx512bw, avx512vl, sha, fma, vzeroupper, avx512_vpopcntdq, avx512_vpclmulqdq, avx512_vaes, avx512_vnni, clflush, clflushopt, clwb, avx512_vbmi2, avx512_vbmi, rdtscp, rdpid, fsrm, gfni, avx512_bitalg, f16c, pku, cet_ibt, cet_ss, avx512_ifma
Processor Information for processor 0
  Max Mhz: 2419, Current Mhz: 2419, Mhz Limit: 2419
Processor Information for processor 1
  Max Mhz: 2419, Current Mhz: 2419, Mhz Limit: 2419
Processor Information for processor 2
  Max Mhz: 2419, Current Mhz: 2419, Mhz Limit: 2419
Processor Information for processor 3
  Max Mhz: 2419, Current Mhz: 1209, Mhz Limit: 2419
Processor Information for processor 4
  Max Mhz: 2419, Current Mhz: 1209, Mhz Limit: 2419
Processor Information for processor 5
  Max Mhz: 2419, Current Mhz: 2419, Mhz Limit: 2419
Processor Information for processor 6
  Max Mhz: 2419, Current Mhz: 2419, Mhz Limit: 2419
Processor Information for processor 7
  Max Mhz: 2419, Current Mhz: 2419, Mhz Limit: 2419

Memory: 4k page, system-wide physical 7914M (475M free)
TotalPageFile size 20139M (AvailPageFile size 0M)
current process WorkingSet (physical memory assigned to process): 666M, peak: 666M
current process commit charge ("private bytes"): 871M, peak: 874M

vm_info: OpenJDK 64-Bit Server VM (21.0.5+-13047016-b750.29) for windows-amd64 JRE (21.0.5+-13047016-b750.29), built on 2025-02-11T21:12:39Z by "builder" with MS VC++ 16.10 / 16.11 (VS2019)

END.
