#
# There is insufficient memory for the Java Runtime Environment to continue.
# Native memory allocation (malloc) failed to allocate 860832 bytes. Error detail: Chunk::new
# Possible reasons:
#   The system is out of physical RAM or swap space
#   This process is running with CompressedOops enabled, and the Java Heap may be blocking the growth of the native heap
# Possible solutions:
#   Reduce memory load on the system
#   Increase physical memory or swap space
#   Check if swap backing store is full
#   Decrease Java heap size (-Xmx/-Xms)
#   Decrease number of Java threads
#   Decrease Java thread stack sizes (-Xss)
#   Set larger code cache with -XX:ReservedCodeCacheSize=
#   JVM is running with Unscaled Compressed Oops mode in which the Java heap is
#     placed in the first 4GB address space. The Java Heap base address is the
#     maximum limit for the native heap growth. Please use -XX:HeapBaseMinAddress
#     to set the Java Heap base and to place the Java Heap above 4GB virtual address.
# This output file may be truncated or incomplete.
#
#  Out of Memory Error (arena.cpp:168), pid=12648, tid=12892
#
# JRE version: OpenJDK Runtime Environment (21.0.5) (build 21.0.5+-13047016-b750.29)
# Java VM: OpenJDK 64-Bit Server VM (21.0.5+-13047016-b750.29, mixed mode, tiered, compressed oops, compressed class ptrs, g1 gc, windows-amd64)
# No core dump will be written. Minidumps are not enabled by default on client versions of Windows
#

---------------  S U M M A R Y ------------

Command Line: --add-opens=java.base/java.lang=ALL-UNNAMED --add-opens=java.base/java.lang.invoke=ALL-UNNAMED --add-opens=java.base/java.util=ALL-UNNAMED --add-opens=java.prefs/java.util.prefs=ALL-UNNAMED --add-exports=jdk.compiler/com.sun.tools.javac.api=ALL-UNNAMED --add-exports=jdk.compiler/com.sun.tools.javac.util=ALL-UNNAMED --add-opens=java.base/java.util=ALL-UNNAMED --add-opens=java.prefs/java.util.prefs=ALL-UNNAMED --add-opens=java.base/java.nio.charset=ALL-UNNAMED --add-opens=java.base/java.net=ALL-UNNAMED --add-opens=java.base/java.util.concurrent.atomic=ALL-UNNAMED --add-opens=java.xml/javax.xml.namespace=ALL-UNNAMED -Xmx2048m -Dfile.encoding=UTF-8 -Duser.country=VN -Duser.language=vi -Duser.variant -javaagent:C:\Users\Admin\.gradle\wrapper\dists\gradle-8.11.1-bin\bpt9gzteqjrbo1mjrsomdt32c\gradle-8.11.1\lib\agents\gradle-instrumentation-agent-8.11.1.jar org.gradle.launcher.daemon.bootstrap.GradleDaemon 8.11.1

Host: 11th Gen Intel(R) Core(TM) i5-1135G7 @ 2.40GHz, 8 cores, 7G,  Windows 11 , 64 bit Build 22621 (10.0.22621.5262)
Time: Sun Jun  1 03:50:48 2025 SE Asia Standard Time elapsed time: 16.573845 seconds (0d 0h 0m 16s)

---------------  T H R E A D  ---------------

Current thread (0x000001b8c1504fe0):  JavaThread "C2 CompilerThread1" daemon [_thread_in_native, id=12892, stack(0x0000003b59600000,0x0000003b59700000) (1024K)]


Current CompileTask:
C2:16573 14059   !   4       org.jetbrains.kotlin.metadata.jvm.JvmModuleProtoBuf$PackageParts::<init> (1103 bytes)

Stack: [0x0000003b59600000,0x0000003b59700000]
Native frames: (J=compiled Java code, j=interpreted, Vv=VM code, C=native code)
V  [jvm.dll+0x6cfb29]
V  [jvm.dll+0x85df93]
V  [jvm.dll+0x8604ee]
V  [jvm.dll+0x860bd3]
V  [jvm.dll+0x27e6b6]
V  [jvm.dll+0xbff6d]
V  [jvm.dll+0xc04a3]
V  [jvm.dll+0x3b5ffb]
V  [jvm.dll+0x1de4e4]
V  [jvm.dll+0x247db4]
V  [jvm.dll+0x247231]
V  [jvm.dll+0x1c5ee4]
V  [jvm.dll+0x25697c]
V  [jvm.dll+0x254ec6]
V  [jvm.dll+0x3f0ce6]
V  [jvm.dll+0x806368]
V  [jvm.dll+0x6ce3fd]
C  [ucrtbase.dll+0x29333]
C  [KERNEL32.DLL+0x1259d]
C  [ntdll.dll+0x5af58]


---------------  P R O C E S S  ---------------

Threads class SMR info:
_java_thread_list=0x000001b8bd99c2d0, length=91, elements={
0x000001b89d6fda30, 0x000001b8b905d000, 0x000001b8b905df10, 0x000001b8b9075950,
0x000001b8b9076490, 0x000001b8b9077ef0, 0x000001b8b9078940, 0x000001b8b90796c0,
0x000001b8b907a150, 0x000001b8b90e12c0, 0x000001b8b937ad60, 0x000001b8ba3618c0,
0x000001b8bafe0380, 0x000001b8bafe7070, 0x000001b8baf0f310, 0x000001b8bae70180,
0x000001b8baf07ed0, 0x000001b8baea10a0, 0x000001b8bb275680, 0x000001b8bad67cd0,
0x000001b8bad670c0, 0x000001b8bad65d10, 0x000001b8bad663a0, 0x000001b8bad66a30,
0x000001b8be3c2610, 0x000001b8be3bfeb0, 0x000001b8be3c18f0, 0x000001b8be3bf820,
0x000001b8be3c2ca0, 0x000001b8be3c0540, 0x000001b8be3c0bd0, 0x000001b8be3c1260,
0x000001b8be3be470, 0x000001b8be3c1f80, 0x000001b8be3bbd10, 0x000001b8be3c3330,
0x000001b8be3bc3a0, 0x000001b8be3bca30, 0x000001b8be3bd0c0, 0x000001b8be3bdde0,
0x000001b8ba06de80, 0x000001b8ba06a370, 0x000001b8ba066ef0, 0x000001b8ba06e510,
0x000001b8ba06d7f0, 0x000001b8ba0682a0, 0x000001b8ba06c440, 0x000001b8ba068930,
0x000001b8ba068fc0, 0x000001b8ba069650, 0x000001b8ba06aa00, 0x000001b8ba06b720,
0x000001b8ba06cad0, 0x000001b8ba069ce0, 0x000001b8ba06d160, 0x000001b8ba06b090,
0x000001b8ba06bdb0, 0x000001b8ba067580, 0x000001b8be097590, 0x000001b8be0954c0,
0x000001b8be096870, 0x000001b8be098940, 0x000001b8be097c20, 0x000001b8be0919b0,
0x000001b8be098fd0, 0x000001b8be0961e0, 0x000001b8be096f00, 0x000001b8be0933f0,
0x000001b8be0982b0, 0x000001b8be092040, 0x000001b8be0926d0, 0x000001b8be092d60,
0x000001b8be094e30, 0x000001b8be094110, 0x000001b8be095b50, 0x000001b8be0947a0,
0x000001b8c0d20b30, 0x000001b8c0d1bc70, 0x000001b8c0d1d020, 0x000001b8c1504fe0,
0x000001b8c1632740, 0x000001b8c1634810, 0x000001b8c0d21850, 0x000001b8c0d1d6b0,
0x000001b8c0d1c990, 0x000001b8c0d21ee0, 0x000001b8c0d1af50, 0x000001b8c0d1dd40,
0x000001b8c0d1f780, 0x000001b8c126aa30, 0x000001b8c126cb00
}

Java Threads: ( => current thread )
  0x000001b89d6fda30 JavaThread "main"                              [_thread_blocked, id=2280, stack(0x0000003b58200000,0x0000003b58300000) (1024K)]
  0x000001b8b905d000 JavaThread "Reference Handler"          daemon [_thread_blocked, id=14896, stack(0x0000003b58a00000,0x0000003b58b00000) (1024K)]
  0x000001b8b905df10 JavaThread "Finalizer"                  daemon [_thread_blocked, id=12728, stack(0x0000003b58b00000,0x0000003b58c00000) (1024K)]
  0x000001b8b9075950 JavaThread "Signal Dispatcher"          daemon [_thread_blocked, id=6532, stack(0x0000003b58c00000,0x0000003b58d00000) (1024K)]
  0x000001b8b9076490 JavaThread "Attach Listener"            daemon [_thread_blocked, id=14480, stack(0x0000003b58d00000,0x0000003b58e00000) (1024K)]
  0x000001b8b9077ef0 JavaThread "Service Thread"             daemon [_thread_blocked, id=7460, stack(0x0000003b58e00000,0x0000003b58f00000) (1024K)]
  0x000001b8b9078940 JavaThread "Monitor Deflation Thread"   daemon [_thread_blocked, id=5872, stack(0x0000003b58f00000,0x0000003b59000000) (1024K)]
  0x000001b8b90796c0 JavaThread "C2 CompilerThread0"         daemon [_thread_in_native, id=10732, stack(0x0000003b59000000,0x0000003b59100000) (1024K)]
  0x000001b8b907a150 JavaThread "C1 CompilerThread0"         daemon [_thread_blocked, id=10972, stack(0x0000003b59100000,0x0000003b59200000) (1024K)]
  0x000001b8b90e12c0 JavaThread "Common-Cleaner"             daemon [_thread_blocked, id=3824, stack(0x0000003b59200000,0x0000003b59300000) (1024K)]
  0x000001b8b937ad60 JavaThread "Notification Thread"        daemon [_thread_blocked, id=6248, stack(0x0000003b59300000,0x0000003b59400000) (1024K)]
  0x000001b8ba3618c0 JavaThread "Daemon health stats"               [_thread_blocked, id=12456, stack(0x0000003b59a00000,0x0000003b59b00000) (1024K)]
  0x000001b8bafe0380 JavaThread "Incoming local TCP Connector on port 53885"        [_thread_in_native, id=4952, stack(0x0000003b59b00000,0x0000003b59c00000) (1024K)]
  0x000001b8bafe7070 JavaThread "Daemon periodic checks"            [_thread_blocked, id=7392, stack(0x0000003b59c00000,0x0000003b59d00000) (1024K)]
  0x000001b8baf0f310 JavaThread "Daemon"                            [_thread_blocked, id=13656, stack(0x0000003b59d00000,0x0000003b59e00000) (1024K)]
  0x000001b8bae70180 JavaThread "Handler for socket connection from /127.0.0.1:53885 to /127.0.0.1:53886"        [_thread_in_native, id=5884, stack(0x0000003b59e00000,0x0000003b59f00000) (1024K)]
  0x000001b8baf07ed0 JavaThread "Cancel handler"                    [_thread_blocked, id=4904, stack(0x0000003b59f00000,0x0000003b5a000000) (1024K)]
  0x000001b8baea10a0 JavaThread "Daemon worker"                     [_thread_in_Java, id=11944, stack(0x0000003b5a000000,0x0000003b5a100000) (1024K)]
  0x000001b8bb275680 JavaThread "Asynchronous log dispatcher for DefaultDaemonConnection: socket connection from /127.0.0.1:53885 to /127.0.0.1:53886"        [_thread_blocked, id=11908, stack(0x0000003b5a100000,0x0000003b5a200000) (1024K)]
  0x000001b8bad67cd0 JavaThread "Stdin handler"                     [_thread_blocked, id=2532, stack(0x0000003b5a200000,0x0000003b5a300000) (1024K)]
  0x000001b8bad670c0 JavaThread "Daemon client event forwarder"        [_thread_blocked, id=4284, stack(0x0000003b5a300000,0x0000003b5a400000) (1024K)]
  0x000001b8bad65d10 JavaThread "Cache worker for journal cache (C:\Users\Admin\.gradle\caches\journal-1)"        [_thread_blocked, id=10088, stack(0x0000003b5a700000,0x0000003b5a800000) (1024K)]
  0x000001b8bad663a0 JavaThread "File lock request listener"        [_thread_in_native, id=14092, stack(0x0000003b5a800000,0x0000003b5a900000) (1024K)]
  0x000001b8bad66a30 JavaThread "Cache worker for file hash cache (C:\Users\Admin\.gradle\caches\8.11.1\fileHashes)"        [_thread_blocked, id=2676, stack(0x0000003b5a900000,0x0000003b5aa00000) (1024K)]
  0x000001b8be3c2610 JavaThread "Cache worker for file content cache (C:\Users\Admin\.gradle\caches\8.11.1\fileContent)"        [_thread_blocked, id=13440, stack(0x0000003b5ab00000,0x0000003b5ac00000) (1024K)]
  0x000001b8be3bfeb0 JavaThread "Cache worker for file hash cache (D:\ChatApp\.gradle\8.11.1\fileHashes)"        [_thread_blocked, id=10292, stack(0x0000003b5ac00000,0x0000003b5ad00000) (1024K)]
  0x000001b8be3c18f0 JavaThread "Cache worker for Build Output Cleanup Cache (D:\ChatApp\.gradle\buildOutputCleanup)"        [_thread_blocked, id=7176, stack(0x0000003b5ad00000,0x0000003b5ae00000) (1024K)]
  0x000001b8be3bf820 JavaThread "File watcher server"        daemon [_thread_in_native, id=12464, stack(0x0000003b5ae00000,0x0000003b5af00000) (1024K)]
  0x000001b8be3c2ca0 JavaThread "File watcher consumer"      daemon [_thread_blocked, id=4392, stack(0x0000003b5af00000,0x0000003b5b000000) (1024K)]
  0x000001b8be3c0540 JavaThread "jar transforms"                    [_thread_blocked, id=12672, stack(0x0000003b5b000000,0x0000003b5b100000) (1024K)]
  0x000001b8be3c0bd0 JavaThread "jar transforms Thread 2"           [_thread_blocked, id=1980, stack(0x0000003b5b100000,0x0000003b5b200000) (1024K)]
  0x000001b8be3c1260 JavaThread "jar transforms Thread 3"           [_thread_blocked, id=8024, stack(0x0000003b5b200000,0x0000003b5b300000) (1024K)]
  0x000001b8be3be470 JavaThread "jar transforms Thread 4"           [_thread_blocked, id=11780, stack(0x0000003b5b300000,0x0000003b5b400000) (1024K)]
  0x000001b8be3c1f80 JavaThread "jar transforms Thread 5"           [_thread_blocked, id=12528, stack(0x0000003b5b400000,0x0000003b5b500000) (1024K)]
  0x000001b8be3bbd10 JavaThread "jar transforms Thread 6"           [_thread_blocked, id=8748, stack(0x0000003b5b500000,0x0000003b5b600000) (1024K)]
  0x000001b8be3c3330 JavaThread "jar transforms Thread 7"           [_thread_blocked, id=5024, stack(0x0000003b5b600000,0x0000003b5b700000) (1024K)]
  0x000001b8be3bc3a0 JavaThread "jar transforms Thread 8"           [_thread_blocked, id=11352, stack(0x0000003b5b700000,0x0000003b5b800000) (1024K)]
  0x000001b8be3bca30 JavaThread "Cache worker for checksums cache (D:\ChatApp\.gradle\8.11.1\checksums)"        [_thread_blocked, id=12336, stack(0x0000003b5b800000,0x0000003b5b900000) (1024K)]
  0x000001b8be3bd0c0 JavaThread "Cache worker for cache directory md-rule (C:\Users\Admin\.gradle\caches\8.11.1\md-rule)"        [_thread_blocked, id=15224, stack(0x0000003b5b900000,0x0000003b5ba00000) (1024K)]
  0x000001b8be3bdde0 JavaThread "Cache worker for cache directory md-supplier (C:\Users\Admin\.gradle\caches\8.11.1\md-supplier)"        [_thread_blocked, id=13564, stack(0x0000003b5ba00000,0x0000003b5bb00000) (1024K)]
  0x000001b8ba06de80 JavaThread "Unconstrained build operations"        [_thread_blocked, id=11772, stack(0x0000003b5bb00000,0x0000003b5bc00000) (1024K)]
  0x000001b8ba06a370 JavaThread "Unconstrained build operations Thread 2"        [_thread_blocked, id=1476, stack(0x0000003b5bc00000,0x0000003b5bd00000) (1024K)]
  0x000001b8ba066ef0 JavaThread "Unconstrained build operations Thread 3"        [_thread_blocked, id=6352, stack(0x0000003b5bd00000,0x0000003b5be00000) (1024K)]
  0x000001b8ba06e510 JavaThread "Unconstrained build operations Thread 4"        [_thread_blocked, id=4848, stack(0x0000003b5be00000,0x0000003b5bf00000) (1024K)]
  0x000001b8ba06d7f0 JavaThread "Unconstrained build operations Thread 5"        [_thread_blocked, id=1360, stack(0x0000003b5bf00000,0x0000003b5c000000) (1024K)]
  0x000001b8ba0682a0 JavaThread "Unconstrained build operations Thread 6"        [_thread_blocked, id=15316, stack(0x0000003b5c000000,0x0000003b5c100000) (1024K)]
  0x000001b8ba06c440 JavaThread "Unconstrained build operations Thread 7"        [_thread_blocked, id=4408, stack(0x0000003b5c100000,0x0000003b5c200000) (1024K)]
  0x000001b8ba068930 JavaThread "Unconstrained build operations Thread 8"        [_thread_blocked, id=12712, stack(0x0000003b5c200000,0x0000003b5c300000) (1024K)]
  0x000001b8ba068fc0 JavaThread "Unconstrained build operations Thread 9"        [_thread_blocked, id=14536, stack(0x0000003b5c300000,0x0000003b5c400000) (1024K)]
  0x000001b8ba069650 JavaThread "Unconstrained build operations Thread 10"        [_thread_blocked, id=7016, stack(0x0000003b5c400000,0x0000003b5c500000) (1024K)]
  0x000001b8ba06aa00 JavaThread "Unconstrained build operations Thread 11"        [_thread_blocked, id=8832, stack(0x0000003b5c500000,0x0000003b5c600000) (1024K)]
  0x000001b8ba06b720 JavaThread "Unconstrained build operations Thread 12"        [_thread_blocked, id=9024, stack(0x0000003b5c600000,0x0000003b5c700000) (1024K)]
  0x000001b8ba06cad0 JavaThread "Unconstrained build operations Thread 13"        [_thread_blocked, id=8460, stack(0x0000003b5c700000,0x0000003b5c800000) (1024K)]
  0x000001b8ba069ce0 JavaThread "Unconstrained build operations Thread 14"        [_thread_blocked, id=12052, stack(0x0000003b5c800000,0x0000003b5c900000) (1024K)]
  0x000001b8ba06d160 JavaThread "Unconstrained build operations Thread 15"        [_thread_blocked, id=7180, stack(0x0000003b5c900000,0x0000003b5ca00000) (1024K)]
  0x000001b8ba06b090 JavaThread "Unconstrained build operations Thread 16"        [_thread_blocked, id=14948, stack(0x0000003b5ca00000,0x0000003b5cb00000) (1024K)]
  0x000001b8ba06bdb0 JavaThread "Unconstrained build operations Thread 17"        [_thread_blocked, id=14912, stack(0x0000003b5cb00000,0x0000003b5cc00000) (1024K)]
  0x000001b8ba067580 JavaThread "Unconstrained build operations Thread 18"        [_thread_blocked, id=9028, stack(0x0000003b5cc00000,0x0000003b5cd00000) (1024K)]
  0x000001b8be097590 JavaThread "Unconstrained build operations Thread 19"        [_thread_blocked, id=13216, stack(0x0000003b5cd00000,0x0000003b5ce00000) (1024K)]
  0x000001b8be0954c0 JavaThread "Unconstrained build operations Thread 20"        [_thread_blocked, id=6860, stack(0x0000003b5ce00000,0x0000003b5cf00000) (1024K)]
  0x000001b8be096870 JavaThread "Unconstrained build operations Thread 21"        [_thread_blocked, id=8880, stack(0x0000003b5cf00000,0x0000003b5d000000) (1024K)]
  0x000001b8be098940 JavaThread "Unconstrained build operations Thread 22"        [_thread_blocked, id=13964, stack(0x0000003b5d000000,0x0000003b5d100000) (1024K)]
  0x000001b8be097c20 JavaThread "Unconstrained build operations Thread 23"        [_thread_blocked, id=13636, stack(0x0000003b5d100000,0x0000003b5d200000) (1024K)]
  0x000001b8be0919b0 JavaThread "Unconstrained build operations Thread 24"        [_thread_blocked, id=7124, stack(0x0000003b5d200000,0x0000003b5d300000) (1024K)]
  0x000001b8be098fd0 JavaThread "Unconstrained build operations Thread 25"        [_thread_blocked, id=7796, stack(0x0000003b5d300000,0x0000003b5d400000) (1024K)]
  0x000001b8be0961e0 JavaThread "Unconstrained build operations Thread 26"        [_thread_blocked, id=8824, stack(0x0000003b5d400000,0x0000003b5d500000) (1024K)]
  0x000001b8be096f00 JavaThread "Unconstrained build operations Thread 27"        [_thread_blocked, id=6972, stack(0x0000003b5d500000,0x0000003b5d600000) (1024K)]
  0x000001b8be0933f0 JavaThread "Unconstrained build operations Thread 28"        [_thread_blocked, id=8132, stack(0x0000003b5d600000,0x0000003b5d700000) (1024K)]
  0x000001b8be0982b0 JavaThread "Unconstrained build operations Thread 29"        [_thread_blocked, id=12120, stack(0x0000003b5d700000,0x0000003b5d800000) (1024K)]
  0x000001b8be092040 JavaThread "Unconstrained build operations Thread 30"        [_thread_blocked, id=9916, stack(0x0000003b5d800000,0x0000003b5d900000) (1024K)]
  0x000001b8be0926d0 JavaThread "Unconstrained build operations Thread 31"        [_thread_blocked, id=14724, stack(0x0000003b5d900000,0x0000003b5da00000) (1024K)]
  0x000001b8be092d60 JavaThread "Unconstrained build operations Thread 32"        [_thread_blocked, id=4860, stack(0x0000003b5da00000,0x0000003b5db00000) (1024K)]
  0x000001b8be094e30 JavaThread "Unconstrained build operations Thread 33"        [_thread_blocked, id=5556, stack(0x0000003b5db00000,0x0000003b5dc00000) (1024K)]
  0x000001b8be094110 JavaThread "Unconstrained build operations Thread 34"        [_thread_blocked, id=7236, stack(0x0000003b5dc00000,0x0000003b5dd00000) (1024K)]
  0x000001b8be095b50 JavaThread "Unconstrained build operations Thread 35"        [_thread_blocked, id=7720, stack(0x0000003b5dd00000,0x0000003b5de00000) (1024K)]
  0x000001b8be0947a0 JavaThread "Unconstrained build operations Thread 36"        [_thread_blocked, id=14568, stack(0x0000003b5de00000,0x0000003b5df00000) (1024K)]
  0x000001b8c0d20b30 JavaThread "Unconstrained build operations Thread 37"        [_thread_blocked, id=1408, stack(0x0000003b5df00000,0x0000003b5e000000) (1024K)]
  0x000001b8c0d1bc70 JavaThread "Unconstrained build operations Thread 38"        [_thread_blocked, id=14372, stack(0x0000003b5e000000,0x0000003b5e100000) (1024K)]
  0x000001b8c0d1d020 JavaThread "Unconstrained build operations Thread 39"        [_thread_blocked, id=12368, stack(0x0000003b5e100000,0x0000003b5e200000) (1024K)]
=>0x000001b8c1504fe0 JavaThread "C2 CompilerThread1"         daemon [_thread_in_native, id=12892, stack(0x0000003b59600000,0x0000003b59700000) (1024K)]
  0x000001b8c1632740 JavaThread "Unconstrained build operations Thread 40"        [_thread_blocked, id=7320, stack(0x0000003b5aa00000,0x0000003b5ab00000) (1024K)]
  0x000001b8c1634810 JavaThread "Unconstrained build operations Thread 41"        [_thread_blocked, id=7336, stack(0x0000003b5e200000,0x0000003b5e300000) (1024K)]
  0x000001b8c0d21850 JavaThread "Unconstrained build operations Thread 42"        [_thread_blocked, id=4556, stack(0x0000003b5e300000,0x0000003b5e400000) (1024K)]
  0x000001b8c0d1d6b0 JavaThread "Unconstrained build operations Thread 43"        [_thread_blocked, id=8404, stack(0x0000003b5e400000,0x0000003b5e500000) (1024K)]
  0x000001b8c0d1c990 JavaThread "Unconstrained build operations Thread 44"        [_thread_blocked, id=14860, stack(0x0000003b5e500000,0x0000003b5e600000) (1024K)]
  0x000001b8c0d21ee0 JavaThread "Unconstrained build operations Thread 45"        [_thread_blocked, id=9472, stack(0x0000003b5e600000,0x0000003b5e700000) (1024K)]
  0x000001b8c0d1af50 JavaThread "Unconstrained build operations Thread 46"        [_thread_blocked, id=6104, stack(0x0000003b5e700000,0x0000003b5e800000) (1024K)]
  0x000001b8c0d1dd40 JavaThread "Unconstrained build operations Thread 47"        [_thread_blocked, id=8716, stack(0x0000003b5e800000,0x0000003b5e900000) (1024K)]
  0x000001b8c0d1f780 JavaThread "Unconstrained build operations Thread 48"        [_thread_blocked, id=6360, stack(0x0000003b5e900000,0x0000003b5ea00000) (1024K)]
  0x000001b8c126aa30 JavaThread "Memory manager"                    [_thread_blocked, id=11680, stack(0x0000003b5ea00000,0x0000003b5eb00000) (1024K)]
  0x000001b8c126cb00 JavaThread "build event listener"              [_thread_blocked, id=11672, stack(0x0000003b5eb00000,0x0000003b5ec00000) (1024K)]
Total: 91

Other Threads:
  0x000001b8b4e0e720 VMThread "VM Thread"                           [id=10508, stack(0x0000003b58900000,0x0000003b58a00000) (1024K)]
  0x000001b8b4d84c20 WatcherThread "VM Periodic Task Thread"        [id=13428, stack(0x0000003b58800000,0x0000003b58900000) (1024K)]
  0x000001b89d755d20 WorkerThread "GC Thread#0"                     [id=12296, stack(0x0000003b58300000,0x0000003b58400000) (1024K)]
  0x000001b8b95700e0 WorkerThread "GC Thread#1"                     [id=7936, stack(0x0000003b59400000,0x0000003b59500000) (1024K)]
  0x000001b8b99cebd0 WorkerThread "GC Thread#2"                     [id=1692, stack(0x0000003b59500000,0x0000003b59600000) (1024K)]
  0x000001b8ba393bb0 WorkerThread "GC Thread#3"                     [id=14196, stack(0x0000003b59700000,0x0000003b59800000) (1024K)]
  0x000001b8ba396800 WorkerThread "GC Thread#4"                     [id=15324, stack(0x0000003b59800000,0x0000003b59900000) (1024K)]
  0x000001b8ba498450 WorkerThread "GC Thread#5"                     [id=13420, stack(0x0000003b59900000,0x0000003b59a00000) (1024K)]
  0x000001b8bb157780 WorkerThread "GC Thread#6"                     [id=14016, stack(0x0000003b5a400000,0x0000003b5a500000) (1024K)]
  0x000001b8bb158260 WorkerThread "GC Thread#7"                     [id=10904, stack(0x0000003b5a500000,0x0000003b5a600000) (1024K)]
  0x000001b89d768620 ConcurrentGCThread "G1 Main Marker"            [id=14776, stack(0x0000003b58400000,0x0000003b58500000) (1024K)]
  0x000001b89d769120 WorkerThread "G1 Conc#0"                       [id=9096, stack(0x0000003b58500000,0x0000003b58600000) (1024K)]
  0x000001b8bb158600 WorkerThread "G1 Conc#1"                       [id=13584, stack(0x0000003b5a600000,0x0000003b5a700000) (1024K)]
  0x000001b89d7be0d0 ConcurrentGCThread "G1 Refine#0"               [id=5716, stack(0x0000003b58600000,0x0000003b58700000) (1024K)]
  0x000001b8b4c56590 ConcurrentGCThread "G1 Service"                [id=12364, stack(0x0000003b58700000,0x0000003b58800000) (1024K)]
Total: 15

Threads with active compile tasks:
C2 CompilerThread0  16603 14184   !   4       org.jetbrains.kotlin.metadata.ProtoBuf$Type::<init> (875 bytes)
C2 CompilerThread1  16603 14059   !   4       org.jetbrains.kotlin.metadata.jvm.JvmModuleProtoBuf$PackageParts::<init> (1103 bytes)
Total: 2

VM state: not at safepoint (normal execution)

VM Mutex/Monitor currently owned by a thread: None

Heap address: 0x0000000080000000, size: 2048 MB, Compressed Oops mode: 32-bit

CDS archive(s) not mapped
Compressed class space mapped at: 0x0000000100000000-0x0000000140000000, reserved size: 1073741824
Narrow klass base: 0x0000000000000000, Narrow klass shift: 3, Narrow klass range: 0x140000000

GC Precious Log:
 CardTable entry size: 512
 Card Set container configuration: InlinePtr #cards 5 size 8 Array Of Cards #cards 12 size 40 Howl #buckets 4 coarsen threshold 1843 Howl Bitmap #cards 512 size 80 coarsen threshold 460 Card regions per heap region 1 cards per card region 2048
 CPUs: 8 total, 8 available
 Memory: 7914M
 Large Page Support: Disabled
 NUMA Support: Disabled
 Compressed Oops: Enabled (32-bit)
 Heap Region Size: 1M
 Heap Min Capacity: 8M
 Heap Initial Capacity: 124M
 Heap Max Capacity: 2G
 Pre-touch: Disabled
 Parallel Workers: 8
 Concurrent Workers: 2
 Concurrent Refinement Workers: 8
 Periodic GC: Disabled

Heap:
 garbage-first heap   total 327680K, used 301945K [0x0000000080000000, 0x0000000100000000)
  region size 1024K, 118 young (120832K), 6 survivors (6144K)
 Metaspace       used 154916K, committed 157440K, reserved 1245184K
  class space    used 19942K, committed 21248K, reserved 1048576K

Heap Regions: E=young(eden), S=young(survivor), O=old, HS=humongous(starts), HC=humongous(continues), CS=collection set, F=free, TAMS=top-at-mark-start, PB=parsable bottom
|   0|0x0000000080000000, 0x0000000080100000, 0x0000000080100000|100%| O|  |TAMS 0x0000000080000000| PB 0x0000000080000000| Untracked 
|   1|0x0000000080100000, 0x0000000080200000, 0x0000000080200000|100%|HS|  |TAMS 0x0000000080100000| PB 0x0000000080100000| Complete 
|   2|0x0000000080200000, 0x0000000080300000, 0x0000000080300000|100%|HC|  |TAMS 0x0000000080200000| PB 0x0000000080200000| Complete 
|   3|0x0000000080300000, 0x0000000080400000, 0x0000000080400000|100%|HC|  |TAMS 0x0000000080300000| PB 0x0000000080300000| Complete 
|   4|0x0000000080400000, 0x0000000080500000, 0x0000000080500000|100%| O|  |TAMS 0x0000000080400000| PB 0x0000000080400000| Untracked 
|   5|0x0000000080500000, 0x0000000080600000, 0x0000000080600000|100%| O|  |TAMS 0x0000000080500000| PB 0x0000000080500000| Untracked 
|   6|0x0000000080600000, 0x0000000080700000, 0x0000000080700000|100%| O|  |TAMS 0x0000000080600000| PB 0x0000000080600000| Untracked 
|   7|0x0000000080700000, 0x0000000080800000, 0x0000000080800000|100%|HS|  |TAMS 0x0000000080700000| PB 0x0000000080700000| Complete 
|   8|0x0000000080800000, 0x0000000080900000, 0x0000000080900000|100%| O|  |TAMS 0x0000000080800000| PB 0x0000000080800000| Untracked 
|   9|0x0000000080900000, 0x0000000080a00000, 0x0000000080a00000|100%| O|  |TAMS 0x0000000080900000| PB 0x0000000080900000| Untracked 
|  10|0x0000000080a00000, 0x0000000080b00000, 0x0000000080b00000|100%|HS|  |TAMS 0x0000000080a00000| PB 0x0000000080a00000| Complete 
|  11|0x0000000080b00000, 0x0000000080c00000, 0x0000000080c00000|100%| O|  |TAMS 0x0000000080b00000| PB 0x0000000080b00000| Untracked 
|  12|0x0000000080c00000, 0x0000000080d00000, 0x0000000080d00000|100%| O|  |TAMS 0x0000000080c00000| PB 0x0000000080c00000| Untracked 
|  13|0x0000000080d00000, 0x0000000080e00000, 0x0000000080e00000|100%|HS|  |TAMS 0x0000000080d00000| PB 0x0000000080d00000| Complete 
|  14|0x0000000080e00000, 0x0000000080f00000, 0x0000000080f00000|100%|HC|  |TAMS 0x0000000080e00000| PB 0x0000000080e00000| Complete 
|  15|0x0000000080f00000, 0x0000000081000000, 0x0000000081000000|100%|HC|  |TAMS 0x0000000080f00000| PB 0x0000000080f00000| Complete 
|  16|0x0000000081000000, 0x0000000081100000, 0x0000000081100000|100%|HC|  |TAMS 0x0000000081000000| PB 0x0000000081000000| Complete 
|  17|0x0000000081100000, 0x0000000081200000, 0x0000000081200000|100%|HC|  |TAMS 0x0000000081100000| PB 0x0000000081100000| Complete 
|  18|0x0000000081200000, 0x0000000081300000, 0x0000000081300000|100%|HC|  |TAMS 0x0000000081200000| PB 0x0000000081200000| Complete 
|  19|0x0000000081300000, 0x0000000081400000, 0x0000000081400000|100%|HS|  |TAMS 0x0000000081300000| PB 0x0000000081300000| Complete 
|  20|0x0000000081400000, 0x0000000081500000, 0x0000000081500000|100%|HC|  |TAMS 0x0000000081400000| PB 0x0000000081400000| Complete 
|  21|0x0000000081500000, 0x0000000081600000, 0x0000000081600000|100%|HC|  |TAMS 0x0000000081500000| PB 0x0000000081500000| Complete 
|  22|0x0000000081600000, 0x0000000081700000, 0x0000000081700000|100%|HC|  |TAMS 0x0000000081600000| PB 0x0000000081600000| Complete 
|  23|0x0000000081700000, 0x0000000081800000, 0x0000000081800000|100%|HS|  |TAMS 0x0000000081700000| PB 0x0000000081700000| Complete 
|  24|0x0000000081800000, 0x0000000081900000, 0x0000000081900000|100%|HC|  |TAMS 0x0000000081800000| PB 0x0000000081800000| Complete 
|  25|0x0000000081900000, 0x0000000081a00000, 0x0000000081a00000|100%| O|  |TAMS 0x0000000081900000| PB 0x0000000081900000| Untracked 
|  26|0x0000000081a00000, 0x0000000081b00000, 0x0000000081b00000|100%| O|  |TAMS 0x0000000081a00000| PB 0x0000000081a00000| Untracked 
|  27|0x0000000081b00000, 0x0000000081c00000, 0x0000000081c00000|100%| O|  |TAMS 0x0000000081b00000| PB 0x0000000081b00000| Untracked 
|  28|0x0000000081c00000, 0x0000000081d00000, 0x0000000081d00000|100%| O|  |TAMS 0x0000000081c00000| PB 0x0000000081c00000| Untracked 
|  29|0x0000000081d00000, 0x0000000081e00000, 0x0000000081e00000|100%| O|  |TAMS 0x0000000081d00000| PB 0x0000000081d00000| Untracked 
|  30|0x0000000081e00000, 0x0000000081f00000, 0x0000000081f00000|100%| O|  |TAMS 0x0000000081e00000| PB 0x0000000081e00000| Untracked 
|  31|0x0000000081f00000, 0x0000000082000000, 0x0000000082000000|100%| O|  |TAMS 0x0000000081f00000| PB 0x0000000081f00000| Untracked 
|  32|0x0000000082000000, 0x0000000082100000, 0x0000000082100000|100%| O|  |TAMS 0x0000000082000000| PB 0x0000000082000000| Untracked 
|  33|0x0000000082100000, 0x0000000082200000, 0x0000000082200000|100%| O|  |TAMS 0x0000000082100000| PB 0x0000000082100000| Untracked 
|  34|0x0000000082200000, 0x0000000082300000, 0x0000000082300000|100%| O|  |TAMS 0x0000000082200000| PB 0x0000000082200000| Untracked 
|  35|0x0000000082300000, 0x0000000082400000, 0x0000000082400000|100%| O|  |TAMS 0x0000000082300000| PB 0x0000000082300000| Untracked 
|  36|0x0000000082400000, 0x0000000082500000, 0x0000000082500000|100%| O|  |TAMS 0x0000000082400000| PB 0x0000000082400000| Untracked 
|  37|0x0000000082500000, 0x0000000082600000, 0x0000000082600000|100%| O|  |TAMS 0x0000000082500000| PB 0x0000000082500000| Untracked 
|  38|0x0000000082600000, 0x0000000082700000, 0x0000000082700000|100%| O|  |TAMS 0x0000000082600000| PB 0x0000000082600000| Untracked 
|  39|0x0000000082700000, 0x0000000082800000, 0x0000000082800000|100%| O|  |TAMS 0x0000000082700000| PB 0x0000000082700000| Untracked 
|  40|0x0000000082800000, 0x0000000082900000, 0x0000000082900000|100%| O|  |TAMS 0x0000000082800000| PB 0x0000000082800000| Untracked 
|  41|0x0000000082900000, 0x0000000082a00000, 0x0000000082a00000|100%| O|  |TAMS 0x0000000082900000| PB 0x0000000082900000| Untracked 
|  42|0x0000000082a00000, 0x0000000082b00000, 0x0000000082b00000|100%| O|  |TAMS 0x0000000082a00000| PB 0x0000000082a00000| Untracked 
|  43|0x0000000082b00000, 0x0000000082c00000, 0x0000000082c00000|100%| O|  |TAMS 0x0000000082b00000| PB 0x0000000082b00000| Untracked 
|  44|0x0000000082c00000, 0x0000000082d00000, 0x0000000082d00000|100%| O|  |TAMS 0x0000000082c00000| PB 0x0000000082c00000| Untracked 
|  45|0x0000000082d00000, 0x0000000082e00000, 0x0000000082e00000|100%| O|  |TAMS 0x0000000082d00000| PB 0x0000000082d00000| Untracked 
|  46|0x0000000082e00000, 0x0000000082f00000, 0x0000000082f00000|100%|HS|  |TAMS 0x0000000082e00000| PB 0x0000000082e00000| Complete 
|  47|0x0000000082f00000, 0x0000000083000000, 0x0000000083000000|100%|HC|  |TAMS 0x0000000082f00000| PB 0x0000000082f00000| Complete 
|  48|0x0000000083000000, 0x0000000083100000, 0x0000000083100000|100%|HS|  |TAMS 0x0000000083000000| PB 0x0000000083000000| Complete 
|  49|0x0000000083100000, 0x0000000083200000, 0x0000000083200000|100%|HC|  |TAMS 0x0000000083100000| PB 0x0000000083100000| Complete 
|  50|0x0000000083200000, 0x0000000083300000, 0x0000000083300000|100%|HC|  |TAMS 0x0000000083200000| PB 0x0000000083200000| Complete 
|  51|0x0000000083300000, 0x0000000083400000, 0x0000000083400000|100%|HC|  |TAMS 0x0000000083300000| PB 0x0000000083300000| Complete 
|  52|0x0000000083400000, 0x0000000083500000, 0x0000000083500000|100%|HC|  |TAMS 0x0000000083400000| PB 0x0000000083400000| Complete 
|  53|0x0000000083500000, 0x0000000083600000, 0x0000000083600000|100%|HC|  |TAMS 0x0000000083500000| PB 0x0000000083500000| Complete 
|  54|0x0000000083600000, 0x0000000083700000, 0x0000000083700000|100%| O|  |TAMS 0x0000000083600000| PB 0x0000000083600000| Untracked 
|  55|0x0000000083700000, 0x0000000083800000, 0x0000000083800000|100%| O|  |TAMS 0x0000000083700000| PB 0x0000000083700000| Untracked 
|  56|0x0000000083800000, 0x0000000083900000, 0x0000000083900000|100%| O|  |TAMS 0x0000000083800000| PB 0x0000000083800000| Untracked 
|  57|0x0000000083900000, 0x0000000083a00000, 0x0000000083a00000|100%| O|  |TAMS 0x0000000083900000| PB 0x0000000083900000| Untracked 
|  58|0x0000000083a00000, 0x0000000083b00000, 0x0000000083b00000|100%| O|  |TAMS 0x0000000083a00000| PB 0x0000000083a00000| Untracked 
|  59|0x0000000083b00000, 0x0000000083c00000, 0x0000000083c00000|100%| O|  |TAMS 0x0000000083b00000| PB 0x0000000083b00000| Untracked 
|  60|0x0000000083c00000, 0x0000000083d00000, 0x0000000083d00000|100%| O|  |TAMS 0x0000000083c00000| PB 0x0000000083c00000| Untracked 
|  61|0x0000000083d00000, 0x0000000083e00000, 0x0000000083e00000|100%| O|  |TAMS 0x0000000083d00000| PB 0x0000000083d00000| Untracked 
|  62|0x0000000083e00000, 0x0000000083f00000, 0x0000000083f00000|100%| O|  |TAMS 0x0000000083e00000| PB 0x0000000083e00000| Untracked 
|  63|0x0000000083f00000, 0x0000000084000000, 0x0000000084000000|100%| O|  |TAMS 0x0000000083f00000| PB 0x0000000083f00000| Untracked 
|  64|0x0000000084000000, 0x0000000084100000, 0x0000000084100000|100%| O|  |TAMS 0x0000000084000000| PB 0x0000000084000000| Untracked 
|  65|0x0000000084100000, 0x0000000084200000, 0x0000000084200000|100%| O|  |TAMS 0x0000000084100000| PB 0x0000000084100000| Untracked 
|  66|0x0000000084200000, 0x0000000084300000, 0x0000000084300000|100%| O|  |TAMS 0x0000000084200000| PB 0x0000000084200000| Untracked 
|  67|0x0000000084300000, 0x0000000084400000, 0x0000000084400000|100%| O|  |TAMS 0x0000000084300000| PB 0x0000000084300000| Untracked 
|  68|0x0000000084400000, 0x0000000084500000, 0x0000000084500000|100%| O|  |TAMS 0x0000000084400000| PB 0x0000000084400000| Untracked 
|  69|0x0000000084500000, 0x0000000084600000, 0x0000000084600000|100%| O|  |TAMS 0x0000000084500000| PB 0x0000000084500000| Untracked 
|  70|0x0000000084600000, 0x0000000084700000, 0x0000000084700000|100%| O|  |TAMS 0x0000000084600000| PB 0x0000000084600000| Untracked 
|  71|0x0000000084700000, 0x0000000084800000, 0x0000000084800000|100%| O|  |TAMS 0x0000000084700000| PB 0x0000000084700000| Untracked 
|  72|0x0000000084800000, 0x0000000084900000, 0x0000000084900000|100%| O|  |TAMS 0x0000000084800000| PB 0x0000000084800000| Untracked 
|  73|0x0000000084900000, 0x0000000084a00000, 0x0000000084a00000|100%| O|  |TAMS 0x0000000084900000| PB 0x0000000084900000| Untracked 
|  74|0x0000000084a00000, 0x0000000084b00000, 0x0000000084b00000|100%| O|  |TAMS 0x0000000084a00000| PB 0x0000000084a00000| Untracked 
|  75|0x0000000084b00000, 0x0000000084c00000, 0x0000000084c00000|100%| O|  |TAMS 0x0000000084b00000| PB 0x0000000084b00000| Untracked 
|  76|0x0000000084c00000, 0x0000000084d00000, 0x0000000084d00000|100%| O|  |TAMS 0x0000000084c00000| PB 0x0000000084c00000| Untracked 
|  77|0x0000000084d00000, 0x0000000084e00000, 0x0000000084e00000|100%| O|  |TAMS 0x0000000084d00000| PB 0x0000000084d00000| Untracked 
|  78|0x0000000084e00000, 0x0000000084f00000, 0x0000000084f00000|100%| O|  |TAMS 0x0000000084e00000| PB 0x0000000084e00000| Untracked 
|  79|0x0000000084f00000, 0x0000000085000000, 0x0000000085000000|100%| O|  |TAMS 0x0000000084f00000| PB 0x0000000084f00000| Untracked 
|  80|0x0000000085000000, 0x0000000085100000, 0x0000000085100000|100%| O|  |TAMS 0x0000000085000000| PB 0x0000000085000000| Untracked 
|  81|0x0000000085100000, 0x0000000085200000, 0x0000000085200000|100%| O|  |TAMS 0x0000000085100000| PB 0x0000000085100000| Untracked 
|  82|0x0000000085200000, 0x0000000085300000, 0x0000000085300000|100%| O|  |TAMS 0x0000000085200000| PB 0x0000000085200000| Untracked 
|  83|0x0000000085300000, 0x0000000085400000, 0x0000000085400000|100%| O|  |TAMS 0x0000000085300000| PB 0x0000000085300000| Untracked 
|  84|0x0000000085400000, 0x0000000085500000, 0x0000000085500000|100%| O|  |TAMS 0x0000000085400000| PB 0x0000000085400000| Untracked 
|  85|0x0000000085500000, 0x0000000085600000, 0x0000000085600000|100%| O|  |TAMS 0x0000000085500000| PB 0x0000000085500000| Untracked 
|  86|0x0000000085600000, 0x0000000085700000, 0x0000000085700000|100%| O|  |TAMS 0x0000000085600000| PB 0x0000000085600000| Untracked 
|  87|0x0000000085700000, 0x0000000085800000, 0x0000000085800000|100%| O|  |TAMS 0x0000000085700000| PB 0x0000000085700000| Untracked 
|  88|0x0000000085800000, 0x0000000085900000, 0x0000000085900000|100%| O|  |TAMS 0x0000000085800000| PB 0x0000000085800000| Untracked 
|  89|0x0000000085900000, 0x0000000085a00000, 0x0000000085a00000|100%| O|  |TAMS 0x0000000085900000| PB 0x0000000085900000| Untracked 
|  90|0x0000000085a00000, 0x0000000085b00000, 0x0000000085b00000|100%|HS|  |TAMS 0x0000000085a00000| PB 0x0000000085a00000| Complete 
|  91|0x0000000085b00000, 0x0000000085c00000, 0x0000000085c00000|100%|HS|  |TAMS 0x0000000085b00000| PB 0x0000000085b00000| Complete 
|  92|0x0000000085c00000, 0x0000000085d00000, 0x0000000085d00000|100%|HS|  |TAMS 0x0000000085c00000| PB 0x0000000085c00000| Complete 
|  93|0x0000000085d00000, 0x0000000085e00000, 0x0000000085e00000|100%|HS|  |TAMS 0x0000000085d00000| PB 0x0000000085d00000| Complete 
|  94|0x0000000085e00000, 0x0000000085f00000, 0x0000000085f00000|100%|HC|  |TAMS 0x0000000085e00000| PB 0x0000000085e00000| Complete 
|  95|0x0000000085f00000, 0x0000000086000000, 0x0000000086000000|100%| O|Cm|TAMS 0x0000000085f00000| PB 0x0000000085f00000| Complete 
|  96|0x0000000086000000, 0x0000000086100000, 0x0000000086100000|100%| O|  |TAMS 0x0000000086000000| PB 0x0000000086000000| Untracked 
|  97|0x0000000086100000, 0x0000000086200000, 0x0000000086200000|100%|HS|  |TAMS 0x0000000086100000| PB 0x0000000086100000| Complete 
|  98|0x0000000086200000, 0x0000000086300000, 0x0000000086300000|100%|HC|  |TAMS 0x0000000086200000| PB 0x0000000086200000| Complete 
|  99|0x0000000086300000, 0x0000000086400000, 0x0000000086400000|100%|HC|  |TAMS 0x0000000086300000| PB 0x0000000086300000| Complete 
| 100|0x0000000086400000, 0x0000000086500000, 0x0000000086500000|100%|HC|  |TAMS 0x0000000086400000| PB 0x0000000086400000| Complete 
| 101|0x0000000086500000, 0x0000000086600000, 0x0000000086600000|100%|HC|  |TAMS 0x0000000086500000| PB 0x0000000086500000| Complete 
| 102|0x0000000086600000, 0x0000000086700000, 0x0000000086700000|100%|HC|  |TAMS 0x0000000086600000| PB 0x0000000086600000| Complete 
| 103|0x0000000086700000, 0x0000000086800000, 0x0000000086800000|100%| O|Cm|TAMS 0x0000000086700000| PB 0x0000000086700000| Complete 
| 104|0x0000000086800000, 0x0000000086900000, 0x0000000086900000|100%|HS|  |TAMS 0x0000000086800000| PB 0x0000000086800000| Complete 
| 105|0x0000000086900000, 0x0000000086a00000, 0x0000000086a00000|100%|HC|  |TAMS 0x0000000086900000| PB 0x0000000086900000| Complete 
| 106|0x0000000086a00000, 0x0000000086b00000, 0x0000000086b00000|100%|HC|  |TAMS 0x0000000086a00000| PB 0x0000000086a00000| Complete 
| 107|0x0000000086b00000, 0x0000000086c00000, 0x0000000086c00000|100%|HC|  |TAMS 0x0000000086b00000| PB 0x0000000086b00000| Complete 
| 108|0x0000000086c00000, 0x0000000086d00000, 0x0000000086d00000|100%|HC|  |TAMS 0x0000000086c00000| PB 0x0000000086c00000| Complete 
| 109|0x0000000086d00000, 0x0000000086e00000, 0x0000000086e00000|100%|HC|  |TAMS 0x0000000086d00000| PB 0x0000000086d00000| Complete 
| 110|0x0000000086e00000, 0x0000000086f00000, 0x0000000086f00000|100%| O|  |TAMS 0x0000000086e00000| PB 0x0000000086e00000| Untracked 
| 111|0x0000000086f00000, 0x0000000087000000, 0x0000000087000000|100%|HS|  |TAMS 0x0000000086f00000| PB 0x0000000086f00000| Complete 
| 112|0x0000000087000000, 0x0000000087100000, 0x0000000087100000|100%|HC|  |TAMS 0x0000000087000000| PB 0x0000000087000000| Complete 
| 113|0x0000000087100000, 0x0000000087200000, 0x0000000087200000|100%|HC|  |TAMS 0x0000000087100000| PB 0x0000000087100000| Complete 
| 114|0x0000000087200000, 0x0000000087300000, 0x0000000087300000|100%| O|Cm|TAMS 0x0000000087200000| PB 0x0000000087200000| Complete 
| 115|0x0000000087300000, 0x0000000087400000, 0x0000000087400000|100%| O|  |TAMS 0x0000000087300000| PB 0x0000000087300000| Untracked 
| 116|0x0000000087400000, 0x0000000087500000, 0x0000000087500000|100%| O|  |TAMS 0x0000000087400000| PB 0x0000000087400000| Untracked 
| 117|0x0000000087500000, 0x0000000087600000, 0x0000000087600000|100%| O|  |TAMS 0x0000000087500000| PB 0x0000000087500000| Untracked 
| 118|0x0000000087600000, 0x0000000087700000, 0x0000000087700000|100%| O|  |TAMS 0x0000000087600000| PB 0x0000000087600000| Untracked 
| 119|0x0000000087700000, 0x0000000087800000, 0x0000000087800000|100%| O|  |TAMS 0x0000000087700000| PB 0x0000000087700000| Untracked 
| 120|0x0000000087800000, 0x0000000087900000, 0x0000000087900000|100%| O|  |TAMS 0x0000000087800000| PB 0x0000000087800000| Untracked 
| 121|0x0000000087900000, 0x0000000087a00000, 0x0000000087a00000|100%| O|  |TAMS 0x0000000087900000| PB 0x0000000087900000| Untracked 
| 122|0x0000000087a00000, 0x0000000087b00000, 0x0000000087b00000|100%|HS|  |TAMS 0x0000000087a00000| PB 0x0000000087a00000| Complete 
| 123|0x0000000087b00000, 0x0000000087c00000, 0x0000000087c00000|100%| O|  |TAMS 0x0000000087b00000| PB 0x0000000087b00000| Untracked 
| 124|0x0000000087c00000, 0x0000000087d00000, 0x0000000087d00000|100%| O|  |TAMS 0x0000000087c00000| PB 0x0000000087c00000| Untracked 
| 125|0x0000000087d00000, 0x0000000087e00000, 0x0000000087e00000|100%| O|  |TAMS 0x0000000087d00000| PB 0x0000000087d00000| Untracked 
| 126|0x0000000087e00000, 0x0000000087f00000, 0x0000000087f00000|100%| O|  |TAMS 0x0000000087e00000| PB 0x0000000087e00000| Untracked 
| 127|0x0000000087f00000, 0x0000000088000000, 0x0000000088000000|100%|HS|  |TAMS 0x0000000087f00000| PB 0x0000000087f00000| Complete 
| 128|0x0000000088000000, 0x0000000088100000, 0x0000000088100000|100%| O|  |TAMS 0x0000000088000000| PB 0x0000000088000000| Untracked 
| 129|0x0000000088100000, 0x0000000088200000, 0x0000000088200000|100%| O|Cm|TAMS 0x0000000088100000| PB 0x0000000088100000| Complete 
| 130|0x0000000088200000, 0x0000000088300000, 0x0000000088300000|100%| O|  |TAMS 0x0000000088200000| PB 0x0000000088200000| Untracked 
| 131|0x0000000088300000, 0x0000000088400000, 0x0000000088400000|100%|HS|  |TAMS 0x0000000088300000| PB 0x0000000088300000| Complete 
| 132|0x0000000088400000, 0x0000000088500000, 0x0000000088500000|100%|HC|  |TAMS 0x0000000088400000| PB 0x0000000088400000| Complete 
| 133|0x0000000088500000, 0x0000000088600000, 0x0000000088600000|100%|HS|  |TAMS 0x0000000088500000| PB 0x0000000088500000| Complete 
| 134|0x0000000088600000, 0x0000000088700000, 0x0000000088700000|100%|HS|  |TAMS 0x0000000088600000| PB 0x0000000088600000| Complete 
| 135|0x0000000088700000, 0x0000000088800000, 0x0000000088800000|100%| O|  |TAMS 0x0000000088700000| PB 0x0000000088700000| Untracked 
| 136|0x0000000088800000, 0x0000000088900000, 0x0000000088900000|100%|HS|  |TAMS 0x0000000088800000| PB 0x0000000088800000| Complete 
| 137|0x0000000088900000, 0x0000000088a00000, 0x0000000088a00000|100%|HS|  |TAMS 0x0000000088900000| PB 0x0000000088900000| Complete 
| 138|0x0000000088a00000, 0x0000000088b00000, 0x0000000088b00000|100%| O|  |TAMS 0x0000000088a00000| PB 0x0000000088a00000| Untracked 
| 139|0x0000000088b00000, 0x0000000088c00000, 0x0000000088c00000|100%| O|  |TAMS 0x0000000088b00000| PB 0x0000000088b00000| Untracked 
| 140|0x0000000088c00000, 0x0000000088d00000, 0x0000000088d00000|100%| O|  |TAMS 0x0000000088c00000| PB 0x0000000088c00000| Untracked 
| 141|0x0000000088d00000, 0x0000000088e00000, 0x0000000088e00000|100%| O|  |TAMS 0x0000000088d00000| PB 0x0000000088d00000| Untracked 
| 142|0x0000000088e00000, 0x0000000088f00000, 0x0000000088f00000|100%|HS|  |TAMS 0x0000000088e00000| PB 0x0000000088e00000| Complete 
| 143|0x0000000088f00000, 0x0000000089000000, 0x0000000089000000|100%| O|  |TAMS 0x0000000088f00000| PB 0x0000000088f00000| Untracked 
| 144|0x0000000089000000, 0x0000000089100000, 0x0000000089100000|100%| O|  |TAMS 0x0000000089000000| PB 0x0000000089000000| Untracked 
| 145|0x0000000089100000, 0x0000000089200000, 0x0000000089200000|100%| O|  |TAMS 0x0000000089100000| PB 0x0000000089100000| Untracked 
| 146|0x0000000089200000, 0x0000000089300000, 0x0000000089300000|100%| O|  |TAMS 0x0000000089200000| PB 0x0000000089200000| Untracked 
| 147|0x0000000089300000, 0x0000000089400000, 0x0000000089400000|100%| O|  |TAMS 0x0000000089300000| PB 0x0000000089300000| Untracked 
| 148|0x0000000089400000, 0x0000000089500000, 0x0000000089500000|100%| O|  |TAMS 0x0000000089400000| PB 0x0000000089400000| Untracked 
| 149|0x0000000089500000, 0x0000000089600000, 0x0000000089600000|100%| O|  |TAMS 0x0000000089500000| PB 0x0000000089500000| Untracked 
| 150|0x0000000089600000, 0x0000000089700000, 0x0000000089700000|100%| O|  |TAMS 0x0000000089600000| PB 0x0000000089600000| Untracked 
| 151|0x0000000089700000, 0x0000000089800000, 0x0000000089800000|100%| O|  |TAMS 0x0000000089700000| PB 0x0000000089700000| Untracked 
| 152|0x0000000089800000, 0x0000000089900000, 0x0000000089900000|100%| O|  |TAMS 0x0000000089800000| PB 0x0000000089800000| Untracked 
| 153|0x0000000089900000, 0x0000000089a00000, 0x0000000089a00000|100%| O|  |TAMS 0x0000000089900000| PB 0x0000000089900000| Untracked 
| 154|0x0000000089a00000, 0x0000000089b00000, 0x0000000089b00000|100%| O|  |TAMS 0x0000000089a00000| PB 0x0000000089a00000| Untracked 
| 155|0x0000000089b00000, 0x0000000089c00000, 0x0000000089c00000|100%| O|  |TAMS 0x0000000089b00000| PB 0x0000000089b00000| Untracked 
| 156|0x0000000089c00000, 0x0000000089d00000, 0x0000000089d00000|100%| O|  |TAMS 0x0000000089c00000| PB 0x0000000089c00000| Untracked 
| 157|0x0000000089d00000, 0x0000000089e00000, 0x0000000089e00000|100%|HS|  |TAMS 0x0000000089d00000| PB 0x0000000089d00000| Complete 
| 158|0x0000000089e00000, 0x0000000089f00000, 0x0000000089f00000|100%|HC|  |TAMS 0x0000000089e00000| PB 0x0000000089e00000| Complete 
| 159|0x0000000089f00000, 0x000000008a000000, 0x000000008a000000|100%|HC|  |TAMS 0x0000000089f00000| PB 0x0000000089f00000| Complete 
| 160|0x000000008a000000, 0x000000008a000000, 0x000000008a100000|  0%| F|  |TAMS 0x000000008a000000| PB 0x000000008a000000| Untracked 
| 161|0x000000008a100000, 0x000000008a100000, 0x000000008a200000|  0%| F|  |TAMS 0x000000008a100000| PB 0x000000008a100000| Untracked 
| 162|0x000000008a200000, 0x000000008a200000, 0x000000008a300000|  0%| F|  |TAMS 0x000000008a200000| PB 0x000000008a200000| Untracked 
| 163|0x000000008a300000, 0x000000008a300000, 0x000000008a400000|  0%| F|  |TAMS 0x000000008a300000| PB 0x000000008a300000| Untracked 
| 164|0x000000008a400000, 0x000000008a400000, 0x000000008a500000|  0%| F|  |TAMS 0x000000008a400000| PB 0x000000008a400000| Untracked 
| 165|0x000000008a500000, 0x000000008a500000, 0x000000008a600000|  0%| F|  |TAMS 0x000000008a500000| PB 0x000000008a500000| Untracked 
| 166|0x000000008a600000, 0x000000008a600000, 0x000000008a700000|  0%| F|  |TAMS 0x000000008a600000| PB 0x000000008a600000| Untracked 
| 167|0x000000008a700000, 0x000000008a700000, 0x000000008a800000|  0%| F|  |TAMS 0x000000008a700000| PB 0x000000008a700000| Untracked 
| 168|0x000000008a800000, 0x000000008a800000, 0x000000008a900000|  0%| F|  |TAMS 0x000000008a800000| PB 0x000000008a800000| Untracked 
| 169|0x000000008a900000, 0x000000008a900000, 0x000000008aa00000|  0%| F|  |TAMS 0x000000008a900000| PB 0x000000008a900000| Untracked 
| 170|0x000000008aa00000, 0x000000008aa00000, 0x000000008ab00000|  0%| F|  |TAMS 0x000000008aa00000| PB 0x000000008aa00000| Untracked 
| 171|0x000000008ab00000, 0x000000008ab00000, 0x000000008ac00000|  0%| F|  |TAMS 0x000000008ab00000| PB 0x000000008ab00000| Untracked 
| 172|0x000000008ac00000, 0x000000008ac00000, 0x000000008ad00000|  0%| F|  |TAMS 0x000000008ac00000| PB 0x000000008ac00000| Untracked 
| 173|0x000000008ad00000, 0x000000008ae00000, 0x000000008ae00000|100%| O|  |TAMS 0x000000008ad00000| PB 0x000000008ad00000| Untracked 
| 174|0x000000008ae00000, 0x000000008af00000, 0x000000008af00000|100%| O|Cm|TAMS 0x000000008ae00000| PB 0x000000008ae00000| Complete 
| 175|0x000000008af00000, 0x000000008af584d0, 0x000000008b000000| 34%| O|  |TAMS 0x000000008af00000| PB 0x000000008af00000| Untracked 
| 176|0x000000008b000000, 0x000000008b000000, 0x000000008b100000|  0%| F|  |TAMS 0x000000008b000000| PB 0x000000008b000000| Untracked 
| 177|0x000000008b100000, 0x000000008b100000, 0x000000008b200000|  0%| F|  |TAMS 0x000000008b100000| PB 0x000000008b100000| Untracked 
| 178|0x000000008b200000, 0x000000008b200000, 0x000000008b300000|  0%| F|  |TAMS 0x000000008b200000| PB 0x000000008b200000| Untracked 
| 179|0x000000008b300000, 0x000000008b300000, 0x000000008b400000|  0%| F|  |TAMS 0x000000008b300000| PB 0x000000008b300000| Untracked 
| 180|0x000000008b400000, 0x000000008b400000, 0x000000008b500000|  0%| F|  |TAMS 0x000000008b400000| PB 0x000000008b400000| Untracked 
| 181|0x000000008b500000, 0x000000008b500000, 0x000000008b600000|  0%| F|  |TAMS 0x000000008b500000| PB 0x000000008b500000| Untracked 
| 182|0x000000008b600000, 0x000000008b600000, 0x000000008b700000|  0%| F|  |TAMS 0x000000008b600000| PB 0x000000008b600000| Untracked 
| 183|0x000000008b700000, 0x000000008b700000, 0x000000008b800000|  0%| F|  |TAMS 0x000000008b700000| PB 0x000000008b700000| Untracked 
| 184|0x000000008b800000, 0x000000008b800000, 0x000000008b900000|  0%| F|  |TAMS 0x000000008b800000| PB 0x000000008b800000| Untracked 
| 185|0x000000008b900000, 0x000000008ba00000, 0x000000008ba00000|100%| E|  |TAMS 0x000000008b900000| PB 0x000000008b900000| Complete 
| 186|0x000000008ba00000, 0x000000008bb00000, 0x000000008bb00000|100%| E|CS|TAMS 0x000000008ba00000| PB 0x000000008ba00000| Complete 
| 187|0x000000008bb00000, 0x000000008bc00000, 0x000000008bc00000|100%| E|CS|TAMS 0x000000008bb00000| PB 0x000000008bb00000| Complete 
| 188|0x000000008bc00000, 0x000000008bd00000, 0x000000008bd00000|100%| E|CS|TAMS 0x000000008bc00000| PB 0x000000008bc00000| Complete 
| 189|0x000000008bd00000, 0x000000008be00000, 0x000000008be00000|100%| E|CS|TAMS 0x000000008bd00000| PB 0x000000008bd00000| Complete 
| 190|0x000000008be00000, 0x000000008bf00000, 0x000000008bf00000|100%| E|CS|TAMS 0x000000008be00000| PB 0x000000008be00000| Complete 
| 191|0x000000008bf00000, 0x000000008c000000, 0x000000008c000000|100%| E|CS|TAMS 0x000000008bf00000| PB 0x000000008bf00000| Complete 
| 192|0x000000008c000000, 0x000000008c100000, 0x000000008c100000|100%| E|CS|TAMS 0x000000008c000000| PB 0x000000008c000000| Complete 
| 193|0x000000008c100000, 0x000000008c200000, 0x000000008c200000|100%| E|CS|TAMS 0x000000008c100000| PB 0x000000008c100000| Complete 
| 194|0x000000008c200000, 0x000000008c300000, 0x000000008c300000|100%| E|CS|TAMS 0x000000008c200000| PB 0x000000008c200000| Complete 
| 195|0x000000008c300000, 0x000000008c400000, 0x000000008c400000|100%| E|CS|TAMS 0x000000008c300000| PB 0x000000008c300000| Complete 
| 196|0x000000008c400000, 0x000000008c500000, 0x000000008c500000|100%| E|CS|TAMS 0x000000008c400000| PB 0x000000008c400000| Complete 
| 197|0x000000008c500000, 0x000000008c600000, 0x000000008c600000|100%| E|CS|TAMS 0x000000008c500000| PB 0x000000008c500000| Complete 
| 198|0x000000008c600000, 0x000000008c700000, 0x000000008c700000|100%| E|CS|TAMS 0x000000008c600000| PB 0x000000008c600000| Complete 
| 199|0x000000008c700000, 0x000000008c800000, 0x000000008c800000|100%| E|CS|TAMS 0x000000008c700000| PB 0x000000008c700000| Complete 
| 200|0x000000008c800000, 0x000000008c900000, 0x000000008c900000|100%| E|CS|TAMS 0x000000008c800000| PB 0x000000008c800000| Complete 
| 201|0x000000008c900000, 0x000000008ca00000, 0x000000008ca00000|100%| E|CS|TAMS 0x000000008c900000| PB 0x000000008c900000| Complete 
| 202|0x000000008ca00000, 0x000000008cb00000, 0x000000008cb00000|100%| E|CS|TAMS 0x000000008ca00000| PB 0x000000008ca00000| Complete 
| 203|0x000000008cb00000, 0x000000008cc00000, 0x000000008cc00000|100%| E|CS|TAMS 0x000000008cb00000| PB 0x000000008cb00000| Complete 
| 204|0x000000008cc00000, 0x000000008cd00000, 0x000000008cd00000|100%| E|CS|TAMS 0x000000008cc00000| PB 0x000000008cc00000| Complete 
| 205|0x000000008cd00000, 0x000000008ce00000, 0x000000008ce00000|100%| E|CS|TAMS 0x000000008cd00000| PB 0x000000008cd00000| Complete 
| 206|0x000000008ce00000, 0x000000008cf00000, 0x000000008cf00000|100%| E|CS|TAMS 0x000000008ce00000| PB 0x000000008ce00000| Complete 
| 207|0x000000008cf00000, 0x000000008d000000, 0x000000008d000000|100%| E|CS|TAMS 0x000000008cf00000| PB 0x000000008cf00000| Complete 
| 208|0x000000008d000000, 0x000000008d100000, 0x000000008d100000|100%| E|CS|TAMS 0x000000008d000000| PB 0x000000008d000000| Complete 
| 209|0x000000008d100000, 0x000000008d200000, 0x000000008d200000|100%| E|CS|TAMS 0x000000008d100000| PB 0x000000008d100000| Complete 
| 210|0x000000008d200000, 0x000000008d300000, 0x000000008d300000|100%| E|CS|TAMS 0x000000008d200000| PB 0x000000008d200000| Complete 
| 211|0x000000008d300000, 0x000000008d400000, 0x000000008d400000|100%| E|CS|TAMS 0x000000008d300000| PB 0x000000008d300000| Complete 
| 212|0x000000008d400000, 0x000000008d500000, 0x000000008d500000|100%| E|CS|TAMS 0x000000008d400000| PB 0x000000008d400000| Complete 
| 213|0x000000008d500000, 0x000000008d600000, 0x000000008d600000|100%| E|CS|TAMS 0x000000008d500000| PB 0x000000008d500000| Complete 
| 214|0x000000008d600000, 0x000000008d700000, 0x000000008d700000|100%| E|CS|TAMS 0x000000008d600000| PB 0x000000008d600000| Complete 
| 215|0x000000008d700000, 0x000000008d800000, 0x000000008d800000|100%| E|CS|TAMS 0x000000008d700000| PB 0x000000008d700000| Complete 
| 216|0x000000008d800000, 0x000000008d900000, 0x000000008d900000|100%| E|CS|TAMS 0x000000008d800000| PB 0x000000008d800000| Complete 
| 217|0x000000008d900000, 0x000000008da00000, 0x000000008da00000|100%| E|CS|TAMS 0x000000008d900000| PB 0x000000008d900000| Complete 
| 218|0x000000008da00000, 0x000000008db00000, 0x000000008db00000|100%| E|CS|TAMS 0x000000008da00000| PB 0x000000008da00000| Complete 
| 219|0x000000008db00000, 0x000000008dc00000, 0x000000008dc00000|100%| E|CS|TAMS 0x000000008db00000| PB 0x000000008db00000| Complete 
| 220|0x000000008dc00000, 0x000000008dd00000, 0x000000008dd00000|100%| E|CS|TAMS 0x000000008dc00000| PB 0x000000008dc00000| Complete 
| 221|0x000000008dd00000, 0x000000008de00000, 0x000000008de00000|100%| E|CS|TAMS 0x000000008dd00000| PB 0x000000008dd00000| Complete 
| 222|0x000000008de00000, 0x000000008df00000, 0x000000008df00000|100%| E|CS|TAMS 0x000000008de00000| PB 0x000000008de00000| Complete 
| 223|0x000000008df00000, 0x000000008e000000, 0x000000008e000000|100%| E|CS|TAMS 0x000000008df00000| PB 0x000000008df00000| Complete 
| 224|0x000000008e000000, 0x000000008e100000, 0x000000008e100000|100%| E|CS|TAMS 0x000000008e000000| PB 0x000000008e000000| Complete 
| 225|0x000000008e100000, 0x000000008e200000, 0x000000008e200000|100%| E|CS|TAMS 0x000000008e100000| PB 0x000000008e100000| Complete 
| 226|0x000000008e200000, 0x000000008e300000, 0x000000008e300000|100%| E|CS|TAMS 0x000000008e200000| PB 0x000000008e200000| Complete 
| 227|0x000000008e300000, 0x000000008e400000, 0x000000008e400000|100%| E|CS|TAMS 0x000000008e300000| PB 0x000000008e300000| Complete 
| 228|0x000000008e400000, 0x000000008e500000, 0x000000008e500000|100%| E|CS|TAMS 0x000000008e400000| PB 0x000000008e400000| Complete 
| 229|0x000000008e500000, 0x000000008e600000, 0x000000008e600000|100%| E|CS|TAMS 0x000000008e500000| PB 0x000000008e500000| Complete 
| 230|0x000000008e600000, 0x000000008e700000, 0x000000008e700000|100%| E|CS|TAMS 0x000000008e600000| PB 0x000000008e600000| Complete 
| 231|0x000000008e700000, 0x000000008e800000, 0x000000008e800000|100%| E|CS|TAMS 0x000000008e700000| PB 0x000000008e700000| Complete 
| 232|0x000000008e800000, 0x000000008e900000, 0x000000008e900000|100%| E|CS|TAMS 0x000000008e800000| PB 0x000000008e800000| Complete 
| 233|0x000000008e900000, 0x000000008ea00000, 0x000000008ea00000|100%| E|CS|TAMS 0x000000008e900000| PB 0x000000008e900000| Complete 
| 234|0x000000008ea00000, 0x000000008eb00000, 0x000000008eb00000|100%| E|CS|TAMS 0x000000008ea00000| PB 0x000000008ea00000| Complete 
| 235|0x000000008eb00000, 0x000000008ec00000, 0x000000008ec00000|100%| E|CS|TAMS 0x000000008eb00000| PB 0x000000008eb00000| Complete 
| 236|0x000000008ec00000, 0x000000008ed00000, 0x000000008ed00000|100%| E|CS|TAMS 0x000000008ec00000| PB 0x000000008ec00000| Complete 
| 237|0x000000008ed00000, 0x000000008ee00000, 0x000000008ee00000|100%| E|CS|TAMS 0x000000008ed00000| PB 0x000000008ed00000| Complete 
| 238|0x000000008ee00000, 0x000000008ef00000, 0x000000008ef00000|100%| E|CS|TAMS 0x000000008ee00000| PB 0x000000008ee00000| Complete 
| 239|0x000000008ef00000, 0x000000008f000000, 0x000000008f000000|100%| E|CS|TAMS 0x000000008ef00000| PB 0x000000008ef00000| Complete 
| 240|0x000000008f000000, 0x000000008f100000, 0x000000008f100000|100%| E|CS|TAMS 0x000000008f000000| PB 0x000000008f000000| Complete 
| 241|0x000000008f100000, 0x000000008f200000, 0x000000008f200000|100%| E|CS|TAMS 0x000000008f100000| PB 0x000000008f100000| Complete 
| 242|0x000000008f200000, 0x000000008f300000, 0x000000008f300000|100%| E|CS|TAMS 0x000000008f200000| PB 0x000000008f200000| Complete 
| 243|0x000000008f300000, 0x000000008f400000, 0x000000008f400000|100%| E|  |TAMS 0x000000008f300000| PB 0x000000008f300000| Complete 
| 244|0x000000008f400000, 0x000000008f500000, 0x000000008f500000|100%| E|CS|TAMS 0x000000008f400000| PB 0x000000008f400000| Complete 
| 245|0x000000008f500000, 0x000000008f600000, 0x000000008f600000|100%| E|CS|TAMS 0x000000008f500000| PB 0x000000008f500000| Complete 
| 246|0x000000008f600000, 0x000000008f700000, 0x000000008f700000|100%| E|CS|TAMS 0x000000008f600000| PB 0x000000008f600000| Complete 
| 247|0x000000008f700000, 0x000000008f800000, 0x000000008f800000|100%| E|CS|TAMS 0x000000008f700000| PB 0x000000008f700000| Complete 
| 248|0x000000008f800000, 0x000000008f900000, 0x000000008f900000|100%| E|CS|TAMS 0x000000008f800000| PB 0x000000008f800000| Complete 
| 249|0x000000008f900000, 0x000000008fa00000, 0x000000008fa00000|100%| E|CS|TAMS 0x000000008f900000| PB 0x000000008f900000| Complete 
| 250|0x000000008fa00000, 0x000000008fb00000, 0x000000008fb00000|100%| E|CS|TAMS 0x000000008fa00000| PB 0x000000008fa00000| Complete 
| 251|0x000000008fb00000, 0x000000008fc00000, 0x000000008fc00000|100%| E|CS|TAMS 0x000000008fb00000| PB 0x000000008fb00000| Complete 
| 252|0x000000008fc00000, 0x000000008fd00000, 0x000000008fd00000|100%| E|CS|TAMS 0x000000008fc00000| PB 0x000000008fc00000| Complete 
| 253|0x000000008fd00000, 0x000000008fe00000, 0x000000008fe00000|100%| E|CS|TAMS 0x000000008fd00000| PB 0x000000008fd00000| Complete 
| 254|0x000000008fe00000, 0x000000008ff00000, 0x000000008ff00000|100%| E|CS|TAMS 0x000000008fe00000| PB 0x000000008fe00000| Complete 
| 255|0x000000008ff00000, 0x0000000090000000, 0x0000000090000000|100%| E|CS|TAMS 0x000000008ff00000| PB 0x000000008ff00000| Complete 
| 256|0x0000000090000000, 0x0000000090100000, 0x0000000090100000|100%| E|CS|TAMS 0x0000000090000000| PB 0x0000000090000000| Complete 
| 257|0x0000000090100000, 0x0000000090200000, 0x0000000090200000|100%| E|CS|TAMS 0x0000000090100000| PB 0x0000000090100000| Complete 
| 258|0x0000000090200000, 0x0000000090300000, 0x0000000090300000|100%| E|CS|TAMS 0x0000000090200000| PB 0x0000000090200000| Complete 
| 259|0x0000000090300000, 0x0000000090400000, 0x0000000090400000|100%| E|CS|TAMS 0x0000000090300000| PB 0x0000000090300000| Complete 
| 260|0x0000000090400000, 0x0000000090500000, 0x0000000090500000|100%| E|CS|TAMS 0x0000000090400000| PB 0x0000000090400000| Complete 
| 261|0x0000000090500000, 0x0000000090600000, 0x0000000090600000|100%| E|CS|TAMS 0x0000000090500000| PB 0x0000000090500000| Complete 
| 262|0x0000000090600000, 0x0000000090700000, 0x0000000090700000|100%| E|CS|TAMS 0x0000000090600000| PB 0x0000000090600000| Complete 
| 263|0x0000000090700000, 0x0000000090800000, 0x0000000090800000|100%| E|CS|TAMS 0x0000000090700000| PB 0x0000000090700000| Complete 
| 264|0x0000000090800000, 0x0000000090900000, 0x0000000090900000|100%| E|CS|TAMS 0x0000000090800000| PB 0x0000000090800000| Complete 
| 265|0x0000000090900000, 0x0000000090a00000, 0x0000000090a00000|100%| E|CS|TAMS 0x0000000090900000| PB 0x0000000090900000| Complete 
| 266|0x0000000090a00000, 0x0000000090b00000, 0x0000000090b00000|100%| E|CS|TAMS 0x0000000090a00000| PB 0x0000000090a00000| Complete 
| 267|0x0000000090b00000, 0x0000000090c00000, 0x0000000090c00000|100%| E|CS|TAMS 0x0000000090b00000| PB 0x0000000090b00000| Complete 
| 268|0x0000000090c00000, 0x0000000090d00000, 0x0000000090d00000|100%| E|CS|TAMS 0x0000000090c00000| PB 0x0000000090c00000| Complete 
| 269|0x0000000090d00000, 0x0000000090e00000, 0x0000000090e00000|100%| E|CS|TAMS 0x0000000090d00000| PB 0x0000000090d00000| Complete 
| 270|0x0000000090e00000, 0x0000000090f00000, 0x0000000090f00000|100%| E|CS|TAMS 0x0000000090e00000| PB 0x0000000090e00000| Complete 
| 271|0x0000000090f00000, 0x0000000091000000, 0x0000000091000000|100%| E|CS|TAMS 0x0000000090f00000| PB 0x0000000090f00000| Complete 
| 272|0x0000000091000000, 0x0000000091100000, 0x0000000091100000|100%| E|CS|TAMS 0x0000000091000000| PB 0x0000000091000000| Complete 
| 273|0x0000000091100000, 0x0000000091200000, 0x0000000091200000|100%| E|CS|TAMS 0x0000000091100000| PB 0x0000000091100000| Complete 
| 274|0x0000000091200000, 0x0000000091300000, 0x0000000091300000|100%| E|CS|TAMS 0x0000000091200000| PB 0x0000000091200000| Complete 
| 275|0x0000000091300000, 0x0000000091400000, 0x0000000091400000|100%| E|CS|TAMS 0x0000000091300000| PB 0x0000000091300000| Complete 
| 276|0x0000000091400000, 0x0000000091500000, 0x0000000091500000|100%| E|CS|TAMS 0x0000000091400000| PB 0x0000000091400000| Complete 
| 277|0x0000000091500000, 0x0000000091600000, 0x0000000091600000|100%| E|CS|TAMS 0x0000000091500000| PB 0x0000000091500000| Complete 
| 278|0x0000000091600000, 0x0000000091700000, 0x0000000091700000|100%| E|CS|TAMS 0x0000000091600000| PB 0x0000000091600000| Complete 
| 279|0x0000000091700000, 0x0000000091800000, 0x0000000091800000|100%| E|CS|TAMS 0x0000000091700000| PB 0x0000000091700000| Complete 
| 280|0x0000000091800000, 0x0000000091900000, 0x0000000091900000|100%| E|CS|TAMS 0x0000000091800000| PB 0x0000000091800000| Complete 
| 281|0x0000000091900000, 0x0000000091a00000, 0x0000000091a00000|100%| E|CS|TAMS 0x0000000091900000| PB 0x0000000091900000| Complete 
| 282|0x0000000091a00000, 0x0000000091b00000, 0x0000000091b00000|100%| E|CS|TAMS 0x0000000091a00000| PB 0x0000000091a00000| Complete 
| 283|0x0000000091b00000, 0x0000000091c00000, 0x0000000091c00000|100%| E|CS|TAMS 0x0000000091b00000| PB 0x0000000091b00000| Complete 
| 284|0x0000000091c00000, 0x0000000091d00000, 0x0000000091d00000|100%| E|CS|TAMS 0x0000000091c00000| PB 0x0000000091c00000| Complete 
| 285|0x0000000091d00000, 0x0000000091e00000, 0x0000000091e00000|100%| E|CS|TAMS 0x0000000091d00000| PB 0x0000000091d00000| Complete 
| 286|0x0000000091e00000, 0x0000000091f00000, 0x0000000091f00000|100%| E|CS|TAMS 0x0000000091e00000| PB 0x0000000091e00000| Complete 
| 287|0x0000000091f00000, 0x0000000092000000, 0x0000000092000000|100%| E|CS|TAMS 0x0000000091f00000| PB 0x0000000091f00000| Complete 
| 288|0x0000000092000000, 0x0000000092100000, 0x0000000092100000|100%| E|CS|TAMS 0x0000000092000000| PB 0x0000000092000000| Complete 
| 289|0x0000000092100000, 0x0000000092200000, 0x0000000092200000|100%| E|CS|TAMS 0x0000000092100000| PB 0x0000000092100000| Complete 
| 290|0x0000000092200000, 0x0000000092300000, 0x0000000092300000|100%| E|CS|TAMS 0x0000000092200000| PB 0x0000000092200000| Complete 
| 291|0x0000000092300000, 0x0000000092400000, 0x0000000092400000|100%| E|CS|TAMS 0x0000000092300000| PB 0x0000000092300000| Complete 
| 292|0x0000000092400000, 0x0000000092500000, 0x0000000092500000|100%| E|CS|TAMS 0x0000000092400000| PB 0x0000000092400000| Complete 
|2021|0x00000000fe500000, 0x00000000fe600000, 0x00000000fe600000|100%| E|CS|TAMS 0x00000000fe500000| PB 0x00000000fe500000| Complete 
|2022|0x00000000fe600000, 0x00000000fe700000, 0x00000000fe700000|100%| O|  |TAMS 0x00000000fe600000| PB 0x00000000fe600000| Untracked 
|2023|0x00000000fe700000, 0x00000000fe800000, 0x00000000fe800000|100%| O|  |TAMS 0x00000000fe700000| PB 0x00000000fe700000| Untracked 
|2024|0x00000000fe800000, 0x00000000fe900000, 0x00000000fe900000|100%| O|  |TAMS 0x00000000fe800000| PB 0x00000000fe800000| Untracked 
|2025|0x00000000fe900000, 0x00000000fea00000, 0x00000000fea00000|100%| O|  |TAMS 0x00000000fe900000| PB 0x00000000fe900000| Untracked 
|2026|0x00000000fea00000, 0x00000000feb00000, 0x00000000feb00000|100%| O|  |TAMS 0x00000000fea00000| PB 0x00000000fea00000| Untracked 
|2027|0x00000000feb00000, 0x00000000fec00000, 0x00000000fec00000|100%| O|  |TAMS 0x00000000feb00000| PB 0x00000000feb00000| Untracked 
|2028|0x00000000fec00000, 0x00000000fed00000, 0x00000000fed00000|100%| O|  |TAMS 0x00000000fec00000| PB 0x00000000fec00000| Untracked 
|2029|0x00000000fed00000, 0x00000000fee00000, 0x00000000fee00000|100%| O|  |TAMS 0x00000000fed00000| PB 0x00000000fed00000| Untracked 
|2030|0x00000000fee00000, 0x00000000fee86270, 0x00000000fef00000| 52%| S|CS|TAMS 0x00000000fee00000| PB 0x00000000fee00000| Complete 
|2031|0x00000000fef00000, 0x00000000ff000000, 0x00000000ff000000|100%| O|  |TAMS 0x00000000fef00000| PB 0x00000000fef00000| Untracked 
|2032|0x00000000ff000000, 0x00000000ff100000, 0x00000000ff100000|100%| S|CS|TAMS 0x00000000ff000000| PB 0x00000000ff000000| Complete 
|2033|0x00000000ff100000, 0x00000000ff200000, 0x00000000ff200000|100%| S|CS|TAMS 0x00000000ff100000| PB 0x00000000ff100000| Complete 
|2034|0x00000000ff200000, 0x00000000ff300000, 0x00000000ff300000|100%| S|CS|TAMS 0x00000000ff200000| PB 0x00000000ff200000| Complete 
|2035|0x00000000ff300000, 0x00000000ff400000, 0x00000000ff400000|100%| O|  |TAMS 0x00000000ff300000| PB 0x00000000ff300000| Untracked 
|2036|0x00000000ff400000, 0x00000000ff500000, 0x00000000ff500000|100%| O|Cm|TAMS 0x00000000ff400000| PB 0x00000000ff400000| Complete 
|2037|0x00000000ff500000, 0x00000000ff600000, 0x00000000ff600000|100%| O|  |TAMS 0x00000000ff500000| PB 0x00000000ff500000| Untracked 
|2038|0x00000000ff600000, 0x00000000ff700000, 0x00000000ff700000|100%| S|CS|TAMS 0x00000000ff600000| PB 0x00000000ff600000| Complete 
|2039|0x00000000ff700000, 0x00000000ff800000, 0x00000000ff800000|100%| S|CS|TAMS 0x00000000ff700000| PB 0x00000000ff700000| Complete 
|2040|0x00000000ff800000, 0x00000000ff900000, 0x00000000ff900000|100%| E|CS|TAMS 0x00000000ff800000| PB 0x00000000ff800000| Complete 
|2041|0x00000000ff900000, 0x00000000ffa00000, 0x00000000ffa00000|100%| E|CS|TAMS 0x00000000ff900000| PB 0x00000000ff900000| Complete 
|2042|0x00000000ffa00000, 0x00000000ffb00000, 0x00000000ffb00000|100%| E|CS|TAMS 0x00000000ffa00000| PB 0x00000000ffa00000| Complete 
|2043|0x00000000ffb00000, 0x00000000ffc00000, 0x00000000ffc00000|100%| O|  |TAMS 0x00000000ffb00000| PB 0x00000000ffb00000| Untracked 
|2044|0x00000000ffc00000, 0x00000000ffd00000, 0x00000000ffd00000|100%| O|  |TAMS 0x00000000ffc00000| PB 0x00000000ffc00000| Untracked 
|2045|0x00000000ffd00000, 0x00000000ffe00000, 0x00000000ffe00000|100%| O|  |TAMS 0x00000000ffd00000| PB 0x00000000ffd00000| Untracked 
|2046|0x00000000ffe00000, 0x00000000fff00000, 0x00000000fff00000|100%| O|  |TAMS 0x00000000ffe00000| PB 0x00000000ffe00000| Untracked 
|2047|0x00000000fff00000, 0x0000000100000000, 0x0000000100000000|100%| O|  |TAMS 0x00000000fff00000| PB 0x00000000fff00000| Untracked 

Card table byte_map: [0x000001b8aff90000,0x000001b8b0390000] _byte_map_base: 0x000001b8afb90000

Marking Bits: (CMBitMap*) 0x000001b89d756420
 Bits: [0x000001b8b0390000, 0x000001b8b2390000)

Polling page: 0x000001b89cec0000

Metaspace:

Usage:
  Non-class:    131.81 MB used.
      Class:     19.48 MB used.
       Both:    151.29 MB used.

Virtual space:
  Non-class space:      192.00 MB reserved,     133.00 MB ( 69%) committed,  3 nodes.
      Class space:        1.00 GB reserved,      20.75 MB (  2%) committed,  1 nodes.
             Both:        1.19 GB reserved,     153.75 MB ( 13%) committed. 

Chunk freelists:
   Non-Class:  10.31 MB
       Class:  11.30 MB
        Both:  21.61 MB

MaxMetaspaceSize: unlimited
CompressedClassSpaceSize: 1.00 GB
Initial GC threshold: 21.00 MB
Current GC threshold: 254.31 MB
CDS: off
 - commit_granule_bytes: 65536.
 - commit_granule_words: 8192.
 - virtual_space_node_default_size: 8388608.
 - enlarge_chunks_in_place: 1.
 - use_allocation_guard: 0.


Internal statistics:

num_allocs_failed_limit: 9.
num_arena_births: 4806.
num_arena_deaths: 0.
num_vsnodes_births: 4.
num_vsnodes_deaths: 0.
num_space_committed: 2458.
num_space_uncommitted: 0.
num_chunks_returned_to_freelist: 9.
num_chunks_taken_from_freelist: 11050.
num_chunk_merges: 9.
num_chunk_splits: 7647.
num_chunks_enlarged: 5283.
num_inconsistent_stats: 0.

CodeHeap 'non-profiled nmethods': size=120000Kb used=7164Kb max_used=7164Kb free=112835Kb
 bounds [0x000001b8a8320000, 0x000001b8a8a20000, 0x000001b8af850000]
CodeHeap 'profiled nmethods': size=120000Kb used=23102Kb max_used=23102Kb free=96897Kb
 bounds [0x000001b8a0850000, 0x000001b8a1ee0000, 0x000001b8a7d80000]
CodeHeap 'non-nmethods': size=5760Kb used=3407Kb max_used=3460Kb free=2352Kb
 bounds [0x000001b8a7d80000, 0x000001b8a8100000, 0x000001b8a8320000]
 total_blobs=13162 nmethods=12005 adapters=1059
 compilation: enabled
              stopped_count=0, restarted_count=0
 full_count=0

Compilation events (20 events):
Event: 16.555 Thread 0x000001b8b907a150 14173       3       org.jetbrains.kotlin.load.kotlin.FileBasedKotlinClass$OuterAndInnerName::<init> (7 bytes)
Event: 16.555 Thread 0x000001b8b907a150 nmethod 14173 0x000001b8a1ec3510 code [0x000001b8a1ec36c0, 0x000001b8a1ec3940]
Event: 16.555 Thread 0x000001b8b907a150 14174       3       org.jetbrains.kotlin.load.kotlin.FileBasedKotlinClass$OuterAndInnerName::<init> (15 bytes)
Event: 16.555 Thread 0x000001b8b907a150 nmethod 14174 0x000001b8a1ec3a90 code [0x000001b8a1ec3c40, 0x000001b8a1ec3e60]
Event: 16.556 Thread 0x000001b8b907a150 14176       3       org.jetbrains.kotlin.load.kotlin.KotlinBinaryClassCache$Companion$$Lambda/0x0000000100ede3c0::compute (16 bytes)
Event: 16.557 Thread 0x000001b8b907a150 nmethod 14176 0x000001b8a1ec3f10 code [0x000001b8a1ec4240, 0x000001b8a1ec5428]
Event: 16.557 Thread 0x000001b8b907a150 14177       3       org.jetbrains.kotlin.load.kotlin.KotlinBinaryClassCache$Companion::getKotlinBinaryClassOrClassFileContent$lambda$0 (10 bytes)
Event: 16.558 Thread 0x000001b8b907a150 nmethod 14177 0x000001b8a1ec5a90 code [0x000001b8a1ec5dc0, 0x000001b8a1ec6ee0]
Event: 16.558 Thread 0x000001b8b907a150 14178       3       org.jetbrains.kotlin.load.kotlin.VirtualFileKotlinClass$Factory::create$frontend_common_jvm (30 bytes)
Event: 16.558 Thread 0x000001b8b907a150 nmethod 14178 0x000001b8a1ec7510 code [0x000001b8a1ec7820, 0x000001b8a1ec88d8]
Event: 16.558 Thread 0x000001b8b907a150 14179       3       org.jetbrains.kotlin.load.kotlin.VirtualFileKotlinClass::access$getPerfCounter$cp (4 bytes)
Event: 16.558 Thread 0x000001b8b907a150 nmethod 14179 0x000001b8a166ad10 code [0x000001b8a166aea0, 0x000001b8a166af98]
Event: 16.558 Thread 0x000001b8b907a150 14180       3       org.jetbrains.kotlin.load.kotlin.VirtualFileKotlinClass$Factory$$Lambda/0x0000000100edf788::<init> (20 bytes)
Event: 16.558 Thread 0x000001b8b907a150 nmethod 14180 0x000001b8a1ec8f10 code [0x000001b8a1ec90c0, 0x000001b8a1ec9340]
Event: 16.558 Thread 0x000001b8b907a150 14181       3       org.jetbrains.kotlin.load.kotlin.FileBasedKotlinClass::convertAnnotationVisitor (30 bytes)
Event: 16.559 Thread 0x000001b8b907a150 nmethod 14181 0x000001b8a1ec9410 code [0x000001b8a1ec9600, 0x000001b8a1ec99e8]
Event: 16.561 Thread 0x000001b8b907a150 14182       3       org.jetbrains.kotlin.protobuf.SmallSortedMap::get (43 bytes)
Event: 16.562 Thread 0x000001b8b907a150 nmethod 14182 0x000001b8a1ec9b90 code [0x000001b8a1ec9d80, 0x000001b8a1eca2c0]
Event: 16.562 Thread 0x000001b8b907a150 14183       3       org.jetbrains.kotlin.protobuf.SmallSortedMap::binarySearchInArray (133 bytes)
Event: 16.562 Thread 0x000001b8b907a150 nmethod 14183 0x000001b8a1eca490 code [0x000001b8a1eca6e0, 0x000001b8a1ecb070]

GC Heap History (20 events):
Event: 10.140 GC heap before
{Heap before GC invocations=32 (full 0):
 garbage-first heap   total 226304K, used 132979K [0x0000000080000000, 0x0000000100000000)
  region size 1024K, 21 young (21504K), 11 survivors (11264K)
 Metaspace       used 93839K, committed 95744K, reserved 1179648K
  class space    used 12897K, committed 13824K, reserved 1048576K
}
Event: 10.148 GC heap after
{Heap after GC invocations=33 (full 0):
 garbage-first heap   total 226304K, used 126453K [0x0000000080000000, 0x0000000100000000)
  region size 1024K, 2 young (2048K), 2 survivors (2048K)
 Metaspace       used 93839K, committed 95744K, reserved 1179648K
  class space    used 12897K, committed 13824K, reserved 1048576K
}
Event: 10.744 GC heap before
{Heap before GC invocations=34 (full 0):
 garbage-first heap   total 235520K, used 213493K [0x0000000080000000, 0x0000000100000000)
  region size 1024K, 72 young (73728K), 2 survivors (2048K)
 Metaspace       used 100424K, committed 102400K, reserved 1179648K
  class space    used 13496K, committed 14464K, reserved 1048576K
}
Event: 10.750 GC heap after
{Heap after GC invocations=35 (full 0):
 garbage-first heap   total 235520K, used 148480K [0x0000000080000000, 0x0000000100000000)
  region size 1024K, 9 young (9216K), 9 survivors (9216K)
 Metaspace       used 100424K, committed 102400K, reserved 1179648K
  class space    used 13496K, committed 14464K, reserved 1048576K
}
Event: 11.305 GC heap before
{Heap before GC invocations=35 (full 0):
 garbage-first heap   total 235520K, used 212992K [0x0000000080000000, 0x0000000100000000)
  region size 1024K, 72 young (73728K), 9 survivors (9216K)
 Metaspace       used 108895K, committed 111232K, reserved 1179648K
  class space    used 14576K, committed 15744K, reserved 1048576K
}
Event: 11.314 GC heap after
{Heap after GC invocations=36 (full 0):
 garbage-first heap   total 235520K, used 150210K [0x0000000080000000, 0x0000000100000000)
  region size 1024K, 4 young (4096K), 4 survivors (4096K)
 Metaspace       used 108895K, committed 111232K, reserved 1179648K
  class space    used 14576K, committed 15744K, reserved 1048576K
}
Event: 11.536 GC heap before
{Heap before GC invocations=36 (full 0):
 garbage-first heap   total 235520K, used 173762K [0x0000000080000000, 0x0000000100000000)
  region size 1024K, 28 young (28672K), 4 survivors (4096K)
 Metaspace       used 111972K, committed 114240K, reserved 1179648K
  class space    used 14978K, committed 16128K, reserved 1048576K
}
Event: 11.541 GC heap after
{Heap after GC invocations=37 (full 0):
 garbage-first heap   total 235520K, used 152192K [0x0000000080000000, 0x0000000100000000)
  region size 1024K, 6 young (6144K), 6 survivors (6144K)
 Metaspace       used 111972K, committed 114240K, reserved 1179648K
  class space    used 14978K, committed 16128K, reserved 1048576K
}
Event: 11.980 GC heap before
{Heap before GC invocations=38 (full 0):
 garbage-first heap   total 256000K, used 216704K [0x0000000080000000, 0x0000000100000000)
  region size 1024K, 68 young (69632K), 6 survivors (6144K)
 Metaspace       used 114972K, committed 117248K, reserved 1179648K
  class space    used 15302K, committed 16448K, reserved 1048576K
}
Event: 11.986 GC heap after
{Heap after GC invocations=39 (full 0):
 garbage-first heap   total 256000K, used 155731K [0x0000000080000000, 0x0000000100000000)
  region size 1024K, 6 young (6144K), 6 survivors (6144K)
 Metaspace       used 114972K, committed 117248K, reserved 1179648K
  class space    used 15302K, committed 16448K, reserved 1048576K
}
Event: 12.682 GC heap before
{Heap before GC invocations=39 (full 0):
 garbage-first heap   total 256000K, used 231507K [0x0000000080000000, 0x0000000100000000)
  region size 1024K, 81 young (82944K), 6 survivors (6144K)
 Metaspace       used 124992K, committed 127360K, reserved 1179648K
  class space    used 16426K, committed 17600K, reserved 1048576K
}
Event: 12.690 GC heap after
{Heap after GC invocations=40 (full 0):
 garbage-first heap   total 327680K, used 158679K [0x0000000080000000, 0x0000000100000000)
  region size 1024K, 11 young (11264K), 11 survivors (11264K)
 Metaspace       used 124992K, committed 127360K, reserved 1179648K
  class space    used 16426K, committed 17600K, reserved 1048576K
}
Event: 13.317 GC heap before
{Heap before GC invocations=40 (full 0):
 garbage-first heap   total 327680K, used 211927K [0x0000000080000000, 0x0000000100000000)
  region size 1024K, 64 young (65536K), 11 survivors (11264K)
 Metaspace       used 133881K, committed 136192K, reserved 1179648K
  class space    used 17224K, committed 18368K, reserved 1048576K
}
Event: 13.344 GC heap after
{Heap after GC invocations=41 (full 0):
 garbage-first heap   total 327680K, used 160368K [0x0000000080000000, 0x0000000100000000)
  region size 1024K, 7 young (7168K), 7 survivors (7168K)
 Metaspace       used 133881K, committed 136192K, reserved 1179648K
  class space    used 17224K, committed 18368K, reserved 1048576K
}
Event: 14.651 GC heap before
{Heap before GC invocations=42 (full 0):
 garbage-first heap   total 327680K, used 295536K [0x0000000080000000, 0x0000000100000000)
  region size 1024K, 128 young (131072K), 7 survivors (7168K)
 Metaspace       used 143535K, committed 145984K, reserved 1179648K
  class space    used 18450K, committed 19648K, reserved 1048576K
}
Event: 14.662 GC heap after
{Heap after GC invocations=43 (full 0):
 garbage-first heap   total 327680K, used 179024K [0x0000000080000000, 0x0000000100000000)
  region size 1024K, 16 young (16384K), 16 survivors (16384K)
 Metaspace       used 143535K, committed 145984K, reserved 1179648K
  class space    used 18450K, committed 19648K, reserved 1048576K
}
Event: 15.894 GC heap before
{Heap before GC invocations=43 (full 0):
 garbage-first heap   total 327680K, used 294736K [0x0000000080000000, 0x0000000100000000)
  region size 1024K, 129 young (132096K), 16 survivors (16384K)
 Metaspace       used 153172K, committed 155648K, reserved 1245184K
  class space    used 19686K, committed 20928K, reserved 1048576K
}
Event: 15.908 GC heap after
{Heap after GC invocations=44 (full 0):
 garbage-first heap   total 327680K, used 184250K [0x0000000080000000, 0x0000000100000000)
  region size 1024K, 6 young (6144K), 6 survivors (6144K)
 Metaspace       used 153172K, committed 155648K, reserved 1245184K
  class space    used 19686K, committed 20928K, reserved 1048576K
}
Event: 15.926 GC heap before
{Heap before GC invocations=44 (full 0):
 garbage-first heap   total 327680K, used 186298K [0x0000000080000000, 0x0000000100000000)
  region size 1024K, 9 young (9216K), 6 survivors (6144K)
 Metaspace       used 153347K, committed 155904K, reserved 1245184K
  class space    used 19715K, committed 20992K, reserved 1048576K
}
Event: 15.931 GC heap after
{Heap after GC invocations=45 (full 0):
 garbage-first heap   total 327680K, used 184185K [0x0000000080000000, 0x0000000100000000)
  region size 1024K, 6 young (6144K), 6 survivors (6144K)
 Metaspace       used 153347K, committed 155904K, reserved 1245184K
  class space    used 19715K, committed 20992K, reserved 1048576K
}

Dll operation events (3 events):
Event: 0.022 Loaded shared library D:\AndroiStudio\jbr\bin\java.dll
Event: 0.031 Loaded shared library D:\AndroiStudio\jbr\bin\zip.dll
Event: 0.687 Loaded shared library D:\AndroiStudio\jbr\bin\verify.dll

Deoptimization events (20 events):
Event: 16.412 Thread 0x000001b8baea10a0 Uncommon trap: trap_request=0xffffff45 fr.pc=0x000001b8a887af4c relative=0x0000000000001aec
Event: 16.412 Thread 0x000001b8baea10a0 Uncommon trap: reason=unstable_if action=reinterpret pc=0x000001b8a887af4c method=org.jetbrains.kotlin.metadata.ProtoBuf$ValueParameter.getSerializedSize()I @ 132 c2
Event: 16.412 Thread 0x000001b8baea10a0 DEOPT PACKING pc=0x000001b8a887af4c sp=0x0000003b5a0f4be0
Event: 16.412 Thread 0x000001b8baea10a0 DEOPT UNPACKING pc=0x000001b8a7dd7da2 sp=0x0000003b5a0f4a40 mode 2
Event: 16.469 Thread 0x000001b8baea10a0 Uncommon trap: trap_request=0xffffffde fr.pc=0x000001b8a8875d80 relative=0x0000000000000f00
Event: 16.469 Thread 0x000001b8baea10a0 Uncommon trap: reason=class_check action=maybe_recompile pc=0x000001b8a8875d80 method=org.jetbrains.org.objectweb.asm.ClassReader.readElementValue(Lorg/jetbrains/org/objectweb/asm/AnnotationVisitor;ILjava/lang/String;[C)I @ 536 c2
Event: 16.469 Thread 0x000001b8baea10a0 DEOPT PACKING pc=0x000001b8a8875d80 sp=0x0000003b5a0f4dc0
Event: 16.469 Thread 0x000001b8baea10a0 DEOPT UNPACKING pc=0x000001b8a7dd7da2 sp=0x0000003b5a0f4d30 mode 2
Event: 16.477 Thread 0x000001b8baea10a0 Uncommon trap: trap_request=0xffffff45 fr.pc=0x000001b8a88a2864 relative=0x0000000000000844
Event: 16.477 Thread 0x000001b8baea10a0 Uncommon trap: reason=unstable_if action=reinterpret pc=0x000001b8a88a2864 method=org.jetbrains.kotlin.metadata.ProtoBuf$Type.getSerializedSize()I @ 176 c2
Event: 16.477 Thread 0x000001b8baea10a0 DEOPT PACKING pc=0x000001b8a88a2864 sp=0x0000003b5a0f3980
Event: 16.477 Thread 0x000001b8baea10a0 DEOPT UNPACKING pc=0x000001b8a7dd7da2 sp=0x0000003b5a0f3920 mode 2
Event: 16.537 Thread 0x000001b8baea10a0 Uncommon trap: trap_request=0xffffff45 fr.pc=0x000001b8a8a0a18c relative=0x00000000000001ec
Event: 16.537 Thread 0x000001b8baea10a0 Uncommon trap: reason=unstable_if action=reinterpret pc=0x000001b8a8a0a18c method=org.jetbrains.kotlin.protobuf.SmallSortedMap.binarySearchInArray(Ljava/lang/Comparable;)I @ 54 c2
Event: 16.537 Thread 0x000001b8baea10a0 DEOPT PACKING pc=0x000001b8a8a0a18c sp=0x0000003b5a0f3ef0
Event: 16.537 Thread 0x000001b8baea10a0 DEOPT UNPACKING pc=0x000001b8a7dd7da2 sp=0x0000003b5a0f3e18 mode 2
Event: 16.537 Thread 0x000001b8baea10a0 Uncommon trap: trap_request=0xffffff45 fr.pc=0x000001b8a887784c relative=0x000000000000024c
Event: 16.537 Thread 0x000001b8baea10a0 Uncommon trap: reason=unstable_if action=reinterpret pc=0x000001b8a887784c method=org.jetbrains.kotlin.protobuf.SmallSortedMap.binarySearchInArray(Ljava/lang/Comparable;)I @ 54 c2
Event: 16.537 Thread 0x000001b8baea10a0 DEOPT PACKING pc=0x000001b8a887784c sp=0x0000003b5a0f3e70
Event: 16.537 Thread 0x000001b8baea10a0 DEOPT UNPACKING pc=0x000001b8a7dd7da2 sp=0x0000003b5a0f3e10 mode 2

Classes loaded (20 events):
Event: 15.478 Loading class javax/management/NotificationListener
Event: 15.478 Loading class javax/management/NotificationListener done
Event: 15.478 Loading class javax/management/NotificationFilter
Event: 15.478 Loading class javax/management/NotificationFilter done
Event: 15.478 Loading class javax/management/ListenerNotFoundException
Event: 15.479 Loading class javax/management/OperationsException
Event: 15.479 Loading class javax/management/JMException
Event: 15.479 Loading class javax/management/JMException done
Event: 15.479 Loading class javax/management/OperationsException done
Event: 15.479 Loading class javax/management/ListenerNotFoundException done
Event: 15.479 Loading class jdk/jfr/FlightRecorder
Event: 15.479 Loading class jdk/jfr/FlightRecorder done
Event: 15.479 Loading class jdk/management/jfr/FlightRecorderMXBeanImpl$MXBeanListener
Event: 15.479 Loading class jdk/jfr/FlightRecorderListener
Event: 15.479 Loading class jdk/jfr/FlightRecorderListener done
Event: 15.479 Loading class jdk/management/jfr/FlightRecorderMXBeanImpl$MXBeanListener done
Event: 15.501 Loading class com/sun/jmx/mbeanserver/StandardMBeanSupport
Event: 15.501 Loading class com/sun/jmx/mbeanserver/StandardMBeanSupport done
Event: 15.501 Loading class com/sun/jmx/mbeanserver/StandardMBeanIntrospector
Event: 15.501 Loading class com/sun/jmx/mbeanserver/StandardMBeanIntrospector done

Classes unloaded (0 events):
No events

Classes redefined (0 events):
No events

Internal exceptions (20 events):
Event: 15.296 Thread 0x000001b8baea10a0 Exception <a 'java/lang/NoSuchMethodError'{0x000000008ee1f868}: static Lorg/jetbrains/kotlin/gradle/plugin/internal/DefaultBasePluginConfigurationVariantFactory;.<clinit>()V> (0x000000008ee1f868) 
thrown [s\src\hotspot\share\prims\jni.cpp, line 1135]
Event: 15.297 Thread 0x000001b8baea10a0 Exception <a 'java/lang/NoSuchMethodError'{0x000000008ee3fab0}: static Lorg/jetbrains/kotlin/gradle/plugin/internal/DefaultAttributeConfigurationHelperVariantFactory;.<clinit>()V> (0x000000008ee3fab0) 
thrown [s\src\hotspot\share\prims\jni.cpp, line 1135]
Event: 15.371 Thread 0x000001b8baea10a0 Exception <a 'java/lang/IncompatibleClassChangeError'{0x000000008eba4a80}: Found class java.lang.Object, but interface was expected> (0x000000008eba4a80) 
thrown [s\src\hotspot\share\interpreter\linkResolver.cpp, line 851]
Event: 16.024 Thread 0x000001b8baea10a0 Exception <a 'java/lang/ClassNotFoundException'{0x00000000923b4b88}: org/jetbrains/kotlin/gradle/targets/js/npm/DefaultNpmDependencyExtensionBeanInfo> (0x00000000923b4b88) 
thrown [s\src\hotspot\share\classfile\systemDictionary.cpp, line 312]
Event: 16.024 Thread 0x000001b8baea10a0 Exception <a 'java/lang/ClassNotFoundException'{0x00000000923c3168}: org/jetbrains/kotlin/gradle/targets/js/npm/DefaultNpmDependencyExtensionCustomizer> (0x00000000923c3168) 
thrown [s\src\hotspot\share\classfile\systemDictionary.cpp, line 312]
Event: 16.032 Thread 0x000001b8baea10a0 Exception <a 'java/lang/ClassNotFoundException'{0x0000000092255088}: org/jetbrains/kotlin/gradle/targets/js/npm/NpmDependencyExtensionKt$defaultNpmDependencyDelegate$1BeanInfo> (0x0000000092255088) 
thrown [s\src\hotspot\share\classfile\systemDictionary.cpp, line 312]
Event: 16.033 Thread 0x000001b8baea10a0 Exception <a 'java/lang/ClassNotFoundException'{0x00000000922646b8}: org/jetbrains/kotlin/gradle/targets/js/npm/NpmDependencyExtensionDelegateBeanInfo> (0x00000000922646b8) 
thrown [s\src\hotspot\share\classfile\systemDictionary.cpp, line 312]
Event: 16.033 Thread 0x000001b8baea10a0 Exception <a 'java/lang/ClassNotFoundException'{0x0000000092272f78}: org/jetbrains/kotlin/gradle/targets/js/npm/NpmDependencyExtensionDelegateCustomizer> (0x0000000092272f78) 
thrown [s\src\hotspot\share\classfile\systemDictionary.cpp, line 312]
Event: 16.035 Thread 0x000001b8baea10a0 Exception <a 'java/lang/ClassNotFoundException'{0x00000000922a4638}: org/jetbrains/kotlin/gradle/targets/js/npm/NpmDependencyExtensionKt$defaultNpmDependencyDelegate$1Customizer> (0x00000000922a4638) 
thrown [s\src\hotspot\share\classfile\systemDictionary.cpp, line 312]
Event: 16.038 Thread 0x000001b8baea10a0 Exception <a 'java/lang/ClassNotFoundException'{0x00000000922e5248}: org/jetbrains/kotlin/gradle/targets/js/npm/DefaultDevNpmDependencyExtensionBeanInfo> (0x00000000922e5248) 
thrown [s\src\hotspot\share\classfile\systemDictionary.cpp, line 312]
Event: 16.039 Thread 0x000001b8baea10a0 Exception <a 'java/lang/ClassNotFoundException'{0x00000000922f3870}: org/jetbrains/kotlin/gradle/targets/js/npm/DefaultDevNpmDependencyExtensionCustomizer> (0x00000000922f3870) 
thrown [s\src\hotspot\share\classfile\systemDictionary.cpp, line 312]
Event: 16.043 Thread 0x000001b8baea10a0 Exception <a 'java/lang/ClassNotFoundException'{0x000000009213d230}: org/jetbrains/kotlin/gradle/targets/js/npm/DefaultPeerNpmDependencyExtensionBeanInfo> (0x000000009213d230) 
thrown [s\src\hotspot\share\classfile\systemDictionary.cpp, line 312]
Event: 16.044 Thread 0x000001b8baea10a0 Exception <a 'java/lang/ClassNotFoundException'{0x000000009214b8b0}: org/jetbrains/kotlin/gradle/targets/js/npm/DefaultPeerNpmDependencyExtensionCustomizer> (0x000000009214b8b0) 
thrown [s\src\hotspot\share\classfile\systemDictionary.cpp, line 312]
Event: 16.048 Thread 0x000001b8baea10a0 Exception <a 'java/lang/ClassNotFoundException'{0x000000009219dc80}: org/jetbrains/kotlin/gradle/targets/js/npm/DefaultPeerNpmDependencyExtension$delegate$1BeanInfo> (0x000000009219dc80) 
thrown [s\src\hotspot\share\classfile\systemDictionary.cpp, line 312]
Event: 16.048 Thread 0x000001b8baea10a0 Exception <a 'java/lang/ClassNotFoundException'{0x00000000921ac5a0}: org/jetbrains/kotlin/gradle/targets/js/npm/DefaultPeerNpmDependencyExtension$delegate$1Customizer> (0x00000000921ac5a0) 
thrown [s\src\hotspot\share\classfile\systemDictionary.cpp, line 312]
Event: 16.061 Thread 0x000001b8baea10a0 Exception <a 'java/lang/NoSuchMethodError'{0x0000000092061430}: static Lorg/jetbrains/kotlin/gradle/plugin/internal/DefaultIdeaSyncDetector$createIdeaPropertiesEvaluator$1;.<clinit>()V> (0x0000000092061430) 
thrown [s\src\hotspot\share\prims\jni.cpp, line 1135]
Event: 16.352 Thread 0x000001b8baea10a0 Exception <a 'sun/nio/fs/WindowsException'{0x000000008f428488}> (0x000000008f428488) 
thrown [s\src\hotspot\share\prims\jni.cpp, line 535]
Event: 16.352 Thread 0x000001b8baea10a0 Exception <a 'sun/nio/fs/WindowsException'{0x000000008f42a1c8}> (0x000000008f42a1c8) 
thrown [s\src\hotspot\share\prims\jni.cpp, line 535]
Event: 16.384 Thread 0x000001b8baea10a0 Implicit null exception at 0x000001b8a85c2de7 to 0x000001b8a85c2fb4
Event: 16.534 Thread 0x000001b8baea10a0 Exception <a 'java/lang/NoSuchMethodError'{0x000000008d120220}: 'java.lang.Object java.lang.invoke.DirectMethodHandle$Holder.invokeStatic(java.lang.Object, java.lang.Object, java.lang.Object, java.lang.Object, java.lang.Object, int, java.lang.Object)'> (0x000000008d120220) 
thrown [s\src\hotspot\share\interpreter\linkResolver.cpp, line 784]

ZGC Phase Switch (0 events):
No events

VM Operations (20 events):
Event: 15.224 Executing VM operation: HandshakeAllThreads (Deoptimize)
Event: 15.224 Executing VM operation: HandshakeAllThreads (Deoptimize) done
Event: 15.337 Executing VM operation: ICBufferFull
Event: 15.337 Executing VM operation: ICBufferFull done
Event: 15.535 Executing VM operation: HandshakeAllThreads (Deoptimize)
Event: 15.535 Executing VM operation: HandshakeAllThreads (Deoptimize) done
Event: 15.652 Executing VM operation: HandshakeAllThreads (Deoptimize)
Event: 15.652 Executing VM operation: HandshakeAllThreads (Deoptimize) done
Event: 15.894 Executing VM operation: G1CollectForAllocation (G1 Evacuation Pause)
Event: 15.908 Executing VM operation: G1CollectForAllocation (G1 Evacuation Pause) done
Event: 15.926 Executing VM operation: G1TryInitiateConcMark (G1 Humongous Allocation)
Event: 15.931 Executing VM operation: G1TryInitiateConcMark (G1 Humongous Allocation) done
Event: 16.010 Executing VM operation: G1PauseRemark
Event: 16.016 Executing VM operation: G1PauseRemark done
Event: 16.065 Executing VM operation: G1PauseCleanup
Event: 16.066 Executing VM operation: G1PauseCleanup done
Event: 16.494 Executing VM operation: ICBufferFull
Event: 16.494 Executing VM operation: ICBufferFull done
Event: 16.544 Executing VM operation: HandshakeAllThreads (Deoptimize)
Event: 16.544 Executing VM operation: HandshakeAllThreads (Deoptimize) done

Memory protections (0 events):
No events

Nmethod flushes (20 events):
Event: 16.015 Thread 0x000001b8b4e0e720 flushing  nmethod 0x000001b8a0dcb810
Event: 16.015 Thread 0x000001b8b4e0e720 flushing  nmethod 0x000001b8a0e64c90
Event: 16.015 Thread 0x000001b8b4e0e720 flushing  nmethod 0x000001b8a0f95290
Event: 16.015 Thread 0x000001b8b4e0e720 flushing  nmethod 0x000001b8a10d1a10
Event: 16.015 Thread 0x000001b8b4e0e720 flushing  nmethod 0x000001b8a1140b90
Event: 16.015 Thread 0x000001b8b4e0e720 flushing  nmethod 0x000001b8a11e2090
Event: 16.015 Thread 0x000001b8b4e0e720 flushing  nmethod 0x000001b8a1695b10
Event: 16.015 Thread 0x000001b8b4e0e720 flushing  nmethod 0x000001b8a1710190
Event: 16.015 Thread 0x000001b8b4e0e720 flushing  nmethod 0x000001b8a1717410
Event: 16.015 Thread 0x000001b8b4e0e720 flushing  nmethod 0x000001b8a1718210
Event: 16.015 Thread 0x000001b8b4e0e720 flushing  nmethod 0x000001b8a1768590
Event: 16.015 Thread 0x000001b8b4e0e720 flushing  nmethod 0x000001b8a17a0990
Event: 16.015 Thread 0x000001b8b4e0e720 flushing  nmethod 0x000001b8a17a1090
Event: 16.015 Thread 0x000001b8b4e0e720 flushing  nmethod 0x000001b8a17a2a10
Event: 16.015 Thread 0x000001b8b4e0e720 flushing  nmethod 0x000001b8a17a4690
Event: 16.015 Thread 0x000001b8b4e0e720 flushing  nmethod 0x000001b8a17abe10
Event: 16.015 Thread 0x000001b8b4e0e720 flushing  nmethod 0x000001b8a17b0f10
Event: 16.015 Thread 0x000001b8b4e0e720 flushing  nmethod 0x000001b8a17b5b90
Event: 16.015 Thread 0x000001b8b4e0e720 flushing  nmethod 0x000001b8a17b8790
Event: 16.015 Thread 0x000001b8b4e0e720 flushing  nmethod 0x000001b8a1803c90

Events (20 events):
Event: 9.362 Thread 0x000001b8b90796c0 Thread added: 0x000001b8c11ea170
Event: 9.534 Thread 0x000001b8c11ea170 Thread added: 0x000001b8c11ea810
Event: 9.998 Thread 0x000001b8c11ea810 Thread exited: 0x000001b8c11ea810
Event: 10.050 Thread 0x000001b8c11ea170 Thread exited: 0x000001b8c11ea170
Event: 10.243 Thread 0x000001b8b907a150 Thread added: 0x000001b8bc4c2530
Event: 11.272 Thread 0x000001b8bc4c2530 Thread exited: 0x000001b8bc4c2530
Event: 11.500 Thread 0x000001b8b907a150 Thread added: 0x000001b8bc3f6690
Event: 12.516 Thread 0x000001b8bc3f6690 Thread exited: 0x000001b8bc3f6690
Event: 13.283 Thread 0x000001b8b90796c0 Thread added: 0x000001b8c1504fe0
Event: 13.437 Thread 0x000001b8baea10a0 Thread added: 0x000001b8c1632740
Event: 13.452 Thread 0x000001b8baea10a0 Thread added: 0x000001b8c1634810
Event: 13.466 Thread 0x000001b8baea10a0 Thread added: 0x000001b8c0d21850
Event: 13.467 Thread 0x000001b8baea10a0 Thread added: 0x000001b8c0d1d6b0
Event: 13.467 Thread 0x000001b8baea10a0 Thread added: 0x000001b8c0d1c990
Event: 13.467 Thread 0x000001b8baea10a0 Thread added: 0x000001b8c0d21ee0
Event: 13.468 Thread 0x000001b8baea10a0 Thread added: 0x000001b8c0d1af50
Event: 13.468 Thread 0x000001b8baea10a0 Thread added: 0x000001b8c0d1dd40
Event: 13.468 Thread 0x000001b8baea10a0 Thread added: 0x000001b8c0d1f780
Event: 14.427 Thread 0x000001b8baea10a0 Thread added: 0x000001b8c126aa30
Event: 15.538 Thread 0x000001b8baea10a0 Thread added: 0x000001b8c126cb00


Dynamic libraries:
0x00007ff748010000 - 0x00007ff74801a000 	D:\AndroiStudio\jbr\bin\java.exe
0x00007ff92b810000 - 0x00007ff92ba27000 	C:\WINDOWS\SYSTEM32\ntdll.dll
0x00007ff92a540000 - 0x00007ff92a604000 	C:\WINDOWS\System32\KERNEL32.DLL
0x00007ff928900000 - 0x00007ff928cd3000 	C:\WINDOWS\System32\KERNELBASE.dll
0x00007ff9291e0000 - 0x00007ff9292f1000 	C:\WINDOWS\System32\ucrtbase.dll
0x00007ff923d50000 - 0x00007ff923d6b000 	D:\AndroiStudio\jbr\bin\VCRUNTIME140.dll
0x00007ff8fbfb0000 - 0x00007ff8fbfc8000 	D:\AndroiStudio\jbr\bin\jli.dll
0x00007ff92a2f0000 - 0x00007ff92a4a1000 	C:\WINDOWS\System32\USER32.dll
0x00007ff929130000 - 0x00007ff929156000 	C:\WINDOWS\System32\win32u.dll
0x00007ff92a840000 - 0x00007ff92a869000 	C:\WINDOWS\System32\GDI32.dll
0x00007ff928e20000 - 0x00007ff928f42000 	C:\WINDOWS\System32\gdi32full.dll
0x00007ff918fc0000 - 0x00007ff91925b000 	C:\WINDOWS\WinSxS\amd64_microsoft.windows.common-controls_6595b64144ccf1df_6.0.22621.5262_none_2712bde373830908\COMCTL32.dll
0x00007ff928fd0000 - 0x00007ff92906a000 	C:\WINDOWS\System32\msvcp_win.dll
0x00007ff92a240000 - 0x00007ff92a2e7000 	C:\WINDOWS\System32\msvcrt.dll
0x00007ff92a4b0000 - 0x00007ff92a4e1000 	C:\WINDOWS\System32\IMM32.DLL
0x00007ff924aa0000 - 0x00007ff924aac000 	D:\AndroiStudio\jbr\bin\vcruntime140_1.dll
0x00007ff8e3a90000 - 0x00007ff8e3b1d000 	D:\AndroiStudio\jbr\bin\msvcp140.dll
0x00007ff8b7fa0000 - 0x00007ff8b8c2a000 	D:\AndroiStudio\jbr\bin\server\jvm.dll
0x00007ff92a180000 - 0x00007ff92a231000 	C:\WINDOWS\System32\ADVAPI32.dll
0x00007ff92a870000 - 0x00007ff92a917000 	C:\WINDOWS\System32\sechost.dll
0x00007ff929300000 - 0x00007ff929328000 	C:\WINDOWS\System32\bcrypt.dll
0x00007ff92a610000 - 0x00007ff92a724000 	C:\WINDOWS\System32\RPCRT4.dll
0x00007ff92a920000 - 0x00007ff92a991000 	C:\WINDOWS\System32\WS2_32.dll
0x00007ff928720000 - 0x00007ff92876d000 	C:\WINDOWS\SYSTEM32\POWRPROF.dll
0x00007ff924180000 - 0x00007ff9241b4000 	C:\WINDOWS\SYSTEM32\WINMM.dll
0x00007ff91e2e0000 - 0x00007ff91e2ea000 	C:\WINDOWS\SYSTEM32\VERSION.dll
0x00007ff928600000 - 0x00007ff928613000 	C:\WINDOWS\SYSTEM32\UMPDC.dll
0x00007ff927940000 - 0x00007ff927958000 	C:\WINDOWS\SYSTEM32\kernel.appcore.dll
0x00007ff924270000 - 0x00007ff92427a000 	D:\AndroiStudio\jbr\bin\jimage.dll
0x00007ff9258e0000 - 0x00007ff925b12000 	C:\WINDOWS\SYSTEM32\DBGHELP.DLL
0x00007ff929b60000 - 0x00007ff929ef3000 	C:\WINDOWS\System32\combase.dll
0x00007ff92b530000 - 0x00007ff92b607000 	C:\WINDOWS\System32\OLEAUT32.dll
0x00007ff90ab60000 - 0x00007ff90ab92000 	C:\WINDOWS\SYSTEM32\dbgcore.DLL
0x00007ff929160000 - 0x00007ff9291db000 	C:\WINDOWS\System32\bcryptPrimitives.dll
0x00007ff921ce0000 - 0x00007ff921cee000 	D:\AndroiStudio\jbr\bin\instrument.dll
0x00007ff91adc0000 - 0x00007ff91ade0000 	D:\AndroiStudio\jbr\bin\java.dll
0x00007ff91a810000 - 0x00007ff91a828000 	D:\AndroiStudio\jbr\bin\zip.dll
0x00007ff92ac90000 - 0x00007ff92b52d000 	C:\WINDOWS\System32\SHELL32.dll
0x00007ff928ce0000 - 0x00007ff928e1f000 	C:\WINDOWS\System32\wintypes.dll
0x00007ff926840000 - 0x00007ff92715d000 	C:\WINDOWS\SYSTEM32\windows.storage.dll
0x00007ff92a730000 - 0x00007ff92a83b000 	C:\WINDOWS\System32\SHCORE.dll
0x00007ff92ac20000 - 0x00007ff92ac86000 	C:\WINDOWS\System32\shlwapi.dll
0x00007ff928830000 - 0x00007ff92885b000 	C:\WINDOWS\SYSTEM32\profapi.dll
0x00007ff921cd0000 - 0x00007ff921ce0000 	D:\AndroiStudio\jbr\bin\net.dll
0x00007ff925540000 - 0x00007ff92566c000 	C:\WINDOWS\SYSTEM32\WINHTTP.dll
0x00007ff927dc0000 - 0x00007ff927e2a000 	C:\WINDOWS\system32\mswsock.dll
0x00007ff90ec80000 - 0x00007ff90ec96000 	D:\AndroiStudio\jbr\bin\nio.dll
0x00007ff924ea0000 - 0x00007ff924eb0000 	D:\AndroiStudio\jbr\bin\verify.dll
0x00007ff8ff400000 - 0x00007ff8ff427000 	C:\Users\Admin\.gradle\native\c067742578af261105cb4f569cf0c3c89f3d7b1fecec35dd04571415982c5e48\windows-amd64\native-platform.dll
0x00007ff8e1aa0000 - 0x00007ff8e1be4000 	C:\Users\Admin\.gradle\native\100fb08df4bc3b14c8652ba06237920a3bd2aa13389f12d3474272988ae205f9\windows-amd64\native-platform-file-events.dll
0x00007ff91af80000 - 0x00007ff91af89000 	D:\AndroiStudio\jbr\bin\management.dll
0x00007ff91acd0000 - 0x00007ff91acdb000 	D:\AndroiStudio\jbr\bin\management_ext.dll
0x00007ff92aa40000 - 0x00007ff92aa48000 	C:\WINDOWS\System32\PSAPI.DLL
0x00007ff928010000 - 0x00007ff92802b000 	C:\WINDOWS\SYSTEM32\CRYPTSP.dll
0x00007ff9278a0000 - 0x00007ff9278d7000 	C:\WINDOWS\system32\rsaenh.dll
0x00007ff927eb0000 - 0x00007ff927ed8000 	C:\WINDOWS\SYSTEM32\USERENV.dll
0x00007ff928030000 - 0x00007ff92803c000 	C:\WINDOWS\SYSTEM32\CRYPTBASE.dll
0x00007ff9273c0000 - 0x00007ff9273ed000 	C:\WINDOWS\SYSTEM32\IPHLPAPI.DLL
0x00007ff92aa30000 - 0x00007ff92aa39000 	C:\WINDOWS\System32\NSI.dll
0x00007ff91da90000 - 0x00007ff91da99000 	D:\AndroiStudio\jbr\bin\extnet.dll
0x00007ff8f2ac0000 - 0x00007ff8f2ac8000 	C:\WINDOWS\system32\wshunix.dll

dbghelp: loaded successfully - version: 4.0.5 - missing functions: none
symbol engine: initialized successfully - sym options: 0x614 - pdb path: .;D:\AndroiStudio\jbr\bin;C:\WINDOWS\SYSTEM32;C:\WINDOWS\WinSxS\amd64_microsoft.windows.common-controls_6595b64144ccf1df_6.0.22621.5262_none_2712bde373830908;D:\AndroiStudio\jbr\bin\server;C:\Users\Admin\.gradle\native\c067742578af261105cb4f569cf0c3c89f3d7b1fecec35dd04571415982c5e48\windows-amd64;C:\Users\Admin\.gradle\native\100fb08df4bc3b14c8652ba06237920a3bd2aa13389f12d3474272988ae205f9\windows-amd64

VM Arguments:
jvm_args: --add-opens=java.base/java.lang=ALL-UNNAMED --add-opens=java.base/java.lang.invoke=ALL-UNNAMED --add-opens=java.base/java.util=ALL-UNNAMED --add-opens=java.prefs/java.util.prefs=ALL-UNNAMED --add-exports=jdk.compiler/com.sun.tools.javac.api=ALL-UNNAMED --add-exports=jdk.compiler/com.sun.tools.javac.util=ALL-UNNAMED --add-opens=java.base/java.util=ALL-UNNAMED --add-opens=java.prefs/java.util.prefs=ALL-UNNAMED --add-opens=java.base/java.nio.charset=ALL-UNNAMED --add-opens=java.base/java.net=ALL-UNNAMED --add-opens=java.base/java.util.concurrent.atomic=ALL-UNNAMED --add-opens=java.xml/javax.xml.namespace=ALL-UNNAMED -Xmx2048m -Dfile.encoding=UTF-8 -Duser.country=VN -Duser.language=vi -Duser.variant -javaagent:C:\Users\Admin\.gradle\wrapper\dists\gradle-8.11.1-bin\bpt9gzteqjrbo1mjrsomdt32c\gradle-8.11.1\lib\agents\gradle-instrumentation-agent-8.11.1.jar 
java_command: org.gradle.launcher.daemon.bootstrap.GradleDaemon 8.11.1
java_class_path (initial): C:\Users\Admin\.gradle\wrapper\dists\gradle-8.11.1-bin\bpt9gzteqjrbo1mjrsomdt32c\gradle-8.11.1\lib\gradle-daemon-main-8.11.1.jar
Launcher Type: SUN_STANDARD

[Global flags]
     intx CICompilerCount                          = 4                                         {product} {ergonomic}
     uint ConcGCThreads                            = 2                                         {product} {ergonomic}
     uint G1ConcRefinementThreads                  = 8                                         {product} {ergonomic}
   size_t G1HeapRegionSize                         = 1048576                                   {product} {ergonomic}
    uintx GCDrainStackTargetSize                   = 64                                        {product} {ergonomic}
   size_t InitialHeapSize                          = 130023424                                 {product} {ergonomic}
   size_t MarkStackSize                            = 4194304                                   {product} {ergonomic}
   size_t MaxHeapSize                              = 2147483648                                {product} {command line}
   size_t MaxNewSize                               = 1287651328                                {product} {ergonomic}
   size_t MinHeapDeltaBytes                        = 1048576                                   {product} {ergonomic}
   size_t MinHeapSize                              = 8388608                                   {product} {ergonomic}
    uintx NonNMethodCodeHeapSize                   = 5839372                                {pd product} {ergonomic}
    uintx NonProfiledCodeHeapSize                  = 122909434                              {pd product} {ergonomic}
    uintx ProfiledCodeHeapSize                     = 122909434                              {pd product} {ergonomic}
    uintx ReservedCodeCacheSize                    = 251658240                              {pd product} {ergonomic}
     bool SegmentedCodeCache                       = true                                      {product} {ergonomic}
   size_t SoftMaxHeapSize                          = 2147483648                             {manageable} {ergonomic}
     bool UseCompressedOops                        = true                           {product lp64_product} {ergonomic}
     bool UseG1GC                                  = true                                      {product} {ergonomic}
     bool UseLargePagesIndividualAllocation        = false                                  {pd product} {ergonomic}

Logging:
Log output configuration:
 #0: stdout all=warning uptime,level,tags foldmultilines=false
 #1: stderr all=off uptime,level,tags foldmultilines=false

Environment Variables:
JAVA_HOME=D:\jdk23
PATH=D:\python\Scripts\;D:\python\;C:\Program Files\Common Files\Oracle\Java\javapath;C:\Windows\system32;C:\Windows;C:\Windows\System32\Wbem;C:\Windows\System32\WindowsPowerShell\v1.0\;C:\Windows\System32\OpenSSH\;C:\Program Files\dotnet\;C:\Program Files\Microsoft SQL Server\Client SDK\ODBC\170\Tools\Binn\;C:\Program Files\Microsoft SQL Server\160\DTS\Binn\;C:\Program Files (x86)\Windows Kits\10\Windows Performance Toolkit\;C:\xampp\php;C:\ProgramData\ComposerSetup\bin;C:\WINDOWS\system32;C:\WINDOWS;C:\WINDOWS\System32\Wbem;C:\WINDOWS\System32\WindowsPowerShell\v1.0\;C:\WINDOWS\System32\OpenSSH\;C:\Program Files\Microsoft SQL Server\130\DTS\Binn\;C:\Program Files\Microsoft SQL Server\140\DTS\Binn\;C:\Program Files\Microsoft SQL Server\150\DTS\Binn\;C:\Program Files\Git\cmd;D:\NoteJS\;C:\Users\Admin\miniconda3;C:\Users\Admin\miniconda3\Library\mingw-w64\bin;C:\Users\Admin\miniconda3\Library\usr\bin;C:\Users\Admin\miniconda3\Library\bin;C:\Users\Admin\miniconda3\Scripts;C:\Users\Admin\AppData\Local\Microsoft\WindowsApps;C:\Users\Admin\.dotnet\tools;C:\Users\Admin\AppData\Local\Programs\Microsoft VS Code\bin;C:\MinGW\bin;D:\IntelliJ IDEA Community Edition 2024.3.1.1\bin;;C:\Program Files\JetBrains\PyCharm Community Edition 2023.2.5\bin;;C:\Program Files\Azure Data Studio\bin;C:\Users\Admin\AppData\Roaming\Composer\vendor\bin;C:\Program Files\JetBrains\IntelliJ IDEA 2024.3\bin;;C:\Users\Admin\AppData\Roaming\npm;C:\Users\Admin\AppData\Local\GitHubDesktop\bin
USERNAME=Admin
OS=Windows_NT
PROCESSOR_IDENTIFIER=Intel64 Family 6 Model 140 Stepping 1, GenuineIntel
TMP=C:\Users\Admin\AppData\Local\Temp
TEMP=C:\Users\Admin\AppData\Local\Temp




Periodic native trim disabled

JNI global refs:
JNI global refs: 31, weak refs: 20

JNI global refs memory usage: 835, weak refs: 833

Process memory usage:
Resident Set Size: 598468K (7% of 8104728K total physical memory with 533188K free physical memory)

OOME stack traces (most recent first):
Classloader memory used:
Loader org.gradle.internal.classloader.VisitableURLClassLoader                         : 97257K
Loader bootstrap                                                                       : 28568K
Loader org.gradle.internal.classloader.VisitableURLClassLoader$InstrumentingVisitableURLClassLoader: 14574K
Loader org.gradle.initialization.MixInLegacyTypesClassLoader                           : 11965K
Loader org.gradle.internal.classloader.VisitableURLClassLoader                         : 975K
Loader jdk.internal.loader.ClassLoaders$PlatformClassLoader                            : 526K
Loader jdk.internal.reflect.DelegatingClassLoader                                      : 359K
Loader jdk.internal.jrtfs.JrtFileSystemProvider$JrtFsLoader                            : 338K
Loader jdk.internal.loader.ClassLoaders$AppClassLoader                                 : 234K
Loader org.gradle.groovy.scripts.internal.DefaultScriptCompilationHandler$ScriptClassLoader: 89960B
Loader org.codehaus.groovy.runtime.callsite.CallSiteClassLoader                        : 49592B

Classes loaded by more than one classloader:
Class Program                                                                         : loaded 4 times (x 70B)
Class org.gradle.api.GradleException                                                  : loaded 3 times (x 78B)
Class com.google.common.collect.RegularImmutableMap$KeySet                            : loaded 2 times (x 146B)
Class kotlin.NotImplementedError                                                      : loaded 2 times (x 78B)
Class org.gradle.internal.classloader.FilteringClassLoader                            : loaded 2 times (x 101B)
Class [Lcom.google.common.base.AbstractIterator$State;                                : loaded 2 times (x 65B)
Class com.google.common.base.CharMatcher$IsEither                                     : loaded 2 times (x 107B)
Class jdk.internal.jimage.BasicImageReader                                            : loaded 2 times (x 91B)
Class org.gradle.internal.classloader.ClassLoaderHierarchy                            : loaded 2 times (x 66B)
Class com.google.common.collect.ImmutableEnumSet                                      : loaded 2 times (x 142B)
Class com.google.common.util.concurrent.ExecutionError                                : loaded 2 times (x 78B)
Class com.google.common.collect.ImmutableList$1                                       : loaded 2 times (x 93B)
Class org.gradle.api.internal.classpath.ManifestUtil                                  : loaded 2 times (x 67B)
Class com.google.common.collect.RegularImmutableMap                                   : loaded 2 times (x 117B)
Class com.google.common.collect.ImmutableMap$MapViewOfValuesAsSingletonSets           : loaded 2 times (x 121B)
Class org.jetbrains.plugins.gradle.model.GradleExtensions                             : loaded 2 times (x 66B)
Class org.jetbrains.plugins.gradle.model.AnnotationProcessingModel                    : loaded 2 times (x 66B)
Class [Lorg.objectweb.asm.Symbol;                                                     : loaded 2 times (x 65B)
Class org.objectweb.asm.ClassVisitor                                                  : loaded 2 times (x 84B)
Class com.google.common.collect.UnmodifiableListIterator                              : loaded 2 times (x 91B)
Class jdk.internal.jimage.decompressor.StringSharingDecompressorFactory               : loaded 2 times (x 70B)
Class org.gradle.internal.operations.MultipleBuildOperationFailures                   : loaded 2 times (x 91B)
Class org.objectweb.asm.MethodTooLargeException                                       : loaded 2 times (x 79B)
Class [Lcom.google.common.cache.CacheBuilder$OneWeigher;                              : loaded 2 times (x 65B)
Class com.google.common.base.Suppliers                                                : loaded 2 times (x 67B)
Class org.gradle.internal.classloader.DefaultClassLoaderFactory                       : loaded 2 times (x 78B)
Class com.google.common.base.CharMatcher$None                                         : loaded 2 times (x 108B)
Class kotlin.collections.AbstractList$Companion                                       : loaded 2 times (x 67B)
Class org.gradle.internal.classloader.ClassLoaderVisitor                              : loaded 2 times (x 72B)
Class [Lcom.google.common.collect.ImmutableMapEntry;                                  : loaded 2 times (x 65B)
Class org.gradle.api.internal.classpath.EffectiveClassPath                            : loaded 2 times (x 86B)
Class com.google.common.collect.ImmutableEnumMap                                      : loaded 2 times (x 121B)
Class com.google.common.collect.ListMultimap                                          : loaded 2 times (x 66B)
Class org.gradle.tooling.internal.gradle.DefaultProjectIdentifier                     : loaded 2 times (x 82B)
Class com.google.common.collect.Sets$1                                                : loaded 2 times (x 135B)
Class org.objectweb.asm.AnnotationVisitor                                             : loaded 2 times (x 74B)
Class com.google.common.base.Splitter                                                 : loaded 2 times (x 68B)
Class org.gradle.api.internal.DefaultClassPathProvider                                : loaded 2 times (x 72B)
Class com.google.common.collect.Sets$2                                                : loaded 2 times (x 135B)
Class [Lorg.gradle.api.internal.ClassPathProvider;                                    : loaded 2 times (x 65B)
Class org.gradle.api.internal.ClassPathProvider                                       : loaded 2 times (x 66B)
Class [Lorg.objectweb.asm.AnnotationVisitor;                                          : loaded 2 times (x 65B)
Class com.google.common.collect.Sets$3                                                : loaded 2 times (x 135B)
Class com.google.common.util.concurrent.AbstractFuture$SafeAtomicHelper               : loaded 2 times (x 75B)
Class com.google.common.cache.LocalCache$LocalLoadingCache                            : loaded 2 times (x 130B)
Class com.google.common.base.AbstractIterator$State                                   : loaded 2 times (x 75B)
Class jdk.internal.jrtfs.SystemImage                                                  : loaded 2 times (x 70B)
Class org.gradle.internal.service.UnknownServiceException                             : loaded 2 times (x 79B)
Class com.google.common.collect.Sets$4                                                : loaded 2 times (x 135B)
Class org.objectweb.asm.ModuleVisitor                                                 : loaded 2 times (x 77B)
Class com.google.common.cache.LocalCache$Strength$1                                   : loaded 2 times (x 77B)
Class org.jetbrains.kotlin.idea.gradleTooling.KotlinDslScriptAdditionalTask           : loaded 2 times (x 66B)
Class com.google.common.util.concurrent.SettableFuture                                : loaded 2 times (x 110B)
Class com.google.common.cache.LocalCache$Strength$2                                   : loaded 2 times (x 77B)
Class com.google.common.cache.LocalCache$Strength$3                                   : loaded 2 times (x 77B)
Class com.google.common.collect.MapDifference                                         : loaded 2 times (x 66B)
Class com.google.common.base.Splitter$1                                               : loaded 2 times (x 73B)
Class org.objectweb.asm.FieldWriter                                                   : loaded 2 times (x 74B)
Class com.google.common.cache.CacheBuilder$NullListener                               : loaded 2 times (x 78B)
Class org.gradle.internal.classpath.TransformedClassPath                              : loaded 2 times (x 92B)
Class org.gradle.internal.classloader.InstrumentingClassLoader                        : loaded 2 times (x 66B)
Class com.google.common.cache.CacheLoader$FunctionToCacheLoader                       : loaded 2 times (x 71B)
Class com.google.common.collect.Iterators$ArrayItr                                    : loaded 2 times (x 93B)
Class com.google.common.collect.ImmutableCollection$Builder                           : loaded 2 times (x 72B)
Class jdk.internal.jrtfs.SystemImage$1                                                : loaded 2 times (x 74B)
Class kotlin.enums.EnumEntriesList                                                    : loaded 2 times (x 219B)
Class com.google.common.base.Joiner                                                   : loaded 2 times (x 75B)
Class com.google.common.base.MoreObjects                                              : loaded 2 times (x 67B)
Class jdk.internal.jrtfs.SystemImage$2                                                : loaded 2 times (x 72B)
Class [Lorg.objectweb.asm.Type;                                                       : loaded 2 times (x 65B)
Class com.google.common.base.Equivalence$Identity                                     : loaded 2 times (x 78B)
Class com.google.common.collect.UnmodifiableIterator                                  : loaded 2 times (x 76B)
Class org.jetbrains.plugins.gradle.model.IntelliJSettings                             : loaded 2 times (x 66B)
Class org.jetbrains.kotlin.idea.gradleTooling.KotlinSourceSetContainer                : loaded 2 times (x 66B)
Class org.gradle.internal.service.ServiceLocator                                      : loaded 2 times (x 66B)
Class com.google.common.base.Ascii                                                    : loaded 2 times (x 67B)
Class com.google.common.collect.SingletonImmutableBiMap                               : loaded 2 times (x 139B)
Class com.google.common.cache.LocalCache$1                                            : loaded 2 times (x 85B)
Class com.google.common.collect.AbstractMapEntry                                      : loaded 2 times (x 77B)
Class jdk.internal.jrtfs.JrtFileSystemProvider                                        : loaded 2 times (x 97B)
Class org.gradle.tooling.model.UnsupportedMethodException                             : loaded 2 times (x 78B)
Class com.google.common.cache.LocalCache$2                                            : loaded 2 times (x 138B)
Class com.google.common.collect.AbstractMultimap                                      : loaded 2 times (x 119B)
Class com.google.common.util.concurrent.AbstractFuture$UnsafeAtomicHelper$1           : loaded 2 times (x 72B)
Class com.google.common.collect.RegularImmutableAsList                                : loaded 2 times (x 212B)
Class com.google.common.util.concurrent.AbstractFuture$Trusted                        : loaded 2 times (x 66B)
Class com.google.common.collect.Iterators                                             : loaded 2 times (x 67B)
Class com.google.common.base.CharMatcher$RangesMatcher                                : loaded 2 times (x 108B)
Class com.google.common.util.concurrent.UncheckedExecutionException                   : loaded 2 times (x 78B)
Class com.google.common.collect.Lists$StringAsImmutableList                           : loaded 2 times (x 203B)
Class org.gradle.kotlin.dsl.VersionCatalogAccessorsKt                                 : loaded 2 times (x 67B)
Class jdk.internal.jimage.ImageLocation                                               : loaded 2 times (x 86B)
Class jdk.internal.jrtfs.JrtDirectoryStream$1                                         : loaded 2 times (x 79B)
Class com.google.common.base.CharMatcher$JavaLetterOrDigit                            : loaded 2 times (x 107B)
Class org.gradle.internal.InternalTransformer                                         : loaded 2 times (x 66B)
Class org.objectweb.asm.ClassWriter                                                   : loaded 2 times (x 102B)
Class com.google.common.cache.CacheLoader$UnsupportedLoadingOperationException        : loaded 2 times (x 78B)
Class com.google.common.base.CharMatcher$And                                          : loaded 2 times (x 108B)
Class jdk.internal.jimage.ImageBufferCache$1                                          : loaded 2 times (x 79B)
Class org.gradle.internal.time.DefaultTimer                                           : loaded 2 times (x 76B)
Class org.gradle.internal.classloader.ClasspathUtil$1                                 : loaded 2 times (x 72B)
Class org.objectweb.asm.FieldVisitor                                                  : loaded 2 times (x 73B)
Class com.google.common.collect.IndexedImmutableSet                                   : loaded 2 times (x 146B)
Class com.google.common.collect.ImmutableMap$1                                        : loaded 2 times (x 77B)
Class com.google.common.collect.BiMap                                                 : loaded 2 times (x 66B)
Class jdk.internal.jimage.ImageBufferCache$2                                          : loaded 2 times (x 87B)
Class org.gradle.api.internal.classpath.DefaultModuleRegistry$DefaultModule           : loaded 2 times (x 82B)
Class com.google.common.primitives.Ints                                               : loaded 2 times (x 67B)
Class com.google.common.collect.AbstractIterator                                      : loaded 2 times (x 78B)
Class com.google.common.math.MathPreconditions                                        : loaded 2 times (x 67B)
Class com.google.common.collect.Multiset                                              : loaded 2 times (x 66B)
Class com.google.common.collect.ArrayListMultimapGwtSerializationDependencies         : loaded 2 times (x 168B)
Class com.google.common.collect.ObjectArrays                                          : loaded 2 times (x 67B)
Class com.google.common.collect.AbstractIndexedListIterator                           : loaded 2 times (x 92B)
Class org.gradle.internal.time.DefaultCountdownTimer                                  : loaded 2 times (x 84B)
Class com.google.common.collect.ImmutableMapEntrySet                                  : loaded 2 times (x 147B)
Class org.gradle.tooling.internal.gradle.DefaultBuildIdentifier                       : loaded 2 times (x 75B)
Class kotlin.Function                                                                 : loaded 2 times (x 66B)
Class org.gradle.api.internal.classpath.Module                                        : loaded 2 times (x 66B)
Class com.google.common.cache.Weigher                                                 : loaded 2 times (x 66B)
Class org.gradle.api.internal.classpath.UnknownModuleException                        : loaded 2 times (x 78B)
Class com.google.common.base.Stopwatch                                                : loaded 2 times (x 68B)
Class com.google.common.cache.LocalCache$Strength                                     : loaded 2 times (x 77B)
Class com.google.common.cache.Cache                                                   : loaded 2 times (x 66B)
Class jdk.internal.jimage.ImageHeader                                                 : loaded 2 times (x 67B)
Class com.intellij.openapi.externalSystem.model.project.dependencies.ProjectDependencies: loaded 2 times (x 66B)
Class com.google.common.util.concurrent.AbstractFuture$Cancellation                   : loaded 2 times (x 68B)
Class com.google.common.collect.ImmutableMap$Builder                                  : loaded 2 times (x 78B)
Class com.google.common.base.NullnessCasts                                            : loaded 2 times (x 67B)
Class com.google.common.cache.RemovalListener                                         : loaded 2 times (x 66B)
Class org.gradle.tooling.internal.gradle.GradleProjectIdentity                        : loaded 2 times (x 66B)
Class org.gradle.api.internal.DefaultClassPathRegistry                                : loaded 2 times (x 72B)
Class com.google.common.primitives.IntsMethodsForWeb                                  : loaded 2 times (x 67B)
Class com.google.common.collect.Multimap                                              : loaded 2 times (x 66B)
Class org.gradle.api.internal.ClassPathRegistry                                       : loaded 2 times (x 66B)
Class org.gradle.internal.classpath.DefaultClassPath$ImmutableUniqueList              : loaded 2 times (x 195B)
Class jdk.internal.jimage.decompressor.ResourceDecompressor                           : loaded 2 times (x 66B)
Class com.google.common.cache.CacheBuilder                                            : loaded 2 times (x 68B)
Class com.google.common.collect.SingletonImmutableList                                : loaded 2 times (x 203B)
Class com.google.common.collect.Platform                                              : loaded 2 times (x 67B)
Class Settings_gradle$1                                                               : loaded 2 times (x 70B)
Class org.gradle.internal.classpath.ClassPath                                         : loaded 2 times (x 66B)
Class org.gradle.api.UncheckedIOException                                             : loaded 2 times (x 78B)
Class com.google.common.collect.ImmutableList$ReverseImmutableList                    : loaded 2 times (x 204B)
Class com.google.common.base.JdkPattern                                               : loaded 2 times (x 71B)
Class org.objectweb.asm.SymbolTable$Entry                                             : loaded 2 times (x 70B)
Class com.google.common.util.concurrent.AbstractFuture$AtomicHelper                   : loaded 2 times (x 74B)
Class org.jetbrains.kotlin.idea.gradleTooling.KotlinGradleModel                       : loaded 2 times (x 66B)
Class org.objectweb.asm.Edge                                                          : loaded 2 times (x 68B)
Class com.google.common.base.Suppliers$SupplierOfInstance                             : loaded 2 times (x 75B)
Class com.google.common.collect.Iterators$1                                           : loaded 2 times (x 77B)
Class jdk.internal.jimage.ImageStringsReader                                          : loaded 2 times (x 76B)
Class org.gradle.tooling.model.Model                                                  : loaded 2 times (x 66B)
Class com.google.common.cache.LocalCache$ComputingValueReference                      : loaded 2 times (x 92B)
Class com.google.common.collect.SingletonImmutableSet                                 : loaded 2 times (x 142B)
Class com.google.common.collect.ImmutableMap$IteratorBasedImmutableMap                : loaded 2 times (x 121B)
Class kotlin.UninitializedPropertyAccessException                                     : loaded 2 times (x 78B)
Class com.google.common.cache.LocalCache$Segment                                      : loaded 2 times (x 150B)
Class jdk.internal.jimage.ImageReader                                                 : loaded 2 times (x 71B)
Class org.jetbrains.plugins.gradle.model.IntelliJProjectSettings                      : loaded 2 times (x 66B)
Class [Lorg.objectweb.asm.SymbolTable$Entry;                                          : loaded 2 times (x 65B)
Class com.google.common.cache.CacheLoader                                             : loaded 2 times (x 70B)
Class com.google.common.collect.Iterators$4                                           : loaded 2 times (x 78B)
Class com.google.common.collect.ImmutableBiMap                                        : loaded 2 times (x 139B)
Class com.google.common.collect.AbstractListMultimap                                  : loaded 2 times (x 168B)
Class jdk.internal.jimage.ImageReader$SharedImageReader                               : loaded 2 times (x 91B)
Class org.gradle.internal.installation.GradleInstallation$1                           : loaded 2 times (x 71B)
Class org.gradle.api.internal.classpath.ModuleRegistry                                : loaded 2 times (x 66B)
Class com.google.common.util.concurrent.internal.InternalFutureFailureAccess          : loaded 2 times (x 68B)
Class com.google.common.collect.Iterators$5                                           : loaded 2 times (x 78B)
Class com.google.common.collect.ImmutableSet$JdkBackedSetBuilderImpl                  : loaded 2 times (x 72B)
Class com.google.common.base.Splitter$SplittingIterator                               : loaded 2 times (x 80B)
Class jdk.internal.jimage.decompressor.ResourceDecompressorFactory                    : loaded 2 times (x 70B)
Class org.jetbrains.plugins.gradle.model.VersionCatalogsModel                         : loaded 2 times (x 66B)
Class com.google.common.util.concurrent.AbstractFuture$UnsafeAtomicHelper             : loaded 2 times (x 74B)
Class com.google.common.cache.LocalCache$LocalManualCache$1                           : loaded 2 times (x 71B)
Class com.google.common.base.CharMatcher$ForPredicate                                 : loaded 2 times (x 108B)
Class com.google.common.collect.ImmutableCollection                                   : loaded 2 times (x 121B)
Class com.google.common.base.CharMatcher$AnyOf                                        : loaded 2 times (x 108B)
Class jdk.internal.jimage.ImageReader$Node                                            : loaded 2 times (x 80B)
Class org.gradle.api.internal.classpath.DefaultModuleRegistry                         : loaded 2 times (x 82B)
Class com.google.common.util.concurrent.ListenableFuture                              : loaded 2 times (x 66B)
Class com.google.common.cache.ReferenceEntry                                          : loaded 2 times (x 66B)
Class com.google.common.collect.ImmutableSet$CachingAsList                            : loaded 2 times (x 143B)
Class com.google.common.base.Converter                                                : loaded 2 times (x 86B)
Class com.google.common.collect.Lists                                                 : loaded 2 times (x 67B)
Class com.google.common.base.CharMatcher$Any                                          : loaded 2 times (x 108B)
Class jdk.internal.jimage.BasicImageReader$1                                          : loaded 2 times (x 73B)
Class com.google.common.util.concurrent.AbstractFuture                                : loaded 2 times (x 102B)
Class com.google.common.base.FunctionalEquivalence                                    : loaded 2 times (x 79B)
Class com.google.common.collect.Iterators$9                                           : loaded 2 times (x 77B)
Class com.google.common.collect.AbstractMapBasedMultimap                              : loaded 2 times (x 135B)
Class com.google.common.collect.ImmutableAsList                                       : loaded 2 times (x 205B)
Class org.objectweb.asm.RecordComponentVisitor                                        : loaded 2 times (x 73B)
Class com.google.common.cache.CacheLoader$SupplierToCacheLoader                       : loaded 2 times (x 71B)
Class com.google.common.collect.Maps$EntryTransformer                                 : loaded 2 times (x 66B)
Class jdk.internal.jimage.decompressor.Decompressor                                   : loaded 2 times (x 68B)
Class jdk.internal.jimage.ImageReader$Resource                                        : loaded 2 times (x 80B)
Class org.gradle.internal.time.MonotonicClock                                         : loaded 2 times (x 73B)
Class org.gradle.internal.service.ServiceLookupException                              : loaded 2 times (x 78B)
Class [Lcom.google.common.cache.LocalCache$EntryFactory;                              : loaded 2 times (x 65B)
Class com.google.common.base.CharMatcher$JavaLetter                                   : loaded 2 times (x 107B)
Class jdk.internal.jrtfs.JrtFileAttributes                                            : loaded 2 times (x 79B)
Class org.gradle.internal.classloader.ClassLoaderFactory                              : loaded 2 times (x 66B)
Class com.google.common.cache.LocalCache$LocalManualCache                             : loaded 2 times (x 95B)
Class com.google.common.base.CharMatcher$IsNot                                        : loaded 2 times (x 107B)
Class com.google.common.base.CommonPattern                                            : loaded 2 times (x 70B)
Class org.gradle.internal.service.CachingServiceLocator                               : loaded 2 times (x 78B)
Class com.google.common.math.IntMath                                                  : loaded 2 times (x 67B)
Class org.jetbrains.plugins.gradle.model.RepositoryModels                             : loaded 2 times (x 66B)
Class com.google.common.collect.Iterators$10                                          : loaded 2 times (x 77B)
Class com.google.common.collect.ImmutableMapEntry                                     : loaded 2 times (x 81B)
Class com.google.common.base.CharMatcher$JavaDigit                                    : loaded 2 times (x 107B)
Class org.gradle.internal.time.TimeSource                                             : loaded 2 times (x 66B)
Class com.google.common.base.Equivalence                                              : loaded 2 times (x 78B)
Class com.google.common.collect.ImmutableMapEntry$NonTerminalImmutableMapEntry        : loaded 2 times (x 81B)
Class com.google.common.base.Function                                                 : loaded 2 times (x 66B)
Class org.gradle.tooling.internal.gradle.GradleBuildIdentity                          : loaded 2 times (x 66B)
Class kotlin.enums.EnumEntries                                                        : loaded 2 times (x 66B)
Class com.google.common.cache.CacheBuilder$OneWeigher                                 : loaded 2 times (x 78B)
Class com.google.common.collect.RegularImmutableList                                  : loaded 2 times (x 208B)
Class org.gradle.internal.exceptions.ResolutionProvider                               : loaded 2 times (x 66B)
Class com.google.common.collect.ImmutableBiMapFauxverideShim                          : loaded 2 times (x 116B)
Class jdk.internal.jimage.ImageBufferCache                                            : loaded 2 times (x 67B)
Class jdk.internal.jrtfs.JrtPath                                                      : loaded 2 times (x 114B)
Class org.gradle.tooling.model.ProjectIdentifier                                      : loaded 2 times (x 66B)
Class org.gradle.internal.classloader.ClasspathUtil                                   : loaded 2 times (x 67B)
Class org.jetbrains.kotlin.tooling.core.HasExtras                                     : loaded 2 times (x 66B)
Class com.google.common.base.Charsets                                                 : loaded 2 times (x 67B)
Class com.google.common.util.concurrent.Uninterruptibles                              : loaded 2 times (x 67B)
Class com.google.common.collect.Maps                                                  : loaded 2 times (x 67B)
Class com.google.common.base.CharMatcher$JavaUpperCase                                : loaded 2 times (x 107B)
Class org.gradle.internal.time.TimeSource$1                                           : loaded 2 times (x 73B)
Class kotlin.jvm.internal.DefaultConstructorMarker                                    : loaded 2 times (x 67B)
Class org.gradle.api.specs.Spec                                                       : loaded 2 times (x 66B)
Class [Lcom.google.common.collect.ImmutableEntry;                                     : loaded 2 times (x 65B)
Class jdk.internal.jimage.ImageReader$SharedImageReader$LocationVisitor               : loaded 2 times (x 66B)
Class com.google.common.cache.LocalCache$LoadingValueReference                        : loaded 2 times (x 92B)
Class Build_gradle$1                                                                  : loaded 2 times (x 74B)
Class jdk.internal.jimage.decompressor.ResourceDecompressorRepository                 : loaded 2 times (x 67B)
Class org.gradle.internal.time.Clock                                                  : loaded 2 times (x 66B)
Class [Lorg.objectweb.asm.AnnotationWriter;                                           : loaded 2 times (x 65B)
Class com.google.common.primitives.Ints$IntConverter                                  : loaded 2 times (x 86B)
Class com.google.common.collect.Maps$8                                                : loaded 2 times (x 78B)
Class jdk.internal.jimage.ImageReader$Directory                                       : loaded 2 times (x 80B)
Class kotlin.collections.AbstractList                                                 : loaded 2 times (x 193B)
Class kotlin.collections.AbstractCollection                                           : loaded 2 times (x 113B)
Class org.jetbrains.kotlin.tooling.core.Extras                                        : loaded 2 times (x 66B)
Class com.google.common.collect.Sets$SetView                                          : loaded 2 times (x 134B)
Class com.google.common.cache.LocalCache$StrongValueReference                         : loaded 2 times (x 86B)
Class com.google.common.util.concurrent.AbstractFuture$SynchronizedHelper             : loaded 2 times (x 74B)
Class com.google.common.base.CharMatcher$Invisible                                    : loaded 2 times (x 108B)
Class org.objectweb.asm.Type                                                          : loaded 2 times (x 68B)
Class org.gradle.internal.classloader.VisitableURLClassLoader$InstrumentingVisitableURLClassLoader: loaded 2 times (x 119B)
Class org.objectweb.asm.ByteVector                                                    : loaded 2 times (x 75B)
Class [Lcom.google.common.cache.CacheBuilder$NullListener;                            : loaded 2 times (x 65B)
Class com.google.common.math.IntMath$1                                                : loaded 2 times (x 67B)
Class sync_studio_tooling10_2dq87b8grgkcagd4bifc8xx1c                                 : loaded 2 times (x 175B)
Class org.gradle.internal.classloader.VisitableURLClassLoader$Spec                    : loaded 2 times (x 70B)
Class org.gradle.internal.classpath.DefaultClassPath                                  : loaded 2 times (x 86B)
Class org.objectweb.asm.Symbol                                                        : loaded 2 times (x 69B)
Class com.google.common.base.AbstractIterator                                         : loaded 2 times (x 76B)
Class jdk.internal.jimage.decompressor.ZipDecompressorFactory                         : loaded 2 times (x 70B)
Class com.google.common.collect.ImmutableSet                                          : loaded 2 times (x 141B)
Class com.google.common.collect.RegularImmutableMap$Values                            : loaded 2 times (x 203B)
Class com.google.common.base.CharMatcher$BitSetMatcher                                : loaded 2 times (x 108B)
Class com.google.common.base.CharMatcher$Ascii                                        : loaded 2 times (x 108B)
Class org.gradle.internal.classloader.ClassLoaderSpec                                 : loaded 2 times (x 67B)
Class org.objectweb.asm.AnnotationWriter                                              : loaded 2 times (x 75B)
Class com.google.common.cache.CacheStats                                              : loaded 2 times (x 67B)
Class org.objectweb.asm.RecordComponentWriter                                         : loaded 2 times (x 74B)
Class com.google.common.util.concurrent.AbstractFuture$Listener                       : loaded 2 times (x 68B)
Class com.google.common.base.CharMatcher$Or                                           : loaded 2 times (x 108B)
Class Settings_gradle$1$1                                                             : loaded 2 times (x 70B)
Class kotlin.Unit                                                                     : loaded 2 times (x 67B)
Class org.objectweb.asm.Attribute                                                     : loaded 2 times (x 73B)
Class com.google.common.base.Supplier                                                 : loaded 2 times (x 66B)
Class org.gradle.internal.classloader.VisitableURLClassLoader                         : loaded 2 times (x 113B)
Class com.google.common.util.concurrent.AbstractFuture$Waiter                         : loaded 2 times (x 68B)
Class Settings_gradle                                                                 : loaded 2 times (x 124B)
Class org.gradle.internal.Cast                                                        : loaded 2 times (x 67B)
Class org.gradle.api.Action                                                           : loaded 2 times (x 66B)
Class com.google.common.collect.Sets                                                  : loaded 2 times (x 67B)
Class org.objectweb.asm.Handler                                                       : loaded 2 times (x 68B)
Class com.google.common.base.Ticker                                                   : loaded 2 times (x 68B)
Class com.google.common.base.CharMatcher$FastMatcher                                  : loaded 2 times (x 107B)
Class jdk.internal.jimage.decompressor.ZipDecompressor                                : loaded 2 times (x 71B)
Class kotlin.jvm.functions.Function1                                                  : loaded 2 times (x 66B)
Class [Lcom.google.common.cache.LocalCache$Segment;                                   : loaded 2 times (x 65B)
Class [Lcom.google.common.cache.LocalCache$Strength;                                  : loaded 2 times (x 65B)
Class com.google.common.cache.CacheBuilder$1                                          : loaded 2 times (x 81B)
Class com.google.common.collect.ImmutableMap                                          : loaded 2 times (x 116B)
Class com.google.common.base.Predicate                                                : loaded 2 times (x 66B)
Class org.gradle.internal.classpath.DefaultClassPath$ImmutableUniqueList$Builder      : loaded 2 times (x 71B)
Class com.google.common.cache.LocalCache                                              : loaded 2 times (x 183B)
Class com.google.common.cache.CacheBuilder$2                                          : loaded 2 times (x 68B)
Class com.google.common.base.CharMatcher$NegatedFastMatcher                           : loaded 2 times (x 109B)
Class [Lcom.google.common.collect.AbstractMapEntry;                                   : loaded 2 times (x 65B)
Class com.google.common.collect.ImmutableEntry                                        : loaded 2 times (x 78B)
Class com.google.common.collect.ArrayListMultimap                                     : loaded 2 times (x 168B)
Class com.google.common.base.AbstractIterator$1                                       : loaded 2 times (x 67B)
Class com.google.common.base.CharMatcher$Digit                                        : loaded 2 times (x 108B)
Class com.google.common.base.PairwiseEquivalence                                      : loaded 2 times (x 79B)
Class org.gradle.internal.exceptions.NonGradleCauseExceptionsHolder                   : loaded 2 times (x 66B)
Class com.google.common.collect.CollectPreconditions                                  : loaded 2 times (x 67B)
Class com.google.common.base.CharMatcher$JavaIsoControl                               : loaded 2 times (x 108B)
Class jdk.internal.jimage.ImageStrings                                                : loaded 2 times (x 66B)
Class com.google.common.collect.SortedMapDifference                                   : loaded 2 times (x 66B)
Class com.google.common.base.CharMatcher$JavaLowerCase                                : loaded 2 times (x 107B)
Class org.jetbrains.plugins.gradle.tooling.ModelBuilderService$Parameter              : loaded 2 times (x 66B)
Class com.google.common.cache.LocalCache$EntryFactory                                 : loaded 2 times (x 79B)
Class org.jetbrains.kotlin.tooling.core.HasMutableExtras                              : loaded 2 times (x 66B)
Class com.google.common.cache.LocalCache$AbstractReferenceEntry                       : loaded 2 times (x 103B)
Class com.google.common.base.Splitter$1$1                                             : loaded 2 times (x 82B)
Class com.google.common.base.CharMatcher$Whitespace                                   : loaded 2 times (x 108B)
Class kotlin.enums.EnumEntriesKt                                                      : loaded 2 times (x 67B)
Class org.gradle.internal.IoActions                                                   : loaded 2 times (x 67B)
Class org.objectweb.asm.SymbolTable                                                   : loaded 2 times (x 68B)
Class com.google.common.cache.CacheLoader$InvalidCacheLoadException                   : loaded 2 times (x 78B)
Class com.google.common.collect.ImmutableSet$RegularSetBuilderImpl                    : loaded 2 times (x 73B)
Class com.google.common.base.CharMatcher$SingleWidth                                  : loaded 2 times (x 108B)
Class org.gradle.internal.classloader.SystemClassLoaderSpec                           : loaded 2 times (x 67B)
Class com.google.common.cache.LocalCache$StrongEntry                                  : loaded 2 times (x 104B)
Class com.google.common.util.concurrent.AbstractFuture$TrustedFuture                  : loaded 2 times (x 110B)
Class com.google.common.cache.LoadingCache                                            : loaded 2 times (x 66B)
Class org.gradle.internal.exceptions.MultiCauseException                              : loaded 2 times (x 66B)
Class org.gradle.internal.time.CountdownTimer                                         : loaded 2 times (x 66B)
Class kotlin.jvm.internal.Intrinsics                                                  : loaded 2 times (x 67B)
Class org.objectweb.asm.MethodWriter                                                  : loaded 2 times (x 102B)
Class [Lcom.google.common.cache.Weigher;                                              : loaded 2 times (x 65B)
Class com.google.common.collect.RegularImmutableMap$BucketOverflowException           : loaded 2 times (x 78B)
Class jdk.internal.jrtfs.JrtFileSystem                                                : loaded 2 times (x 98B)
Class org.gradle.tooling.model.ProjectModel                                           : loaded 2 times (x 66B)
Class jdk.internal.jimage.decompressor.CompressedResourceHeader                       : loaded 2 times (x 67B)
Class kotlin.KotlinNullPointerException                                               : loaded 2 times (x 79B)
Class com.google.common.collect.RegularImmutableBiMap                                 : loaded 2 times (x 144B)
Class com.google.common.cache.LocalCache$ValueReference                               : loaded 2 times (x 66B)
Class com.google.common.base.CharMatcher$Negated                                      : loaded 2 times (x 109B)
Class com.google.common.base.CharMatcher$Is                                           : loaded 2 times (x 107B)
Class org.jetbrains.plugins.gradle.model.tests.ExternalTestsModel                     : loaded 2 times (x 66B)
Class ijInit1_cc45vyagw77osorhnet0yrg9q                                               : loaded 2 times (x 175B)
Class org.gradle.internal.exceptions.DefaultMultiCauseException                       : loaded 2 times (x 91B)
Class com.google.common.util.concurrent.AbstractFuture$Failure                        : loaded 2 times (x 68B)
Class com.google.common.base.Equivalence$Equals                                       : loaded 2 times (x 78B)
Class com.google.common.collect.Hashing                                               : loaded 2 times (x 67B)
Class com.google.common.base.Preconditions                                            : loaded 2 times (x 67B)
Class com.google.common.base.Joiner$1                                                 : loaded 2 times (x 76B)
Class org.objectweb.asm.Label                                                         : loaded 2 times (x 69B)
Class org.objectweb.asm.CurrentFrame                                                  : loaded 2 times (x 69B)
Class org.objectweb.asm.ClassTooLargeException                                        : loaded 2 times (x 79B)
Class com.google.common.collect.PeekingIterator                                       : loaded 2 times (x 66B)
Class com.google.common.base.CharMatcher                                              : loaded 2 times (x 107B)
Class org.gradle.internal.time.Time                                                   : loaded 2 times (x 67B)
Class com.google.common.base.Joiner$2                                                 : loaded 2 times (x 75B)
Class org.objectweb.asm.Frame                                                         : loaded 2 times (x 69B)
Class org.objectweb.asm.MethodVisitor                                                 : loaded 2 times (x 101B)
Class com.google.common.cache.LocalCache$EntryFactory$1                               : loaded 2 times (x 79B)
Class [Lcom.google.common.cache.RemovalListener;                                      : loaded 2 times (x 65B)
Class com.google.common.base.CharMatcher$1                                            : loaded 2 times (x 109B)
Class com.google.common.base.CharMatcher$NamedFastMatcher                             : loaded 2 times (x 108B)
Class com.google.common.cache.LocalCache$EntryFactory$2                               : loaded 2 times (x 79B)
Class org.jetbrains.plugins.gradle.model.DependencyAccessorsModel                     : loaded 2 times (x 66B)
Class org.gradle.api.internal.classpath.GlobalCacheRootsProvider                      : loaded 2 times (x 66B)
Class org.objectweb.asm.ModuleWriter                                                  : loaded 2 times (x 78B)
Class com.google.common.cache.LocalCache$EntryFactory$3                               : loaded 2 times (x 79B)
Class com.google.common.base.Ticker$1                                                 : loaded 2 times (x 68B)
Class com.google.common.collect.ImmutableMapEntrySet$RegularEntrySet                  : loaded 2 times (x 147B)
Class com.google.common.collect.Maps$BiMapConverter                                   : loaded 2 times (x 86B)
Class org.jetbrains.kotlin.idea.gradleTooling.KotlinMPPGradleModel                    : loaded 2 times (x 66B)
Class org.gradle.tooling.model.BuildIdentifier                                        : loaded 2 times (x 66B)
Class com.google.common.cache.LocalCache$EntryFactory$4                               : loaded 2 times (x 79B)
Class com.google.common.collect.ImmutableSet$Builder                                  : loaded 2 times (x 81B)
Class com.google.common.base.CharMatcher$InRange                                      : loaded 2 times (x 107B)
Class org.jetbrains.kotlin.idea.gradleTooling.PrepareKotlinIdeImportTaskModel         : loaded 2 times (x 66B)
Class com.google.common.cache.LocalCache$EntryFactory$5                               : loaded 2 times (x 79B)
Class com.google.common.cache.LocalCache$EntryFactory$6                               : loaded 2 times (x 79B)
Class Build_gradle                                                                    : loaded 2 times (x 68B)
Class org.gradle.internal.time.Timer                                                  : loaded 2 times (x 66B)
Class kotlin.jvm.internal.markers.KMappedMarker                                       : loaded 2 times (x 66B)
Class org.gradle.internal.installation.CurrentGradleInstallationLocator               : loaded 2 times (x 67B)
Class com.google.common.cache.LocalCache$EntryFactory$7                               : loaded 2 times (x 79B)
Class com.google.common.collect.ImmutableSet$EmptySetBuilderImpl                      : loaded 2 times (x 72B)
Class com.google.common.collect.ImmutableList                                         : loaded 2 times (x 202B)
Class org.gradle.internal.service.DefaultServiceLocator                               : loaded 2 times (x 79B)
Class org.jetbrains.kotlin.util.capitalizeDecapitalize.CapitalizeDecapitalizeKt       : loaded 2 times (x 67B)
Class com.google.common.cache.LocalCache$EntryFactory$8                               : loaded 2 times (x 79B)
Class com.google.common.collect.ImmutableSet$SetBuilderImpl                           : loaded 2 times (x 72B)
Class jdk.internal.jrtfs.JrtDirectoryStream                                           : loaded 2 times (x 85B)
Class org.gradle.util.GradleVersion                                                   : loaded 2 times (x 79B)
Class org.gradle.internal.installation.CurrentGradleInstallation                      : loaded 2 times (x 69B)
Class com.google.common.cache.CacheLoader$1                                           : loaded 2 times (x 71B)
Class com.google.common.collect.ImmutableList$SubList                                 : loaded 2 times (x 204B)
Class org.jetbrains.plugins.gradle.javaModel.JavaGradleManifestModel                  : loaded 2 times (x 66B)
Class org.gradle.util.internal.GUtil                                                  : loaded 2 times (x 67B)
Class com.google.common.util.concurrent.AbstractFuture$SetFuture                      : loaded 2 times (x 71B)
Class com.google.common.cache.AbstractCache$StatsCounter                              : loaded 2 times (x 66B)
Class com.google.common.collect.Iterators$MergingIterator                             : loaded 2 times (x 77B)
Class com.google.common.collect.RegularImmutableSet                                   : loaded 2 times (x 144B)
Class org.gradle.internal.installation.GradleInstallation                             : loaded 2 times (x 71B)
Class com.google.common.collect.Iterables                                             : loaded 2 times (x 67B)
Class com.google.common.base.Splitter$Strategy                                        : loaded 2 times (x 66B)
Class jdk.internal.jimage.decompressor.ResourceDecompressor$StringsProvider           : loaded 2 times (x 66B)

---------------  S Y S T E M  ---------------

OS:
 Windows 11 , 64 bit Build 22621 (10.0.22621.5262)
OS uptime: 0 days 5:04 hours

CPU: total 8 (initial active 8) (4 cores per cpu, 2 threads per core) family 6 model 140 stepping 1 microcode 0xbc, cx8, cmov, fxsr, ht, mmx, 3dnowpref, sse, sse2, sse3, ssse3, sse4.1, sse4.2, popcnt, lzcnt, tsc, tscinvbit, avx, avx2, aes, erms, clmul, bmi1, bmi2, adx, avx512f, avx512dq, avx512cd, avx512bw, avx512vl, sha, fma, vzeroupper, avx512_vpopcntdq, avx512_vpclmulqdq, avx512_vaes, avx512_vnni, clflush, clflushopt, clwb, avx512_vbmi2, avx512_vbmi, rdtscp, rdpid, fsrm, gfni, avx512_bitalg, f16c, pku, cet_ibt, cet_ss, avx512_ifma
Processor Information for all 8 processors :
  Max Mhz: 2419, Current Mhz: 2419, Mhz Limit: 2419

Memory: 4k page, system-wide physical 7914M (521M free)
TotalPageFile size 20139M (AvailPageFile size 3M)
current process WorkingSet (physical memory assigned to process): 585M, peak: 585M
current process commit charge ("private bytes"): 734M, peak: 737M

vm_info: OpenJDK 64-Bit Server VM (21.0.5+-13047016-b750.29) for windows-amd64 JRE (21.0.5+-13047016-b750.29), built on 2025-02-11T21:12:39Z by "builder" with MS VC++ 16.10 / 16.11 (VS2019)

END.
