#
# There is insufficient memory for the Java Runtime Environment to continue.
# Native memory allocation (malloc) failed to allocate 1039616 bytes. Error detail: Chunk::new
# Possible reasons:
#   The system is out of physical RAM or swap space
#   This process is running with CompressedOops enabled, and the Java Heap may be blocking the growth of the native heap
# Possible solutions:
#   Reduce memory load on the system
#   Increase physical memory or swap space
#   Check if swap backing store is full
#   Decrease Java heap size (-Xmx/-Xms)
#   Decrease number of Java threads
#   Decrease Java thread stack sizes (-Xss)
#   Set larger code cache with -XX:ReservedCodeCacheSize=
#   JVM is running with Unscaled Compressed Oops mode in which the Java heap is
#     placed in the first 4GB address space. The Java Heap base address is the
#     maximum limit for the native heap growth. Please use -XX:HeapBaseMinAddress
#     to set the Java Heap base and to place the Java Heap above 4GB virtual address.
# This output file may be truncated or incomplete.
#
#  Out of Memory Error (arena.cpp:168), pid=1100, tid=8952
#
# JRE version: OpenJDK Runtime Environment (21.0.5) (build 21.0.5+-13047016-b750.29)
# Java VM: OpenJDK 64-Bit Server VM (21.0.5+-13047016-b750.29, mixed mode, tiered, compressed oops, compressed class ptrs, g1 gc, windows-amd64)
# No core dump will be written. Minidumps are not enabled by default on client versions of Windows
#

---------------  S U M M A R Y ------------

Command Line: --add-opens=java.base/java.lang=ALL-UNNAMED --add-opens=java.base/java.lang.invoke=ALL-UNNAMED --add-opens=java.base/java.util=ALL-UNNAMED --add-opens=java.prefs/java.util.prefs=ALL-UNNAMED --add-exports=jdk.compiler/com.sun.tools.javac.api=ALL-UNNAMED --add-exports=jdk.compiler/com.sun.tools.javac.util=ALL-UNNAMED --add-opens=java.base/java.util=ALL-UNNAMED --add-opens=java.prefs/java.util.prefs=ALL-UNNAMED --add-opens=java.base/java.nio.charset=ALL-UNNAMED --add-opens=java.base/java.net=ALL-UNNAMED --add-opens=java.base/java.util.concurrent.atomic=ALL-UNNAMED --add-opens=java.xml/javax.xml.namespace=ALL-UNNAMED -Xmx2048m -Dfile.encoding=UTF-8 -Duser.country=VN -Duser.language=vi -Duser.variant -javaagent:C:\Users\Admin\.gradle\wrapper\dists\gradle-8.11.1-bin\bpt9gzteqjrbo1mjrsomdt32c\gradle-8.11.1\lib\agents\gradle-instrumentation-agent-8.11.1.jar org.gradle.launcher.daemon.bootstrap.GradleDaemon 8.11.1

Host: 11th Gen Intel(R) Core(TM) i5-1135G7 @ 2.40GHz, 8 cores, 7G,  Windows 11 , 64 bit Build 22621 (10.0.22621.5262)
Time: Sun Jun  1 03:46:24 2025 SE Asia Standard Time elapsed time: 55.160593 seconds (0d 0h 0m 55s)

---------------  T H R E A D  ---------------

Current thread (0x000001592fb3bf20):  JavaThread "C2 CompilerThread0" daemon [_thread_in_native, id=8952, stack(0x00000027d3400000,0x00000027d3500000) (1024K)]


Current CompileTask:
C2:55160 18943       4       org.gradle.internal.snapshot.impl.DirectorySnapshotterStatistics$CollectingFileVisitor::visitFile (10 bytes)

Stack: [0x00000027d3400000,0x00000027d3500000]
Native frames: (J=compiled Java code, j=interpreted, Vv=VM code, C=native code)
V  [jvm.dll+0x6cfb29]
V  [jvm.dll+0x85df93]
V  [jvm.dll+0x8604ee]
V  [jvm.dll+0x860bd3]
V  [jvm.dll+0x27e6b6]
V  [jvm.dll+0xbff6d]
V  [jvm.dll+0xc04a3]
V  [jvm.dll+0x2f2750]
V  [jvm.dll+0x5fa0c9]
V  [jvm.dll+0x250d62]
V  [jvm.dll+0x25111f]
V  [jvm.dll+0x2498d5]
V  [jvm.dll+0x24712e]
V  [jvm.dll+0x1c5ee4]
V  [jvm.dll+0x25697c]
V  [jvm.dll+0x254ec6]
V  [jvm.dll+0x3f0ce6]
V  [jvm.dll+0x806368]
V  [jvm.dll+0x6ce3fd]
C  [ucrtbase.dll+0x29333]
C  [KERNEL32.DLL+0x1259d]
C  [ntdll.dll+0x5af58]


---------------  P R O C E S S  ---------------

Threads class SMR info:
_java_thread_list=0x0000015939ae7d30, length=132, elements={
0x000001591827d160, 0x000001592fb26d50, 0x000001592fb27b60, 0x000001592fb123d0,
0x000001592fb29b80, 0x000001592fb2a5d0, 0x000001592fb2b020, 0x000001592fb3bf20,
0x000001592fb102c0, 0x000001592fc29ac0, 0x000001592fe24730, 0x00000159356f48a0,
0x000001593407fae0, 0x0000015935922830, 0x000001593572df60, 0x000001593572e5c0,
0x0000015935955500, 0x000001593598b9b0, 0x0000015935acea50, 0x0000015935a73cc0,
0x0000015935a73630, 0x0000015935a749e0, 0x0000015935a75070, 0x0000015935a74350,
0x0000015935a75700, 0x0000015935a75d90, 0x0000015935a76420, 0x0000015935a72fa0,
0x0000015936250c00, 0x000001593624f850, 0x0000015936251290, 0x0000015936250570,
0x000001593624d780, 0x0000015936251920, 0x000001593624e4a0, 0x000001593624eb30,
0x000001593624f1c0, 0x000001593624bd40, 0x000001593624c3d0, 0x000001593624b6b0,
0x000001593624fee0, 0x000001593624a990, 0x0000015936251fb0, 0x000001593624ca60,
0x000001593624b020, 0x0000015938fc15b0, 0x0000015938fbe130, 0x0000015938fc0200,
0x0000015938fbf4e0, 0x0000015938fbe7c0, 0x0000015938fbee50, 0x0000015938fbfb70,
0x0000015938fc0890, 0x0000015938fc0f20, 0x00000159374098e0, 0x0000015937407180,
0x0000015937404a20, 0x0000015937404390, 0x0000015937408bc0, 0x00000159374050b0,
0x0000015937406af0, 0x0000015937407810, 0x0000015937405dd0, 0x0000015937409250,
0x0000015937408530, 0x0000015935ff6420, 0x0000015935ff7140, 0x0000015935ff9210,
0x0000015935ff77d0, 0x0000015935ff7e60, 0x0000015935ffc000, 0x0000015935ff5700,
0x0000015935ff98a0, 0x0000015935ffb970, 0x000001593f7ab690, 0x000001593f7a5420,
0x000001593f7a5ab0, 0x0000015939d59800, 0x0000015939d54940, 0x0000015939d58450,
0x0000015939d58ae0, 0x0000015939d56380, 0x0000015939d56a10, 0x0000015939d55cf0,
0x0000015939d54fd0, 0x0000015939d570a0, 0x0000015939d55660, 0x0000015939d57730,
0x0000015935ff9f30, 0x0000015935ffb2e0, 0x0000015935ff5070, 0x0000015935ffc690,
0x0000015937406460, 0x0000015939ef0b20, 0x0000015939ef3fa0, 0x0000015939d59170,
0x0000015939d5a520, 0x0000015939d53c20, 0x0000015939d5b240, 0x0000015939d542b0,
0x0000015939ef3280, 0x0000015939ef4cc0, 0x0000015939eefe00, 0x000001593f3090b0,
0x000001593f309740, 0x000001593f30aaf0, 0x000001593f307670, 0x000001593f30a460,
0x000001593f30b180, 0x000001593f30b810, 0x000001593f3062c0, 0x000001593f308a20,
0x000001593f306950, 0x000001593f307d00, 0x000001593f304880, 0x000001593f306fe0,
0x000001593f308390, 0x000001593f3055a0, 0x000001593f30bea0, 0x000001593f304f10,
0x000001593f7a4700, 0x000001593f7a7b80, 0x000001593f7a67d0, 0x000001593f7a74f0,
0x000001593f7a8210, 0x000001593f7a4070, 0x000001593f7a95c0, 0x000001593edc7be0,
0x000001593edc4760, 0x000001593edc8270, 0x000001593edc9cb0, 0x000001593edcb6f0
}

Java Threads: ( => current thread )
  0x000001591827d160 JavaThread "main"                              [_thread_blocked, id=15176, stack(0x00000027d2600000,0x00000027d2700000) (1024K)]
  0x000001592fb26d50 JavaThread "Reference Handler"          daemon [_thread_blocked, id=14624, stack(0x00000027d2e00000,0x00000027d2f00000) (1024K)]
  0x000001592fb27b60 JavaThread "Finalizer"                  daemon [_thread_blocked, id=15264, stack(0x00000027d2f00000,0x00000027d3000000) (1024K)]
  0x000001592fb123d0 JavaThread "Signal Dispatcher"          daemon [_thread_blocked, id=14796, stack(0x00000027d3000000,0x00000027d3100000) (1024K)]
  0x000001592fb29b80 JavaThread "Attach Listener"            daemon [_thread_blocked, id=14496, stack(0x00000027d3100000,0x00000027d3200000) (1024K)]
  0x000001592fb2a5d0 JavaThread "Service Thread"             daemon [_thread_blocked, id=7544, stack(0x00000027d3200000,0x00000027d3300000) (1024K)]
  0x000001592fb2b020 JavaThread "Monitor Deflation Thread"   daemon [_thread_blocked, id=1680, stack(0x00000027d3300000,0x00000027d3400000) (1024K)]
=>0x000001592fb3bf20 JavaThread "C2 CompilerThread0"         daemon [_thread_in_native, id=8952, stack(0x00000027d3400000,0x00000027d3500000) (1024K)]
  0x000001592fb102c0 JavaThread "C1 CompilerThread0"         daemon [_thread_blocked, id=5136, stack(0x00000027d3500000,0x00000027d3600000) (1024K)]
  0x000001592fc29ac0 JavaThread "Common-Cleaner"             daemon [_thread_blocked, id=436, stack(0x00000027d3600000,0x00000027d3700000) (1024K)]
  0x000001592fe24730 JavaThread "Notification Thread"        daemon [_thread_blocked, id=6852, stack(0x00000027d3700000,0x00000027d3800000) (1024K)]
  0x00000159356f48a0 JavaThread "Daemon health stats"               [_thread_blocked, id=13440, stack(0x00000027d3900000,0x00000027d3a00000) (1024K)]
  0x000001593407fae0 JavaThread "Incoming local TCP Connector on port 53692"        [_thread_in_native, id=14996, stack(0x00000027d3800000,0x00000027d3900000) (1024K)]
  0x0000015935922830 JavaThread "Daemon periodic checks"            [_thread_blocked, id=14232, stack(0x00000027d3e00000,0x00000027d3f00000) (1024K)]
  0x000001593572df60 JavaThread "Daemon"                            [_thread_blocked, id=11388, stack(0x00000027d3f00000,0x00000027d4000000) (1024K)]
  0x000001593572e5c0 JavaThread "Handler for socket connection from /127.0.0.1:53692 to /127.0.0.1:53693"        [_thread_in_native, id=7056, stack(0x00000027d4000000,0x00000027d4100000) (1024K)]
  0x0000015935955500 JavaThread "Cancel handler"                    [_thread_blocked, id=4952, stack(0x00000027d4100000,0x00000027d4200000) (1024K)]
  0x000001593598b9b0 JavaThread "Daemon worker"                     [_thread_blocked, id=14348, stack(0x00000027d4200000,0x00000027d4300000) (1024K)]
  0x0000015935acea50 JavaThread "Asynchronous log dispatcher for DefaultDaemonConnection: socket connection from /127.0.0.1:53692 to /127.0.0.1:53693"        [_thread_blocked, id=3108, stack(0x00000027d4300000,0x00000027d4400000) (1024K)]
  0x0000015935a73cc0 JavaThread "Stdin handler"                     [_thread_blocked, id=13384, stack(0x00000027d4400000,0x00000027d4500000) (1024K)]
  0x0000015935a73630 JavaThread "Daemon client event forwarder"        [_thread_blocked, id=13884, stack(0x00000027d4500000,0x00000027d4600000) (1024K)]
  0x0000015935a749e0 JavaThread "Cache worker for journal cache (C:\Users\Admin\.gradle\caches\journal-1)"        [_thread_blocked, id=3436, stack(0x00000027d4a00000,0x00000027d4b00000) (1024K)]
  0x0000015935a75070 JavaThread "File lock request listener"        [_thread_in_native, id=3556, stack(0x00000027d4b00000,0x00000027d4c00000) (1024K)]
  0x0000015935a74350 JavaThread "Cache worker for file hash cache (C:\Users\Admin\.gradle\caches\8.11.1\fileHashes)"        [_thread_blocked, id=10680, stack(0x00000027d4c00000,0x00000027d4d00000) (1024K)]
  0x0000015935a75700 JavaThread "Cache worker for file content cache (C:\Users\Admin\.gradle\caches\8.11.1\fileContent)"        [_thread_blocked, id=14880, stack(0x00000027d4d00000,0x00000027d4e00000) (1024K)]
  0x0000015935a75d90 JavaThread "Cache worker for file hash cache (D:\ChatApp\.gradle\8.11.1\fileHashes)"        [_thread_blocked, id=4860, stack(0x00000027d4e00000,0x00000027d4f00000) (1024K)]
  0x0000015935a76420 JavaThread "Cache worker for Build Output Cleanup Cache (D:\ChatApp\.gradle\buildOutputCleanup)"        [_thread_blocked, id=11356, stack(0x00000027d4f00000,0x00000027d5000000) (1024K)]
  0x0000015935a72fa0 JavaThread "File watcher server"        daemon [_thread_in_native, id=6588, stack(0x00000027d5000000,0x00000027d5100000) (1024K)]
  0x0000015936250c00 JavaThread "File watcher consumer"      daemon [_thread_blocked, id=14844, stack(0x00000027d5100000,0x00000027d5200000) (1024K)]
  0x000001593624f850 JavaThread "Cache worker for checksums cache (D:\ChatApp\.gradle\8.11.1\checksums)"        [_thread_blocked, id=13032, stack(0x00000027d5200000,0x00000027d5300000) (1024K)]
  0x0000015936251290 JavaThread "Cache worker for cache directory md-rule (C:\Users\Admin\.gradle\caches\8.11.1\md-rule)"        [_thread_blocked, id=6044, stack(0x00000027d5300000,0x00000027d5400000) (1024K)]
  0x0000015936250570 JavaThread "Cache worker for cache directory md-supplier (C:\Users\Admin\.gradle\caches\8.11.1\md-supplier)"        [_thread_blocked, id=13036, stack(0x00000027d5400000,0x00000027d5500000) (1024K)]
  0x000001593624d780 JavaThread "Unconstrained build operations"        [_thread_blocked, id=7960, stack(0x00000027d5500000,0x00000027d5600000) (1024K)]
  0x0000015936251920 JavaThread "Unconstrained build operations Thread 2"        [_thread_blocked, id=9484, stack(0x00000027d5600000,0x00000027d5700000) (1024K)]
  0x000001593624e4a0 JavaThread "Unconstrained build operations Thread 3"        [_thread_blocked, id=9280, stack(0x00000027d5700000,0x00000027d5800000) (1024K)]
  0x000001593624eb30 JavaThread "Unconstrained build operations Thread 4"        [_thread_blocked, id=13920, stack(0x00000027d5800000,0x00000027d5900000) (1024K)]
  0x000001593624f1c0 JavaThread "Unconstrained build operations Thread 5"        [_thread_blocked, id=8788, stack(0x00000027d5900000,0x00000027d5a00000) (1024K)]
  0x000001593624bd40 JavaThread "Unconstrained build operations Thread 6"        [_thread_blocked, id=2540, stack(0x00000027d5a00000,0x00000027d5b00000) (1024K)]
  0x000001593624c3d0 JavaThread "Unconstrained build operations Thread 7"        [_thread_blocked, id=12356, stack(0x00000027d5b00000,0x00000027d5c00000) (1024K)]
  0x000001593624b6b0 JavaThread "Unconstrained build operations Thread 8"        [_thread_in_native, id=1332, stack(0x00000027d5c00000,0x00000027d5d00000) (1024K)]
  0x000001593624fee0 JavaThread "Unconstrained build operations Thread 9"        [_thread_in_Java, id=13112, stack(0x00000027d5d00000,0x00000027d5e00000) (1024K)]
  0x000001593624a990 JavaThread "Unconstrained build operations Thread 10"        [_thread_blocked, id=13456, stack(0x00000027d5e00000,0x00000027d5f00000) (1024K)]
  0x0000015936251fb0 JavaThread "Unconstrained build operations Thread 11"        [_thread_blocked, id=5872, stack(0x00000027d5f00000,0x00000027d6000000) (1024K)]
  0x000001593624ca60 JavaThread "Unconstrained build operations Thread 12"        [_thread_blocked, id=4488, stack(0x00000027d6000000,0x00000027d6100000) (1024K)]
  0x000001593624b020 JavaThread "Unconstrained build operations Thread 13"        [_thread_blocked, id=7692, stack(0x00000027d6100000,0x00000027d6200000) (1024K)]
  0x0000015938fc15b0 JavaThread "Unconstrained build operations Thread 14"        [_thread_blocked, id=14632, stack(0x00000027d6200000,0x00000027d6300000) (1024K)]
  0x0000015938fbe130 JavaThread "Unconstrained build operations Thread 15"        [_thread_blocked, id=13784, stack(0x00000027d6300000,0x00000027d6400000) (1024K)]
  0x0000015938fc0200 JavaThread "Unconstrained build operations Thread 16"        [_thread_blocked, id=8524, stack(0x00000027d6400000,0x00000027d6500000) (1024K)]
  0x0000015938fbf4e0 JavaThread "Unconstrained build operations Thread 17"        [_thread_blocked, id=6536, stack(0x00000027d6500000,0x00000027d6600000) (1024K)]
  0x0000015938fbe7c0 JavaThread "Unconstrained build operations Thread 18"        [_thread_blocked, id=10700, stack(0x00000027d6600000,0x00000027d6700000) (1024K)]
  0x0000015938fbee50 JavaThread "Unconstrained build operations Thread 19"        [_thread_blocked, id=11352, stack(0x00000027d6700000,0x00000027d6800000) (1024K)]
  0x0000015938fbfb70 JavaThread "Unconstrained build operations Thread 20"        [_thread_blocked, id=12320, stack(0x00000027d6800000,0x00000027d6900000) (1024K)]
  0x0000015938fc0890 JavaThread "Unconstrained build operations Thread 21"        [_thread_blocked, id=11992, stack(0x00000027d6900000,0x00000027d6a00000) (1024K)]
  0x0000015938fc0f20 JavaThread "Unconstrained build operations Thread 22"        [_thread_blocked, id=6248, stack(0x00000027d6a00000,0x00000027d6b00000) (1024K)]
  0x00000159374098e0 JavaThread "Unconstrained build operations Thread 23"        [_thread_blocked, id=3596, stack(0x00000027d6b00000,0x00000027d6c00000) (1024K)]
  0x0000015937407180 JavaThread "Unconstrained build operations Thread 24"        [_thread_blocked, id=9684, stack(0x00000027d6c00000,0x00000027d6d00000) (1024K)]
  0x0000015937404a20 JavaThread "Unconstrained build operations Thread 25"        [_thread_blocked, id=2424, stack(0x00000027d6d00000,0x00000027d6e00000) (1024K)]
  0x0000015937404390 JavaThread "Unconstrained build operations Thread 26"        [_thread_blocked, id=13580, stack(0x00000027d6e00000,0x00000027d6f00000) (1024K)]
  0x0000015937408bc0 JavaThread "Unconstrained build operations Thread 27"        [_thread_blocked, id=6772, stack(0x00000027d6f00000,0x00000027d7000000) (1024K)]
  0x00000159374050b0 JavaThread "Unconstrained build operations Thread 28"        [_thread_blocked, id=14416, stack(0x00000027d7000000,0x00000027d7100000) (1024K)]
  0x0000015937406af0 JavaThread "Unconstrained build operations Thread 29"        [_thread_blocked, id=2984, stack(0x00000027d7100000,0x00000027d7200000) (1024K)]
  0x0000015937407810 JavaThread "Unconstrained build operations Thread 30"        [_thread_blocked, id=6116, stack(0x00000027d7200000,0x00000027d7300000) (1024K)]
  0x0000015937405dd0 JavaThread "build event listener"              [_thread_blocked, id=13212, stack(0x00000027d7300000,0x00000027d7400000) (1024K)]
  0x0000015937409250 JavaThread "Memory manager"                    [_thread_blocked, id=7688, stack(0x00000027d7400000,0x00000027d7500000) (1024K)]
  0x0000015937408530 JavaThread "build event listener"              [_thread_blocked, id=7248, stack(0x00000027d7500000,0x00000027d7600000) (1024K)]
  0x0000015935ff6420 JavaThread "included builds"                   [_thread_blocked, id=14924, stack(0x00000027d7700000,0x00000027d7800000) (1024K)]
  0x0000015935ff7140 JavaThread "Execution worker"                  [_thread_blocked, id=13188, stack(0x00000027d7800000,0x00000027d7900000) (1024K)]
  0x0000015935ff9210 JavaThread "Execution worker Thread 2"         [_thread_blocked, id=15172, stack(0x00000027d7900000,0x00000027d7a00000) (1024K)]
  0x0000015935ff77d0 JavaThread "Execution worker Thread 3"         [_thread_blocked, id=2576, stack(0x00000027d7a00000,0x00000027d7b00000) (1024K)]
  0x0000015935ff7e60 JavaThread "Execution worker Thread 4"         [_thread_blocked, id=12368, stack(0x00000027d7b00000,0x00000027d7c00000) (1024K)]
  0x0000015935ffc000 JavaThread "Execution worker Thread 5"         [_thread_blocked, id=14460, stack(0x00000027d7c00000,0x00000027d7d00000) (1024K)]
  0x0000015935ff5700 JavaThread "Execution worker Thread 6"         [_thread_blocked, id=13840, stack(0x00000027d7d00000,0x00000027d7e00000) (1024K)]
  0x0000015935ff98a0 JavaThread "Execution worker Thread 7"         [_thread_in_native, id=8548, stack(0x00000027d7e00000,0x00000027d7f00000) (1024K)]
  0x0000015935ffb970 JavaThread "Cache worker for execution history cache (D:\ChatApp\.gradle\8.11.1\executionHistory)"        [_thread_blocked, id=3004, stack(0x00000027d7f00000,0x00000027d8000000) (1024K)]
  0x000001593f7ab690 JavaThread "Unconstrained build operations Thread 31"        [_thread_blocked, id=12872, stack(0x00000027d7600000,0x00000027d7700000) (1024K)]
  0x000001593f7a5420 JavaThread "Unconstrained build operations Thread 32"        [_thread_blocked, id=3644, stack(0x00000027d8100000,0x00000027d8200000) (1024K)]
  0x000001593f7a5ab0 JavaThread "Unconstrained build operations Thread 33"        [_thread_blocked, id=12648, stack(0x00000027d8200000,0x00000027d8300000) (1024K)]
  0x0000015939d59800 JavaThread "Unconstrained build operations Thread 34"        [_thread_blocked, id=11436, stack(0x00000027d8300000,0x00000027d8400000) (1024K)]
  0x0000015939d54940 JavaThread "Unconstrained build operations Thread 35"        [_thread_blocked, id=14732, stack(0x00000027d8400000,0x00000027d8500000) (1024K)]
  0x0000015939d58450 JavaThread "Unconstrained build operations Thread 36"        [_thread_blocked, id=2864, stack(0x00000027d8500000,0x00000027d8600000) (1024K)]
  0x0000015939d58ae0 JavaThread "Unconstrained build operations Thread 37"        [_thread_blocked, id=288, stack(0x00000027d8600000,0x00000027d8700000) (1024K)]
  0x0000015939d56380 JavaThread "Unconstrained build operations Thread 38"        [_thread_blocked, id=14984, stack(0x00000027d8700000,0x00000027d8800000) (1024K)]
  0x0000015939d56a10 JavaThread "Unconstrained build operations Thread 39"        [_thread_blocked, id=15276, stack(0x00000027d8800000,0x00000027d8900000) (1024K)]
  0x0000015939d55cf0 JavaThread "Unconstrained build operations Thread 40"        [_thread_blocked, id=7564, stack(0x00000027d8900000,0x00000027d8a00000) (1024K)]
  0x0000015939d54fd0 JavaThread "Unconstrained build operations Thread 41"        [_thread_blocked, id=4216, stack(0x00000027d8a00000,0x00000027d8b00000) (1024K)]
  0x0000015939d570a0 JavaThread "Unconstrained build operations Thread 42"        [_thread_blocked, id=15076, stack(0x00000027d8b00000,0x00000027d8c00000) (1024K)]
  0x0000015939d55660 JavaThread "Unconstrained build operations Thread 43"        [_thread_blocked, id=6168, stack(0x00000027d8c00000,0x00000027d8d00000) (1024K)]
  0x0000015939d57730 JavaThread "Unconstrained build operations Thread 44"        [_thread_blocked, id=5836, stack(0x00000027d8d00000,0x00000027d8e00000) (1024K)]
  0x0000015935ff9f30 JavaThread "Unconstrained build operations Thread 45"        [_thread_blocked, id=2180, stack(0x00000027d8e00000,0x00000027d8f00000) (1024K)]
  0x0000015935ffb2e0 JavaThread "Unconstrained build operations Thread 46"        [_thread_blocked, id=3252, stack(0x00000027d8f00000,0x00000027d9000000) (1024K)]
  0x0000015935ff5070 JavaThread "Unconstrained build operations Thread 47"        [_thread_blocked, id=11096, stack(0x00000027d9000000,0x00000027d9100000) (1024K)]
  0x0000015935ffc690 JavaThread "Unconstrained build operations Thread 48"        [_thread_blocked, id=11528, stack(0x00000027d9100000,0x00000027d9200000) (1024K)]
  0x0000015937406460 JavaThread "Unconstrained build operations Thread 49"        [_thread_blocked, id=9192, stack(0x00000027d9200000,0x00000027d9300000) (1024K)]
  0x0000015939ef0b20 JavaThread "Unconstrained build operations Thread 50"        [_thread_blocked, id=14928, stack(0x00000027d9300000,0x00000027d9400000) (1024K)]
  0x0000015939ef3fa0 JavaThread "Unconstrained build operations Thread 51"        [_thread_blocked, id=14044, stack(0x00000027d9400000,0x00000027d9500000) (1024K)]
  0x0000015939d59170 JavaThread "WorkerExecutor Queue"              [_thread_blocked, id=12296, stack(0x00000027d9500000,0x00000027d9600000) (1024K)]
  0x0000015939d5a520 JavaThread "WorkerExecutor Queue Thread 2"        [_thread_blocked, id=14760, stack(0x00000027d9600000,0x00000027d9700000) (1024K)]
  0x0000015939d53c20 JavaThread "WorkerExecutor Queue Thread 3"        [_thread_blocked, id=15108, stack(0x00000027d9700000,0x00000027d9800000) (1024K)]
  0x0000015939d5b240 JavaThread "WorkerExecutor Queue Thread 4"        [_thread_blocked, id=9072, stack(0x00000027d9800000,0x00000027d9900000) (1024K)]
  0x0000015939d542b0 JavaThread "WorkerExecutor Queue Thread 5"        [_thread_blocked, id=2916, stack(0x00000027d9900000,0x00000027d9a00000) (1024K)]
  0x0000015939ef3280 JavaThread "WorkerExecutor Queue Thread 6"        [_thread_blocked, id=14028, stack(0x00000027d9a00000,0x00000027d9b00000) (1024K)]
  0x0000015939ef4cc0 JavaThread "WorkerExecutor Queue Thread 7"        [_thread_blocked, id=7720, stack(0x00000027d9b00000,0x00000027d9c00000) (1024K)]
  0x0000015939eefe00 JavaThread "WorkerExecutor Queue Thread 8"        [_thread_blocked, id=1320, stack(0x00000027d9c00000,0x00000027d9d00000) (1024K)]
  0x000001593f3090b0 JavaThread "Unconstrained build operations Thread 52"        [_thread_blocked, id=1252, stack(0x00000027d9d00000,0x00000027d9e00000) (1024K)]
  0x000001593f309740 JavaThread "Unconstrained build operations Thread 53"        [_thread_blocked, id=11072, stack(0x00000027d9e00000,0x00000027d9f00000) (1024K)]
  0x000001593f30aaf0 JavaThread "Unconstrained build operations Thread 54"        [_thread_blocked, id=8168, stack(0x00000027d9f00000,0x00000027da000000) (1024K)]
  0x000001593f307670 JavaThread "Unconstrained build operations Thread 55"        [_thread_blocked, id=12768, stack(0x00000027da000000,0x00000027da100000) (1024K)]
  0x000001593f30a460 JavaThread "Unconstrained build operations Thread 56"        [_thread_blocked, id=10444, stack(0x00000027da100000,0x00000027da200000) (1024K)]
  0x000001593f30b180 JavaThread "Unconstrained build operations Thread 57"        [_thread_blocked, id=1400, stack(0x00000027da200000,0x00000027da300000) (1024K)]
  0x000001593f30b810 JavaThread "Unconstrained build operations Thread 58"        [_thread_blocked, id=1072, stack(0x00000027da300000,0x00000027da400000) (1024K)]
  0x000001593f3062c0 JavaThread "Unconstrained build operations Thread 59"        [_thread_blocked, id=8132, stack(0x00000027da400000,0x00000027da500000) (1024K)]
  0x000001593f308a20 JavaThread "Unconstrained build operations Thread 60"        [_thread_blocked, id=14800, stack(0x00000027da500000,0x00000027da600000) (1024K)]
  0x000001593f306950 JavaThread "Unconstrained build operations Thread 61"        [_thread_blocked, id=5556, stack(0x00000027da600000,0x00000027da700000) (1024K)]
  0x000001593f307d00 JavaThread "Unconstrained build operations Thread 62"        [_thread_blocked, id=12788, stack(0x00000027da700000,0x00000027da800000) (1024K)]
  0x000001593f304880 JavaThread "Unconstrained build operations Thread 63"        [_thread_blocked, id=9112, stack(0x00000027da800000,0x00000027da900000) (1024K)]
  0x000001593f306fe0 JavaThread "Unconstrained build operations Thread 64"        [_thread_blocked, id=6768, stack(0x00000027da900000,0x00000027daa00000) (1024K)]
  0x000001593f308390 JavaThread "Unconstrained build operations Thread 65"        [_thread_blocked, id=12820, stack(0x00000027daa00000,0x00000027dab00000) (1024K)]
  0x000001593f3055a0 JavaThread "Unconstrained build operations Thread 66"        [_thread_blocked, id=15268, stack(0x00000027dab00000,0x00000027dac00000) (1024K)]
  0x000001593f30bea0 JavaThread "Unconstrained build operations Thread 67"        [_thread_blocked, id=14864, stack(0x00000027dac00000,0x00000027dad00000) (1024K)]
  0x000001593f304f10 JavaThread "Unconstrained build operations Thread 68"        [_thread_blocked, id=1908, stack(0x00000027dad00000,0x00000027dae00000) (1024K)]
  0x000001593f7a4700 JavaThread "Unconstrained build operations Thread 69"        [_thread_blocked, id=15296, stack(0x00000027dae00000,0x00000027daf00000) (1024K)]
  0x000001593f7a7b80 JavaThread "Unconstrained build operations Thread 70"        [_thread_blocked, id=4116, stack(0x00000027daf00000,0x00000027db000000) (1024K)]
  0x000001593f7a67d0 JavaThread "Unconstrained build operations Thread 71"        [_thread_blocked, id=3792, stack(0x00000027db000000,0x00000027db100000) (1024K)]
  0x000001593f7a74f0 JavaThread "Unconstrained build operations Thread 72"        [_thread_blocked, id=1576, stack(0x00000027db100000,0x00000027db200000) (1024K)]
  0x000001593f7a8210 JavaThread "Unconstrained build operations Thread 73"        [_thread_blocked, id=9056, stack(0x00000027db200000,0x00000027db300000) (1024K)]
  0x000001593f7a4070 JavaThread "Unconstrained build operations Thread 74"        [_thread_blocked, id=15324, stack(0x00000027db300000,0x00000027db400000) (1024K)]
  0x000001593f7a95c0 JavaThread "Unconstrained build operations Thread 75"        [_thread_blocked, id=12312, stack(0x00000027db400000,0x00000027db500000) (1024K)]
  0x000001593edc7be0 JavaThread "Unconstrained build operations Thread 76"        [_thread_blocked, id=15180, stack(0x00000027db500000,0x00000027db600000) (1024K)]
  0x000001593edc4760 JavaThread "Unconstrained build operations Thread 77"        [_thread_blocked, id=13352, stack(0x00000027db600000,0x00000027db700000) (1024K)]
  0x000001593edc8270 JavaThread "Unconstrained build operations Thread 78"        [_thread_blocked, id=13964, stack(0x00000027db700000,0x00000027db800000) (1024K)]
  0x000001593edc9cb0 JavaThread "Unconstrained build operations Thread 79"        [_thread_blocked, id=10732, stack(0x00000027db800000,0x00000027db900000) (1024K)]
  0x000001593edcb6f0 JavaThread "Unconstrained build operations Thread 80"        [_thread_blocked, id=7140, stack(0x00000027db900000,0x00000027dba00000) (1024K)]
Total: 132

Other Threads:
  0x000001592f910950 VMThread "VM Thread"                           [id=13556, stack(0x00000027d2d00000,0x00000027d2e00000) (1024K)]
  0x000001592f902ed0 WatcherThread "VM Periodic Task Thread"        [id=1692, stack(0x00000027d2c00000,0x00000027d2d00000) (1024K)]
  0x00000159182d30d0 WorkerThread "GC Thread#0"                     [id=9800, stack(0x00000027d2700000,0x00000027d2800000) (1024K)]
  0x000001593415c0b0 WorkerThread "GC Thread#1"                     [id=13824, stack(0x00000027d3a00000,0x00000027d3b00000) (1024K)]
  0x00000159340f9d30 WorkerThread "GC Thread#2"                     [id=14896, stack(0x00000027d3b00000,0x00000027d3c00000) (1024K)]
  0x0000015934d39900 WorkerThread "GC Thread#3"                     [id=12604, stack(0x00000027d3c00000,0x00000027d3d00000) (1024K)]
  0x0000015934d39ca0 WorkerThread "GC Thread#4"                     [id=12328, stack(0x00000027d3d00000,0x00000027d3e00000) (1024K)]
  0x0000015935abf4b0 WorkerThread "GC Thread#5"                     [id=14884, stack(0x00000027d4600000,0x00000027d4700000) (1024K)]
  0x0000015935abc2f0 WorkerThread "GC Thread#6"                     [id=6372, stack(0x00000027d4700000,0x00000027d4800000) (1024K)]
  0x0000015935ae97b0 WorkerThread "GC Thread#7"                     [id=8504, stack(0x00000027d4800000,0x00000027d4900000) (1024K)]
  0x00000159182e42a0 ConcurrentGCThread "G1 Main Marker"            [id=14804, stack(0x00000027d2800000,0x00000027d2900000) (1024K)]
  0x00000159182e5540 WorkerThread "G1 Conc#0"                       [id=2288, stack(0x00000027d2900000,0x00000027d2a00000) (1024K)]
  0x0000015935ae8cd0 WorkerThread "G1 Conc#1"                       [id=6688, stack(0x00000027d4900000,0x00000027d4a00000) (1024K)]
  0x000001592f7d2560 ConcurrentGCThread "G1 Refine#0"               [id=4436, stack(0x00000027d2a00000,0x00000027d2b00000) (1024K)]
  0x000001592f7d2ee0 ConcurrentGCThread "G1 Service"                [id=7360, stack(0x00000027d2b00000,0x00000027d2c00000) (1024K)]
Total: 15

Threads with active compile tasks:
C2 CompilerThread0  55201 18943       4       org.gradle.internal.snapshot.impl.DirectorySnapshotterStatistics$CollectingFileVisitor::visitFile (10 bytes)
Total: 1

VM state: not at safepoint (normal execution)

VM Mutex/Monitor currently owned by a thread: None

Heap address: 0x0000000080000000, size: 2048 MB, Compressed Oops mode: 32-bit

CDS archive(s) not mapped
Compressed class space mapped at: 0x0000000100000000-0x0000000140000000, reserved size: 1073741824
Narrow klass base: 0x0000000000000000, Narrow klass shift: 3, Narrow klass range: 0x140000000

GC Precious Log:
 CardTable entry size: 512
 Card Set container configuration: InlinePtr #cards 5 size 8 Array Of Cards #cards 12 size 40 Howl #buckets 4 coarsen threshold 1843 Howl Bitmap #cards 512 size 80 coarsen threshold 460 Card regions per heap region 1 cards per card region 2048
 CPUs: 8 total, 8 available
 Memory: 7914M
 Large Page Support: Disabled
 NUMA Support: Disabled
 Compressed Oops: Enabled (32-bit)
 Heap Region Size: 1M
 Heap Min Capacity: 8M
 Heap Initial Capacity: 124M
 Heap Max Capacity: 2G
 Pre-touch: Disabled
 Parallel Workers: 8
 Concurrent Workers: 2
 Concurrent Refinement Workers: 8
 Periodic GC: Disabled

Heap:
 garbage-first heap   total 293888K, used 244255K [0x0000000080000000, 0x0000000100000000)
  region size 1024K, 97 young (99328K), 10 survivors (10240K)
 Metaspace       used 134108K, committed 136256K, reserved 1179648K
  class space    used 17772K, committed 18880K, reserved 1048576K

Heap Regions: E=young(eden), S=young(survivor), O=old, HS=humongous(starts), HC=humongous(continues), CS=collection set, F=free, TAMS=top-at-mark-start, PB=parsable bottom
|   0|0x0000000080000000, 0x0000000080100000, 0x0000000080100000|100%| O|  |TAMS 0x0000000080000000| PB 0x0000000080000000| Untracked 
|   1|0x0000000080100000, 0x0000000080200000, 0x0000000080200000|100%|HS|  |TAMS 0x0000000080100000| PB 0x0000000080100000| Complete 
|   2|0x0000000080200000, 0x0000000080300000, 0x0000000080300000|100%|HC|  |TAMS 0x0000000080200000| PB 0x0000000080200000| Complete 
|   3|0x0000000080300000, 0x0000000080400000, 0x0000000080400000|100%|HC|  |TAMS 0x0000000080300000| PB 0x0000000080300000| Complete 
|   4|0x0000000080400000, 0x0000000080500000, 0x0000000080500000|100%| O|  |TAMS 0x0000000080400000| PB 0x0000000080400000| Untracked 
|   5|0x0000000080500000, 0x0000000080600000, 0x0000000080600000|100%| O|  |TAMS 0x0000000080500000| PB 0x0000000080500000| Untracked 
|   6|0x0000000080600000, 0x0000000080700000, 0x0000000080700000|100%| O|  |TAMS 0x0000000080600000| PB 0x0000000080600000| Untracked 
|   7|0x0000000080700000, 0x0000000080800000, 0x0000000080800000|100%|HS|  |TAMS 0x0000000080700000| PB 0x0000000080700000| Complete 
|   8|0x0000000080800000, 0x0000000080900000, 0x0000000080900000|100%| O|  |TAMS 0x0000000080800000| PB 0x0000000080800000| Untracked 
|   9|0x0000000080900000, 0x0000000080a00000, 0x0000000080a00000|100%| O|  |TAMS 0x0000000080900000| PB 0x0000000080900000| Untracked 
|  10|0x0000000080a00000, 0x0000000080b00000, 0x0000000080b00000|100%| O|  |TAMS 0x0000000080a00000| PB 0x0000000080a00000| Untracked 
|  11|0x0000000080b00000, 0x0000000080c00000, 0x0000000080c00000|100%| O|  |TAMS 0x0000000080b00000| PB 0x0000000080b00000| Untracked 
|  12|0x0000000080c00000, 0x0000000080d00000, 0x0000000080d00000|100%| O|  |TAMS 0x0000000080c00000| PB 0x0000000080c00000| Untracked 
|  13|0x0000000080d00000, 0x0000000080e00000, 0x0000000080e00000|100%| O|  |TAMS 0x0000000080d00000| PB 0x0000000080d00000| Untracked 
|  14|0x0000000080e00000, 0x0000000080f00000, 0x0000000080f00000|100%| O|  |TAMS 0x0000000080e00000| PB 0x0000000080e00000| Untracked 
|  15|0x0000000080f00000, 0x0000000081000000, 0x0000000081000000|100%| O|  |TAMS 0x0000000080f00000| PB 0x0000000080f00000| Untracked 
|  16|0x0000000081000000, 0x0000000081100000, 0x0000000081100000|100%| O|  |TAMS 0x0000000081000000| PB 0x0000000081000000| Untracked 
|  17|0x0000000081100000, 0x0000000081200000, 0x0000000081200000|100%| O|  |TAMS 0x0000000081100000| PB 0x0000000081100000| Untracked 
|  18|0x0000000081200000, 0x0000000081300000, 0x0000000081300000|100%| O|  |TAMS 0x0000000081200000| PB 0x0000000081200000| Untracked 
|  19|0x0000000081300000, 0x0000000081400000, 0x0000000081400000|100%| O|  |TAMS 0x0000000081300000| PB 0x0000000081300000| Untracked 
|  20|0x0000000081400000, 0x0000000081500000, 0x0000000081500000|100%| O|  |TAMS 0x0000000081400000| PB 0x0000000081400000| Untracked 
|  21|0x0000000081500000, 0x0000000081600000, 0x0000000081600000|100%| O|  |TAMS 0x0000000081500000| PB 0x0000000081500000| Untracked 
|  22|0x0000000081600000, 0x0000000081700000, 0x0000000081700000|100%| O|  |TAMS 0x0000000081600000| PB 0x0000000081600000| Untracked 
|  23|0x0000000081700000, 0x0000000081800000, 0x0000000081800000|100%| O|  |TAMS 0x0000000081700000| PB 0x0000000081700000| Untracked 
|  24|0x0000000081800000, 0x0000000081900000, 0x0000000081900000|100%| O|  |TAMS 0x0000000081800000| PB 0x0000000081800000| Untracked 
|  25|0x0000000081900000, 0x0000000081a00000, 0x0000000081a00000|100%| O|  |TAMS 0x0000000081900000| PB 0x0000000081900000| Untracked 
|  26|0x0000000081a00000, 0x0000000081b00000, 0x0000000081b00000|100%| O|  |TAMS 0x0000000081a00000| PB 0x0000000081a00000| Untracked 
|  27|0x0000000081b00000, 0x0000000081c00000, 0x0000000081c00000|100%| O|  |TAMS 0x0000000081b00000| PB 0x0000000081b00000| Untracked 
|  28|0x0000000081c00000, 0x0000000081d00000, 0x0000000081d00000|100%| O|  |TAMS 0x0000000081c00000| PB 0x0000000081c00000| Untracked 
|  29|0x0000000081d00000, 0x0000000081e00000, 0x0000000081e00000|100%| O|Cm|TAMS 0x0000000081d00000| PB 0x0000000081d00000| Complete 
|  30|0x0000000081e00000, 0x0000000081f00000, 0x0000000081f00000|100%| O|  |TAMS 0x0000000081e00000| PB 0x0000000081e00000| Untracked 
|  31|0x0000000081f00000, 0x0000000082000000, 0x0000000082000000|100%| O|  |TAMS 0x0000000081f00000| PB 0x0000000081f00000| Untracked 
|  32|0x0000000082000000, 0x0000000082100000, 0x0000000082100000|100%| O|  |TAMS 0x0000000082000000| PB 0x0000000082000000| Untracked 
|  33|0x0000000082100000, 0x0000000082200000, 0x0000000082200000|100%| O|  |TAMS 0x0000000082100000| PB 0x0000000082100000| Untracked 
|  34|0x0000000082200000, 0x0000000082300000, 0x0000000082300000|100%| O|  |TAMS 0x0000000082200000| PB 0x0000000082200000| Untracked 
|  35|0x0000000082300000, 0x0000000082400000, 0x0000000082400000|100%| O|  |TAMS 0x0000000082300000| PB 0x0000000082300000| Untracked 
|  36|0x0000000082400000, 0x0000000082500000, 0x0000000082500000|100%| O|  |TAMS 0x0000000082400000| PB 0x0000000082400000| Untracked 
|  37|0x0000000082500000, 0x0000000082600000, 0x0000000082600000|100%| O|  |TAMS 0x0000000082500000| PB 0x0000000082500000| Untracked 
|  38|0x0000000082600000, 0x0000000082700000, 0x0000000082700000|100%|HS|  |TAMS 0x0000000082600000| PB 0x0000000082600000| Complete 
|  39|0x0000000082700000, 0x0000000082800000, 0x0000000082800000|100%| O|  |TAMS 0x0000000082700000| PB 0x0000000082700000| Untracked 
|  40|0x0000000082800000, 0x0000000082900000, 0x0000000082900000|100%| O|Cm|TAMS 0x0000000082800000| PB 0x0000000082800000| Complete 
|  41|0x0000000082900000, 0x0000000082a00000, 0x0000000082a00000|100%|HS|  |TAMS 0x0000000082900000| PB 0x0000000082900000| Complete 
|  42|0x0000000082a00000, 0x0000000082b00000, 0x0000000082b00000|100%|HS|  |TAMS 0x0000000082a00000| PB 0x0000000082a00000| Complete 
|  43|0x0000000082b00000, 0x0000000082c00000, 0x0000000082c00000|100%|HC|  |TAMS 0x0000000082b00000| PB 0x0000000082b00000| Complete 
|  44|0x0000000082c00000, 0x0000000082d00000, 0x0000000082d00000|100%|HS|  |TAMS 0x0000000082c00000| PB 0x0000000082c00000| Complete 
|  45|0x0000000082d00000, 0x0000000082e00000, 0x0000000082e00000|100%|HC|  |TAMS 0x0000000082d00000| PB 0x0000000082d00000| Complete 
|  46|0x0000000082e00000, 0x0000000082f00000, 0x0000000082f00000|100%|HS|  |TAMS 0x0000000082e00000| PB 0x0000000082e00000| Complete 
|  47|0x0000000082f00000, 0x0000000083000000, 0x0000000083000000|100%|HS|  |TAMS 0x0000000082f00000| PB 0x0000000082f00000| Complete 
|  48|0x0000000083000000, 0x0000000083100000, 0x0000000083100000|100%|HC|  |TAMS 0x0000000083000000| PB 0x0000000083000000| Complete 
|  49|0x0000000083100000, 0x0000000083200000, 0x0000000083200000|100%|HC|  |TAMS 0x0000000083100000| PB 0x0000000083100000| Complete 
|  50|0x0000000083200000, 0x0000000083300000, 0x0000000083300000|100%| O|  |TAMS 0x0000000083200000| PB 0x0000000083200000| Untracked 
|  51|0x0000000083300000, 0x0000000083400000, 0x0000000083400000|100%| O|  |TAMS 0x0000000083300000| PB 0x0000000083300000| Untracked 
|  52|0x0000000083400000, 0x0000000083500000, 0x0000000083500000|100%| O|  |TAMS 0x0000000083400000| PB 0x0000000083400000| Untracked 
|  53|0x0000000083500000, 0x0000000083600000, 0x0000000083600000|100%| O|  |TAMS 0x0000000083500000| PB 0x0000000083500000| Untracked 
|  54|0x0000000083600000, 0x0000000083700000, 0x0000000083700000|100%|HS|  |TAMS 0x0000000083600000| PB 0x0000000083600000| Complete 
|  55|0x0000000083700000, 0x0000000083800000, 0x0000000083800000|100%| O|Cm|TAMS 0x0000000083700000| PB 0x0000000083700000| Complete 
|  56|0x0000000083800000, 0x0000000083900000, 0x0000000083900000|100%|HS|  |TAMS 0x0000000083800000| PB 0x0000000083800000| Complete 
|  57|0x0000000083900000, 0x0000000083a00000, 0x0000000083a00000|100%|HS|  |TAMS 0x0000000083900000| PB 0x0000000083900000| Complete 
|  58|0x0000000083a00000, 0x0000000083b00000, 0x0000000083b00000|100%|HS|  |TAMS 0x0000000083a00000| PB 0x0000000083a00000| Complete 
|  59|0x0000000083b00000, 0x0000000083c00000, 0x0000000083c00000|100%| O|  |TAMS 0x0000000083b00000| PB 0x0000000083b00000| Untracked 
|  60|0x0000000083c00000, 0x0000000083d00000, 0x0000000083d00000|100%| O|  |TAMS 0x0000000083c00000| PB 0x0000000083c00000| Untracked 
|  61|0x0000000083d00000, 0x0000000083e00000, 0x0000000083e00000|100%| O|  |TAMS 0x0000000083d00000| PB 0x0000000083d00000| Untracked 
|  62|0x0000000083e00000, 0x0000000083f00000, 0x0000000083f00000|100%| O|  |TAMS 0x0000000083e00000| PB 0x0000000083e00000| Untracked 
|  63|0x0000000083f00000, 0x0000000084000000, 0x0000000084000000|100%| O|  |TAMS 0x0000000083f00000| PB 0x0000000083f00000| Untracked 
|  64|0x0000000084000000, 0x0000000084100000, 0x0000000084100000|100%| O|  |TAMS 0x0000000084000000| PB 0x0000000084000000| Untracked 
|  65|0x0000000084100000, 0x0000000084200000, 0x0000000084200000|100%|HS|  |TAMS 0x0000000084100000| PB 0x0000000084100000| Complete 
|  66|0x0000000084200000, 0x0000000084300000, 0x0000000084300000|100%|HC|  |TAMS 0x0000000084200000| PB 0x0000000084200000| Complete 
|  67|0x0000000084300000, 0x0000000084400000, 0x0000000084400000|100%|HC|  |TAMS 0x0000000084300000| PB 0x0000000084300000| Complete 
|  68|0x0000000084400000, 0x0000000084500000, 0x0000000084500000|100%| O|  |TAMS 0x0000000084400000| PB 0x0000000084400000| Untracked 
|  69|0x0000000084500000, 0x0000000084600000, 0x0000000084600000|100%| O|  |TAMS 0x0000000084500000| PB 0x0000000084500000| Untracked 
|  70|0x0000000084600000, 0x0000000084700000, 0x0000000084700000|100%| O|  |TAMS 0x0000000084600000| PB 0x0000000084600000| Untracked 
|  71|0x0000000084700000, 0x0000000084800000, 0x0000000084800000|100%| O|  |TAMS 0x0000000084700000| PB 0x0000000084700000| Untracked 
|  72|0x0000000084800000, 0x0000000084900000, 0x0000000084900000|100%| O|  |TAMS 0x0000000084800000| PB 0x0000000084800000| Untracked 
|  73|0x0000000084900000, 0x0000000084a00000, 0x0000000084a00000|100%| O|  |TAMS 0x0000000084900000| PB 0x0000000084900000| Untracked 
|  74|0x0000000084a00000, 0x0000000084b00000, 0x0000000084b00000|100%| O|  |TAMS 0x0000000084a00000| PB 0x0000000084a00000| Untracked 
|  75|0x0000000084b00000, 0x0000000084c00000, 0x0000000084c00000|100%| O|  |TAMS 0x0000000084b00000| PB 0x0000000084b00000| Untracked 
|  76|0x0000000084c00000, 0x0000000084d00000, 0x0000000084d00000|100%| O|  |TAMS 0x0000000084c00000| PB 0x0000000084c00000| Untracked 
|  77|0x0000000084d00000, 0x0000000084e00000, 0x0000000084e00000|100%| O|  |TAMS 0x0000000084d00000| PB 0x0000000084d00000| Untracked 
|  78|0x0000000084e00000, 0x0000000084f00000, 0x0000000084f00000|100%| O|  |TAMS 0x0000000084e00000| PB 0x0000000084e00000| Untracked 
|  79|0x0000000084f00000, 0x0000000085000000, 0x0000000085000000|100%| O|  |TAMS 0x0000000084f00000| PB 0x0000000084f00000| Untracked 
|  80|0x0000000085000000, 0x0000000085100000, 0x0000000085100000|100%| O|  |TAMS 0x0000000085000000| PB 0x0000000085000000| Untracked 
|  81|0x0000000085100000, 0x0000000085100000, 0x0000000085200000|  0%| F|  |TAMS 0x0000000085100000| PB 0x0000000085100000| Untracked 
|  82|0x0000000085200000, 0x0000000085200000, 0x0000000085300000|  0%| F|  |TAMS 0x0000000085200000| PB 0x0000000085200000| Untracked 
|  83|0x0000000085300000, 0x0000000085400000, 0x0000000085400000|100%| O|  |TAMS 0x0000000085300000| PB 0x0000000085300000| Untracked 
|  84|0x0000000085400000, 0x0000000085500000, 0x0000000085500000|100%| O|  |TAMS 0x0000000085400000| PB 0x0000000085400000| Untracked 
|  85|0x0000000085500000, 0x0000000085600000, 0x0000000085600000|100%| O|  |TAMS 0x0000000085500000| PB 0x0000000085500000| Untracked 
|  86|0x0000000085600000, 0x0000000085700000, 0x0000000085700000|100%| O|  |TAMS 0x0000000085600000| PB 0x0000000085600000| Untracked 
|  87|0x0000000085700000, 0x0000000085800000, 0x0000000085800000|100%| O|  |TAMS 0x0000000085700000| PB 0x0000000085700000| Untracked 
|  88|0x0000000085800000, 0x0000000085900000, 0x0000000085900000|100%| O|  |TAMS 0x0000000085800000| PB 0x0000000085800000| Untracked 
|  89|0x0000000085900000, 0x0000000085a00000, 0x0000000085a00000|100%| O|Cm|TAMS 0x0000000085900000| PB 0x0000000085900000| Complete 
|  90|0x0000000085a00000, 0x0000000085b00000, 0x0000000085b00000|100%| O|  |TAMS 0x0000000085a00000| PB 0x0000000085a00000| Untracked 
|  91|0x0000000085b00000, 0x0000000085c00000, 0x0000000085c00000|100%| O|  |TAMS 0x0000000085b00000| PB 0x0000000085b00000| Untracked 
|  92|0x0000000085c00000, 0x0000000085d00000, 0x0000000085d00000|100%| O|  |TAMS 0x0000000085c00000| PB 0x0000000085c00000| Untracked 
|  93|0x0000000085d00000, 0x0000000085e00000, 0x0000000085e00000|100%| O|  |TAMS 0x0000000085d00000| PB 0x0000000085d00000| Untracked 
|  94|0x0000000085e00000, 0x0000000085f00000, 0x0000000085f00000|100%| O|  |TAMS 0x0000000085e00000| PB 0x0000000085e00000| Untracked 
|  95|0x0000000085f00000, 0x0000000086000000, 0x0000000086000000|100%| O|  |TAMS 0x0000000085f00000| PB 0x0000000085f00000| Untracked 
|  96|0x0000000086000000, 0x0000000086100000, 0x0000000086100000|100%| O|  |TAMS 0x0000000086000000| PB 0x0000000086000000| Untracked 
|  97|0x0000000086100000, 0x0000000086200000, 0x0000000086200000|100%| O|  |TAMS 0x0000000086100000| PB 0x0000000086100000| Untracked 
|  98|0x0000000086200000, 0x0000000086300000, 0x0000000086300000|100%| O|  |TAMS 0x0000000086200000| PB 0x0000000086200000| Untracked 
|  99|0x0000000086300000, 0x0000000086400000, 0x0000000086400000|100%| O|  |TAMS 0x0000000086300000| PB 0x0000000086300000| Untracked 
| 100|0x0000000086400000, 0x0000000086500000, 0x0000000086500000|100%| O|  |TAMS 0x0000000086400000| PB 0x0000000086400000| Untracked 
| 101|0x0000000086500000, 0x0000000086600000, 0x0000000086600000|100%| O|  |TAMS 0x0000000086500000| PB 0x0000000086500000| Untracked 
| 102|0x0000000086600000, 0x0000000086700000, 0x0000000086700000|100%| O|  |TAMS 0x0000000086600000| PB 0x0000000086600000| Untracked 
| 103|0x0000000086700000, 0x0000000086800000, 0x0000000086800000|100%| O|  |TAMS 0x0000000086700000| PB 0x0000000086700000| Untracked 
| 104|0x0000000086800000, 0x0000000086900000, 0x0000000086900000|100%| O|  |TAMS 0x0000000086800000| PB 0x0000000086800000| Untracked 
| 105|0x0000000086900000, 0x0000000086a00000, 0x0000000086a00000|100%| O|  |TAMS 0x0000000086900000| PB 0x0000000086900000| Untracked 
| 106|0x0000000086a00000, 0x0000000086b00000, 0x0000000086b00000|100%| O|Cm|TAMS 0x0000000086a00000| PB 0x0000000086a00000| Complete 
| 107|0x0000000086b00000, 0x0000000086b00000, 0x0000000086c00000|  0%| F|  |TAMS 0x0000000086b00000| PB 0x0000000086b00000| Untracked 
| 108|0x0000000086c00000, 0x0000000086d00000, 0x0000000086d00000|100%| O|  |TAMS 0x0000000086c00000| PB 0x0000000086c00000| Untracked 
| 109|0x0000000086d00000, 0x0000000086e00000, 0x0000000086e00000|100%| O|  |TAMS 0x0000000086d00000| PB 0x0000000086d00000| Untracked 
| 110|0x0000000086e00000, 0x0000000086f00000, 0x0000000086f00000|100%| O|  |TAMS 0x0000000086e00000| PB 0x0000000086e00000| Untracked 
| 111|0x0000000086f00000, 0x0000000086f00000, 0x0000000087000000|  0%| F|  |TAMS 0x0000000086f00000| PB 0x0000000086f00000| Untracked 
| 112|0x0000000087000000, 0x0000000087000000, 0x0000000087100000|  0%| F|  |TAMS 0x0000000087000000| PB 0x0000000087000000| Untracked 
| 113|0x0000000087100000, 0x0000000087100000, 0x0000000087200000|  0%| F|  |TAMS 0x0000000087100000| PB 0x0000000087100000| Untracked 
| 114|0x0000000087200000, 0x0000000087200000, 0x0000000087300000|  0%| F|  |TAMS 0x0000000087200000| PB 0x0000000087200000| Untracked 
| 115|0x0000000087300000, 0x0000000087400000, 0x0000000087400000|100%| O|  |TAMS 0x0000000087300000| PB 0x0000000087300000| Untracked 
| 116|0x0000000087400000, 0x0000000087500000, 0x0000000087500000|100%| O|  |TAMS 0x0000000087400000| PB 0x0000000087400000| Untracked 
| 117|0x0000000087500000, 0x0000000087600000, 0x0000000087600000|100%| O|  |TAMS 0x0000000087500000| PB 0x0000000087500000| Untracked 
| 118|0x0000000087600000, 0x0000000087700000, 0x0000000087700000|100%| O|  |TAMS 0x0000000087600000| PB 0x0000000087600000| Untracked 
| 119|0x0000000087700000, 0x0000000087800000, 0x0000000087800000|100%| O|  |TAMS 0x0000000087700000| PB 0x0000000087700000| Untracked 
| 120|0x0000000087800000, 0x0000000087900000, 0x0000000087900000|100%| O|Cm|TAMS 0x0000000087800000| PB 0x0000000087800000| Complete 
| 121|0x0000000087900000, 0x0000000087a00000, 0x0000000087a00000|100%| O|Cm|TAMS 0x0000000087900000| PB 0x0000000087900000| Complete 
| 122|0x0000000087a00000, 0x0000000087b00000, 0x0000000087b00000|100%| O|  |TAMS 0x0000000087a00000| PB 0x0000000087a00000| Untracked 
| 123|0x0000000087b00000, 0x0000000087c00000, 0x0000000087c00000|100%| O|Cm|TAMS 0x0000000087b00000| PB 0x0000000087b00000| Complete 
| 124|0x0000000087c00000, 0x0000000087d00000, 0x0000000087d00000|100%| O|  |TAMS 0x0000000087c00000| PB 0x0000000087c00000| Untracked 
| 125|0x0000000087d00000, 0x0000000087e00000, 0x0000000087e00000|100%| O|Cm|TAMS 0x0000000087d00000| PB 0x0000000087d00000| Complete 
| 126|0x0000000087e00000, 0x0000000087e00000, 0x0000000087f00000|  0%| F|  |TAMS 0x0000000087e00000| PB 0x0000000087e00000| Untracked 
| 127|0x0000000087f00000, 0x0000000087f00000, 0x0000000088000000|  0%| F|  |TAMS 0x0000000087f00000| PB 0x0000000087f00000| Untracked 
| 128|0x0000000088000000, 0x0000000088000000, 0x0000000088100000|  0%| F|  |TAMS 0x0000000088000000| PB 0x0000000088000000| Untracked 
| 129|0x0000000088100000, 0x0000000088200000, 0x0000000088200000|100%| O|  |TAMS 0x0000000088100000| PB 0x0000000088100000| Untracked 
| 130|0x0000000088200000, 0x0000000088300000, 0x0000000088300000|100%| O|Cm|TAMS 0x0000000088200000| PB 0x0000000088200000| Complete 
| 131|0x0000000088300000, 0x0000000088400000, 0x0000000088400000|100%| O|  |TAMS 0x0000000088300000| PB 0x0000000088300000| Untracked 
| 132|0x0000000088400000, 0x0000000088500000, 0x0000000088500000|100%| O|  |TAMS 0x0000000088400000| PB 0x0000000088400000| Untracked 
| 133|0x0000000088500000, 0x0000000088500000, 0x0000000088600000|  0%| F|  |TAMS 0x0000000088500000| PB 0x0000000088500000| Untracked 
| 134|0x0000000088600000, 0x0000000088600000, 0x0000000088700000|  0%| F|  |TAMS 0x0000000088600000| PB 0x0000000088600000| Untracked 
| 135|0x0000000088700000, 0x0000000088700000, 0x0000000088800000|  0%| F|  |TAMS 0x0000000088700000| PB 0x0000000088700000| Untracked 
| 136|0x0000000088800000, 0x0000000088800000, 0x0000000088900000|  0%| F|  |TAMS 0x0000000088800000| PB 0x0000000088800000| Untracked 
| 137|0x0000000088900000, 0x0000000088a00000, 0x0000000088a00000|100%| O|Cm|TAMS 0x0000000088900000| PB 0x0000000088900000| Complete 
| 138|0x0000000088a00000, 0x0000000088a00000, 0x0000000088b00000|  0%| F|  |TAMS 0x0000000088a00000| PB 0x0000000088a00000| Untracked 
| 139|0x0000000088b00000, 0x0000000088c00000, 0x0000000088c00000|100%| O|Cm|TAMS 0x0000000088b00000| PB 0x0000000088b00000| Complete 
| 140|0x0000000088c00000, 0x0000000088c00000, 0x0000000088d00000|  0%| F|  |TAMS 0x0000000088c00000| PB 0x0000000088c00000| Untracked 
| 141|0x0000000088d00000, 0x0000000088d00000, 0x0000000088e00000|  0%| F|  |TAMS 0x0000000088d00000| PB 0x0000000088d00000| Untracked 
| 142|0x0000000088e00000, 0x0000000088f00000, 0x0000000088f00000|100%| O|Cm|TAMS 0x0000000088e00000| PB 0x0000000088e00000| Complete 
| 143|0x0000000088f00000, 0x0000000089000000, 0x0000000089000000|100%| O|Cm|TAMS 0x0000000088f00000| PB 0x0000000088f00000| Complete 
| 144|0x0000000089000000, 0x0000000089100000, 0x0000000089100000|100%| O|  |TAMS 0x0000000089000000| PB 0x0000000089000000| Untracked 
| 145|0x0000000089100000, 0x0000000089200000, 0x0000000089200000|100%| O|Cm|TAMS 0x0000000089100000| PB 0x0000000089100000| Complete 
| 146|0x0000000089200000, 0x0000000089200000, 0x0000000089300000|  0%| F|  |TAMS 0x0000000089200000| PB 0x0000000089200000| Untracked 
| 147|0x0000000089300000, 0x0000000089400000, 0x0000000089400000|100%| O|Cm|TAMS 0x0000000089300000| PB 0x0000000089300000| Complete 
| 148|0x0000000089400000, 0x0000000089500000, 0x0000000089500000|100%| O|Cm|TAMS 0x0000000089400000| PB 0x0000000089400000| Complete 
| 149|0x0000000089500000, 0x0000000089600000, 0x0000000089600000|100%| O|Cm|TAMS 0x0000000089500000| PB 0x0000000089500000| Complete 
| 150|0x0000000089600000, 0x0000000089600000, 0x0000000089700000|  0%| F|  |TAMS 0x0000000089600000| PB 0x0000000089600000| Untracked 
| 151|0x0000000089700000, 0x0000000089700000, 0x0000000089800000|  0%| F|  |TAMS 0x0000000089700000| PB 0x0000000089700000| Untracked 
| 152|0x0000000089800000, 0x0000000089900000, 0x0000000089900000|100%| O|Cm|TAMS 0x0000000089800000| PB 0x0000000089800000| Complete 
| 153|0x0000000089900000, 0x00000000899f2bf0, 0x0000000089a00000| 94%| O|  |TAMS 0x0000000089900000| PB 0x0000000089900000| Untracked 
| 154|0x0000000089a00000, 0x0000000089a00000, 0x0000000089b00000|  0%| F|  |TAMS 0x0000000089a00000| PB 0x0000000089a00000| Untracked 
| 155|0x0000000089b00000, 0x0000000089b00000, 0x0000000089c00000|  0%| F|  |TAMS 0x0000000089b00000| PB 0x0000000089b00000| Untracked 
| 156|0x0000000089c00000, 0x0000000089c00000, 0x0000000089d00000|  0%| F|  |TAMS 0x0000000089c00000| PB 0x0000000089c00000| Untracked 
| 157|0x0000000089d00000, 0x0000000089d00000, 0x0000000089e00000|  0%| F|  |TAMS 0x0000000089d00000| PB 0x0000000089d00000| Untracked 
| 158|0x0000000089e00000, 0x0000000089e952e0, 0x0000000089f00000| 58%| S|CS|TAMS 0x0000000089e00000| PB 0x0000000089e00000| Complete 
| 159|0x0000000089f00000, 0x000000008a000000, 0x000000008a000000|100%| S|CS|TAMS 0x0000000089f00000| PB 0x0000000089f00000| Complete 
| 160|0x000000008a000000, 0x000000008a100000, 0x000000008a100000|100%| S|CS|TAMS 0x000000008a000000| PB 0x000000008a000000| Complete 
| 161|0x000000008a100000, 0x000000008a200000, 0x000000008a200000|100%| S|CS|TAMS 0x000000008a100000| PB 0x000000008a100000| Complete 
| 162|0x000000008a200000, 0x000000008a300000, 0x000000008a300000|100%| S|CS|TAMS 0x000000008a200000| PB 0x000000008a200000| Complete 
| 163|0x000000008a300000, 0x000000008a400000, 0x000000008a400000|100%| S|CS|TAMS 0x000000008a300000| PB 0x000000008a300000| Complete 
| 164|0x000000008a400000, 0x000000008a500000, 0x000000008a500000|100%| S|CS|TAMS 0x000000008a400000| PB 0x000000008a400000| Complete 
| 165|0x000000008a500000, 0x000000008a600000, 0x000000008a600000|100%| O|Cm|TAMS 0x000000008a500000| PB 0x000000008a500000| Complete 
| 166|0x000000008a600000, 0x000000008a700000, 0x000000008a700000|100%| O|Cm|TAMS 0x000000008a600000| PB 0x000000008a600000| Complete 
| 167|0x000000008a700000, 0x000000008a800000, 0x000000008a800000|100%| O|Cm|TAMS 0x000000008a700000| PB 0x000000008a700000| Complete 
| 168|0x000000008a800000, 0x000000008a900000, 0x000000008a900000|100%| O|  |TAMS 0x000000008a800000| PB 0x000000008a800000| Untracked 
| 169|0x000000008a900000, 0x000000008aa00000, 0x000000008aa00000|100%| S|CS|TAMS 0x000000008a900000| PB 0x000000008a900000| Complete 
| 170|0x000000008aa00000, 0x000000008ab00000, 0x000000008ab00000|100%| S|CS|TAMS 0x000000008aa00000| PB 0x000000008aa00000| Complete 
| 171|0x000000008ab00000, 0x000000008ac00000, 0x000000008ac00000|100%| S|CS|TAMS 0x000000008ab00000| PB 0x000000008ab00000| Complete 
| 172|0x000000008ac00000, 0x000000008ac00000, 0x000000008ad00000|  0%| F|  |TAMS 0x000000008ac00000| PB 0x000000008ac00000| Untracked 
| 173|0x000000008ad00000, 0x000000008ad00000, 0x000000008ae00000|  0%| F|  |TAMS 0x000000008ad00000| PB 0x000000008ad00000| Untracked 
| 174|0x000000008ae00000, 0x000000008ae00000, 0x000000008af00000|  0%| F|  |TAMS 0x000000008ae00000| PB 0x000000008ae00000| Untracked 
| 175|0x000000008af00000, 0x000000008af00000, 0x000000008b000000|  0%| F|  |TAMS 0x000000008af00000| PB 0x000000008af00000| Untracked 
| 176|0x000000008b000000, 0x000000008b000000, 0x000000008b100000|  0%| F|  |TAMS 0x000000008b000000| PB 0x000000008b000000| Untracked 
| 177|0x000000008b100000, 0x000000008b100000, 0x000000008b200000|  0%| F|  |TAMS 0x000000008b100000| PB 0x000000008b100000| Untracked 
| 178|0x000000008b200000, 0x000000008b200000, 0x000000008b300000|  0%| F|  |TAMS 0x000000008b200000| PB 0x000000008b200000| Untracked 
| 179|0x000000008b300000, 0x000000008b300000, 0x000000008b400000|  0%| F|  |TAMS 0x000000008b300000| PB 0x000000008b300000| Untracked 
| 180|0x000000008b400000, 0x000000008b400000, 0x000000008b500000|  0%| F|  |TAMS 0x000000008b400000| PB 0x000000008b400000| Untracked 
| 181|0x000000008b500000, 0x000000008b500000, 0x000000008b600000|  0%| F|  |TAMS 0x000000008b500000| PB 0x000000008b500000| Untracked 
| 182|0x000000008b600000, 0x000000008b600000, 0x000000008b700000|  0%| F|  |TAMS 0x000000008b600000| PB 0x000000008b600000| Untracked 
| 183|0x000000008b700000, 0x000000008b700000, 0x000000008b800000|  0%| F|  |TAMS 0x000000008b700000| PB 0x000000008b700000| Untracked 
| 184|0x000000008b800000, 0x000000008b800000, 0x000000008b900000|  0%| F|  |TAMS 0x000000008b800000| PB 0x000000008b800000| Untracked 
| 185|0x000000008b900000, 0x000000008b900000, 0x000000008ba00000|  0%| F|  |TAMS 0x000000008b900000| PB 0x000000008b900000| Untracked 
| 186|0x000000008ba00000, 0x000000008ba00000, 0x000000008bb00000|  0%| F|  |TAMS 0x000000008ba00000| PB 0x000000008ba00000| Untracked 
| 187|0x000000008bb00000, 0x000000008bb00000, 0x000000008bc00000|  0%| F|  |TAMS 0x000000008bb00000| PB 0x000000008bb00000| Untracked 
| 188|0x000000008bc00000, 0x000000008bc00000, 0x000000008bd00000|  0%| F|  |TAMS 0x000000008bc00000| PB 0x000000008bc00000| Untracked 
| 189|0x000000008bd00000, 0x000000008bd00000, 0x000000008be00000|  0%| F|  |TAMS 0x000000008bd00000| PB 0x000000008bd00000| Untracked 
| 190|0x000000008be00000, 0x000000008be00000, 0x000000008bf00000|  0%| F|  |TAMS 0x000000008be00000| PB 0x000000008be00000| Untracked 
| 191|0x000000008bf00000, 0x000000008bf00000, 0x000000008c000000|  0%| F|  |TAMS 0x000000008bf00000| PB 0x000000008bf00000| Untracked 
| 192|0x000000008c000000, 0x000000008c000000, 0x000000008c100000|  0%| F|  |TAMS 0x000000008c000000| PB 0x000000008c000000| Untracked 
| 193|0x000000008c100000, 0x000000008c16e3c0, 0x000000008c200000| 43%| E|  |TAMS 0x000000008c100000| PB 0x000000008c100000| Complete 
| 194|0x000000008c200000, 0x000000008c300000, 0x000000008c300000|100%| E|  |TAMS 0x000000008c200000| PB 0x000000008c200000| Complete 
| 195|0x000000008c300000, 0x000000008c400000, 0x000000008c400000|100%| E|CS|TAMS 0x000000008c300000| PB 0x000000008c300000| Complete 
| 196|0x000000008c400000, 0x000000008c500000, 0x000000008c500000|100%| E|CS|TAMS 0x000000008c400000| PB 0x000000008c400000| Complete 
| 197|0x000000008c500000, 0x000000008c600000, 0x000000008c600000|100%| E|CS|TAMS 0x000000008c500000| PB 0x000000008c500000| Complete 
| 198|0x000000008c600000, 0x000000008c700000, 0x000000008c700000|100%| E|CS|TAMS 0x000000008c600000| PB 0x000000008c600000| Complete 
| 199|0x000000008c700000, 0x000000008c800000, 0x000000008c800000|100%| E|CS|TAMS 0x000000008c700000| PB 0x000000008c700000| Complete 
| 200|0x000000008c800000, 0x000000008c900000, 0x000000008c900000|100%| E|CS|TAMS 0x000000008c800000| PB 0x000000008c800000| Complete 
| 201|0x000000008c900000, 0x000000008ca00000, 0x000000008ca00000|100%| E|CS|TAMS 0x000000008c900000| PB 0x000000008c900000| Complete 
| 202|0x000000008ca00000, 0x000000008cb00000, 0x000000008cb00000|100%| E|CS|TAMS 0x000000008ca00000| PB 0x000000008ca00000| Complete 
| 203|0x000000008cb00000, 0x000000008cc00000, 0x000000008cc00000|100%| E|CS|TAMS 0x000000008cb00000| PB 0x000000008cb00000| Complete 
| 204|0x000000008cc00000, 0x000000008cd00000, 0x000000008cd00000|100%| E|CS|TAMS 0x000000008cc00000| PB 0x000000008cc00000| Complete 
| 205|0x000000008cd00000, 0x000000008ce00000, 0x000000008ce00000|100%| E|CS|TAMS 0x000000008cd00000| PB 0x000000008cd00000| Complete 
| 206|0x000000008ce00000, 0x000000008cf00000, 0x000000008cf00000|100%| E|CS|TAMS 0x000000008ce00000| PB 0x000000008ce00000| Complete 
| 207|0x000000008cf00000, 0x000000008d000000, 0x000000008d000000|100%| E|CS|TAMS 0x000000008cf00000| PB 0x000000008cf00000| Complete 
| 208|0x000000008d000000, 0x000000008d100000, 0x000000008d100000|100%| E|CS|TAMS 0x000000008d000000| PB 0x000000008d000000| Complete 
| 209|0x000000008d100000, 0x000000008d200000, 0x000000008d200000|100%| E|CS|TAMS 0x000000008d100000| PB 0x000000008d100000| Complete 
| 210|0x000000008d200000, 0x000000008d300000, 0x000000008d300000|100%| E|CS|TAMS 0x000000008d200000| PB 0x000000008d200000| Complete 
| 211|0x000000008d300000, 0x000000008d400000, 0x000000008d400000|100%| E|CS|TAMS 0x000000008d300000| PB 0x000000008d300000| Complete 
| 212|0x000000008d400000, 0x000000008d500000, 0x000000008d500000|100%| E|CS|TAMS 0x000000008d400000| PB 0x000000008d400000| Complete 
| 213|0x000000008d500000, 0x000000008d600000, 0x000000008d600000|100%| E|CS|TAMS 0x000000008d500000| PB 0x000000008d500000| Complete 
| 214|0x000000008d600000, 0x000000008d700000, 0x000000008d700000|100%| E|CS|TAMS 0x000000008d600000| PB 0x000000008d600000| Complete 
| 215|0x000000008d700000, 0x000000008d800000, 0x000000008d800000|100%| E|CS|TAMS 0x000000008d700000| PB 0x000000008d700000| Complete 
| 216|0x000000008d800000, 0x000000008d900000, 0x000000008d900000|100%| E|CS|TAMS 0x000000008d800000| PB 0x000000008d800000| Complete 
| 217|0x000000008d900000, 0x000000008da00000, 0x000000008da00000|100%| E|CS|TAMS 0x000000008d900000| PB 0x000000008d900000| Complete 
| 218|0x000000008da00000, 0x000000008db00000, 0x000000008db00000|100%| E|CS|TAMS 0x000000008da00000| PB 0x000000008da00000| Complete 
| 219|0x000000008db00000, 0x000000008dc00000, 0x000000008dc00000|100%| E|CS|TAMS 0x000000008db00000| PB 0x000000008db00000| Complete 
| 220|0x000000008dc00000, 0x000000008dd00000, 0x000000008dd00000|100%| E|CS|TAMS 0x000000008dc00000| PB 0x000000008dc00000| Complete 
| 221|0x000000008dd00000, 0x000000008de00000, 0x000000008de00000|100%| E|CS|TAMS 0x000000008dd00000| PB 0x000000008dd00000| Complete 
| 222|0x000000008de00000, 0x000000008df00000, 0x000000008df00000|100%| E|CS|TAMS 0x000000008de00000| PB 0x000000008de00000| Complete 
| 223|0x000000008df00000, 0x000000008e000000, 0x000000008e000000|100%| E|CS|TAMS 0x000000008df00000| PB 0x000000008df00000| Complete 
| 224|0x000000008e000000, 0x000000008e100000, 0x000000008e100000|100%| E|CS|TAMS 0x000000008e000000| PB 0x000000008e000000| Complete 
| 225|0x000000008e100000, 0x000000008e200000, 0x000000008e200000|100%| E|CS|TAMS 0x000000008e100000| PB 0x000000008e100000| Complete 
| 226|0x000000008e200000, 0x000000008e2ffff8, 0x000000008e300000| 99%| E|CS|TAMS 0x000000008e200000| PB 0x000000008e200000| Complete 
| 227|0x000000008e300000, 0x000000008e400000, 0x000000008e400000|100%| E|CS|TAMS 0x000000008e300000| PB 0x000000008e300000| Complete 
| 228|0x000000008e400000, 0x000000008e500000, 0x000000008e500000|100%| E|CS|TAMS 0x000000008e400000| PB 0x000000008e400000| Complete 
| 229|0x000000008e500000, 0x000000008e600000, 0x000000008e600000|100%| E|CS|TAMS 0x000000008e500000| PB 0x000000008e500000| Complete 
| 230|0x000000008e600000, 0x000000008e700000, 0x000000008e700000|100%| E|CS|TAMS 0x000000008e600000| PB 0x000000008e600000| Complete 
| 231|0x000000008e700000, 0x000000008e800000, 0x000000008e800000|100%| E|CS|TAMS 0x000000008e700000| PB 0x000000008e700000| Complete 
| 232|0x000000008e800000, 0x000000008e900000, 0x000000008e900000|100%| E|CS|TAMS 0x000000008e800000| PB 0x000000008e800000| Complete 
| 233|0x000000008e900000, 0x000000008ea00000, 0x000000008ea00000|100%| E|CS|TAMS 0x000000008e900000| PB 0x000000008e900000| Complete 
| 234|0x000000008ea00000, 0x000000008eb00000, 0x000000008eb00000|100%| E|CS|TAMS 0x000000008ea00000| PB 0x000000008ea00000| Complete 
| 235|0x000000008eb00000, 0x000000008ec00000, 0x000000008ec00000|100%| E|CS|TAMS 0x000000008eb00000| PB 0x000000008eb00000| Complete 
| 236|0x000000008ec00000, 0x000000008ed00000, 0x000000008ed00000|100%| E|CS|TAMS 0x000000008ec00000| PB 0x000000008ec00000| Complete 
| 237|0x000000008ed00000, 0x000000008ee00000, 0x000000008ee00000|100%| E|CS|TAMS 0x000000008ed00000| PB 0x000000008ed00000| Complete 
| 238|0x000000008ee00000, 0x000000008ef00000, 0x000000008ef00000|100%| E|CS|TAMS 0x000000008ee00000| PB 0x000000008ee00000| Complete 
| 239|0x000000008ef00000, 0x000000008f000000, 0x000000008f000000|100%| E|CS|TAMS 0x000000008ef00000| PB 0x000000008ef00000| Complete 
| 240|0x000000008f000000, 0x000000008f100000, 0x000000008f100000|100%| E|CS|TAMS 0x000000008f000000| PB 0x000000008f000000| Complete 
| 241|0x000000008f100000, 0x000000008f200000, 0x000000008f200000|100%| E|CS|TAMS 0x000000008f100000| PB 0x000000008f100000| Complete 
| 242|0x000000008f200000, 0x000000008f300000, 0x000000008f300000|100%| E|CS|TAMS 0x000000008f200000| PB 0x000000008f200000| Complete 
| 243|0x000000008f300000, 0x000000008f400000, 0x000000008f400000|100%| E|CS|TAMS 0x000000008f300000| PB 0x000000008f300000| Complete 
| 244|0x000000008f400000, 0x000000008f500000, 0x000000008f500000|100%| E|CS|TAMS 0x000000008f400000| PB 0x000000008f400000| Complete 
| 245|0x000000008f500000, 0x000000008f600000, 0x000000008f600000|100%| E|CS|TAMS 0x000000008f500000| PB 0x000000008f500000| Complete 
| 246|0x000000008f600000, 0x000000008f700000, 0x000000008f700000|100%| E|CS|TAMS 0x000000008f600000| PB 0x000000008f600000| Complete 
| 247|0x000000008f700000, 0x000000008f800000, 0x000000008f800000|100%| E|CS|TAMS 0x000000008f700000| PB 0x000000008f700000| Complete 
| 248|0x000000008f800000, 0x000000008f900000, 0x000000008f900000|100%| E|CS|TAMS 0x000000008f800000| PB 0x000000008f800000| Complete 
| 249|0x000000008f900000, 0x000000008fa00000, 0x000000008fa00000|100%| E|CS|TAMS 0x000000008f900000| PB 0x000000008f900000| Complete 
| 250|0x000000008fa00000, 0x000000008fb00000, 0x000000008fb00000|100%| E|CS|TAMS 0x000000008fa00000| PB 0x000000008fa00000| Complete 
| 251|0x000000008fb00000, 0x000000008fc00000, 0x000000008fc00000|100%| E|CS|TAMS 0x000000008fb00000| PB 0x000000008fb00000| Complete 
| 252|0x000000008fc00000, 0x000000008fd00000, 0x000000008fd00000|100%| E|CS|TAMS 0x000000008fc00000| PB 0x000000008fc00000| Complete 
| 253|0x000000008fd00000, 0x000000008fe00000, 0x000000008fe00000|100%| E|CS|TAMS 0x000000008fd00000| PB 0x000000008fd00000| Complete 
| 254|0x000000008fe00000, 0x000000008ff00000, 0x000000008ff00000|100%| E|CS|TAMS 0x000000008fe00000| PB 0x000000008fe00000| Complete 
| 255|0x000000008ff00000, 0x0000000090000000, 0x0000000090000000|100%| E|CS|TAMS 0x000000008ff00000| PB 0x000000008ff00000| Complete 
| 256|0x0000000090000000, 0x0000000090100000, 0x0000000090100000|100%| E|CS|TAMS 0x0000000090000000| PB 0x0000000090000000| Complete 
| 257|0x0000000090100000, 0x0000000090200000, 0x0000000090200000|100%| E|CS|TAMS 0x0000000090100000| PB 0x0000000090100000| Complete 
| 258|0x0000000090200000, 0x0000000090300000, 0x0000000090300000|100%| E|CS|TAMS 0x0000000090200000| PB 0x0000000090200000| Complete 
| 259|0x0000000090300000, 0x0000000090400000, 0x0000000090400000|100%| E|CS|TAMS 0x0000000090300000| PB 0x0000000090300000| Complete 
| 260|0x0000000090400000, 0x0000000090500000, 0x0000000090500000|100%| E|CS|TAMS 0x0000000090400000| PB 0x0000000090400000| Complete 
| 261|0x0000000090500000, 0x0000000090600000, 0x0000000090600000|100%| E|CS|TAMS 0x0000000090500000| PB 0x0000000090500000| Complete 
| 262|0x0000000090600000, 0x0000000090700000, 0x0000000090700000|100%| E|CS|TAMS 0x0000000090600000| PB 0x0000000090600000| Complete 
|2024|0x00000000fe800000, 0x00000000fe900000, 0x00000000fe900000|100%| E|CS|TAMS 0x00000000fe800000| PB 0x00000000fe800000| Complete 
|2025|0x00000000fe900000, 0x00000000fea00000, 0x00000000fea00000|100%| E|CS|TAMS 0x00000000fe900000| PB 0x00000000fe900000| Complete 
|2026|0x00000000fea00000, 0x00000000feb00000, 0x00000000feb00000|100%| E|CS|TAMS 0x00000000fea00000| PB 0x00000000fea00000| Complete 
|2027|0x00000000feb00000, 0x00000000fec00000, 0x00000000fec00000|100%| E|CS|TAMS 0x00000000feb00000| PB 0x00000000feb00000| Complete 
|2028|0x00000000fec00000, 0x00000000fed00000, 0x00000000fed00000|100%| E|CS|TAMS 0x00000000fec00000| PB 0x00000000fec00000| Complete 
|2029|0x00000000fed00000, 0x00000000fee00000, 0x00000000fee00000|100%| E|CS|TAMS 0x00000000fed00000| PB 0x00000000fed00000| Complete 
|2030|0x00000000fee00000, 0x00000000fef00000, 0x00000000fef00000|100%| E|CS|TAMS 0x00000000fee00000| PB 0x00000000fee00000| Complete 
|2031|0x00000000fef00000, 0x00000000ff000000, 0x00000000ff000000|100%| E|CS|TAMS 0x00000000fef00000| PB 0x00000000fef00000| Complete 
|2032|0x00000000ff000000, 0x00000000ff100000, 0x00000000ff100000|100%| E|CS|TAMS 0x00000000ff000000| PB 0x00000000ff000000| Complete 
|2033|0x00000000ff100000, 0x00000000ff200000, 0x00000000ff200000|100%| E|CS|TAMS 0x00000000ff100000| PB 0x00000000ff100000| Complete 
|2034|0x00000000ff200000, 0x00000000ff300000, 0x00000000ff300000|100%| E|CS|TAMS 0x00000000ff200000| PB 0x00000000ff200000| Complete 
|2035|0x00000000ff300000, 0x00000000ff400000, 0x00000000ff400000|100%| E|CS|TAMS 0x00000000ff300000| PB 0x00000000ff300000| Complete 
|2036|0x00000000ff400000, 0x00000000ff500000, 0x00000000ff500000|100%| E|CS|TAMS 0x00000000ff400000| PB 0x00000000ff400000| Complete 
|2037|0x00000000ff500000, 0x00000000ff600000, 0x00000000ff600000|100%| E|CS|TAMS 0x00000000ff500000| PB 0x00000000ff500000| Complete 
|2038|0x00000000ff600000, 0x00000000ff700000, 0x00000000ff700000|100%| E|CS|TAMS 0x00000000ff600000| PB 0x00000000ff600000| Complete 
|2039|0x00000000ff700000, 0x00000000ff800000, 0x00000000ff800000|100%| E|CS|TAMS 0x00000000ff700000| PB 0x00000000ff700000| Complete 
|2040|0x00000000ff800000, 0x00000000ff900000, 0x00000000ff900000|100%| E|CS|TAMS 0x00000000ff800000| PB 0x00000000ff800000| Complete 
|2041|0x00000000ff900000, 0x00000000ffa00000, 0x00000000ffa00000|100%| E|CS|TAMS 0x00000000ff900000| PB 0x00000000ff900000| Complete 
|2042|0x00000000ffa00000, 0x00000000ffb00000, 0x00000000ffb00000|100%| O|  |TAMS 0x00000000ffa00000| PB 0x00000000ffa00000| Untracked 
|2043|0x00000000ffb00000, 0x00000000ffc00000, 0x00000000ffc00000|100%| O|  |TAMS 0x00000000ffb00000| PB 0x00000000ffb00000| Untracked 
|2044|0x00000000ffc00000, 0x00000000ffd00000, 0x00000000ffd00000|100%| O|  |TAMS 0x00000000ffc00000| PB 0x00000000ffc00000| Untracked 
|2045|0x00000000ffd00000, 0x00000000ffe00000, 0x00000000ffe00000|100%| O|  |TAMS 0x00000000ffd00000| PB 0x00000000ffd00000| Untracked 
|2046|0x00000000ffe00000, 0x00000000fff00000, 0x00000000fff00000|100%| O|  |TAMS 0x00000000ffe00000| PB 0x00000000ffe00000| Untracked 
|2047|0x00000000fff00000, 0x0000000100000000, 0x0000000100000000|100%| O|  |TAMS 0x00000000fff00000| PB 0x00000000fff00000| Untracked 

Card table byte_map: [0x000001592ab00000,0x000001592af00000] _byte_map_base: 0x000001592a700000

Marking Bits: (CMBitMap*) 0x00000159182d37d0
 Bits: [0x000001592af00000, 0x000001592cf00000)

Polling page: 0x0000015916400000

Metaspace:

Usage:
  Non-class:    113.61 MB used.
      Class:     17.36 MB used.
       Both:    130.96 MB used.

Virtual space:
  Non-class space:      128.00 MB reserved,     114.62 MB ( 90%) committed,  2 nodes.
      Class space:        1.00 GB reserved,      18.44 MB (  2%) committed,  1 nodes.
             Both:        1.12 GB reserved,     133.06 MB ( 12%) committed. 

Chunk freelists:
   Non-Class:  12.44 MB
       Class:  13.50 MB
        Both:  25.94 MB

MaxMetaspaceSize: unlimited
CompressedClassSpaceSize: 1.00 GB
Initial GC threshold: 21.00 MB
Current GC threshold: 218.06 MB
CDS: off
 - commit_granule_bytes: 65536.
 - commit_granule_words: 8192.
 - virtual_space_node_default_size: 8388608.
 - enlarge_chunks_in_place: 1.
 - use_allocation_guard: 0.


Internal statistics:

num_allocs_failed_limit: 9.
num_arena_births: 4276.
num_arena_deaths: 0.
num_vsnodes_births: 3.
num_vsnodes_deaths: 0.
num_space_committed: 2126.
num_space_uncommitted: 0.
num_chunks_returned_to_freelist: 9.
num_chunks_taken_from_freelist: 9752.
num_chunk_merges: 9.
num_chunk_splits: 6336.
num_chunks_enlarged: 4043.
num_inconsistent_stats: 0.

CodeHeap 'non-profiled nmethods': size=120000Kb used=9492Kb max_used=9492Kb free=110507Kb
 bounds [0x0000015922ea0000, 0x00000159237f0000, 0x000001592a3d0000]
CodeHeap 'profiled nmethods': size=120000Kb used=30479Kb max_used=30479Kb free=89520Kb
 bounds [0x000001591b3d0000, 0x000001591d1a0000, 0x0000015922900000]
CodeHeap 'non-nmethods': size=5760Kb used=2495Kb max_used=2528Kb free=3264Kb
 bounds [0x0000015922900000, 0x0000015922b90000, 0x0000015922ea0000]
 total_blobs=16676 nmethods=15730 adapters=848
 compilation: enabled
              stopped_count=0, restarted_count=0
 full_count=0

Compilation events (20 events):
Event: 55.119 Thread 0x000001592fb102c0 18998       3       org.gradle.api.internal.artifacts.ivyservice.ivyresolve.RepositoryChainArtifactResolver::lambda$resolveArtifact$0 (13 bytes)
Event: 55.119 Thread 0x000001592fb102c0 nmethod 18998 0x000001591d187190 code [0x000001591d187360, 0x000001591d187630]
Event: 55.119 Thread 0x000001592fb102c0 18999       3       org.gradle.api.internal.artifacts.repositories.resolver.ExternalResourceResolver$LocalRepositoryAccess::resolveArtifact (1 bytes)
Event: 55.120 Thread 0x000001592fb102c0 nmethod 18999 0x000001591d187790 code [0x000001591d187920, 0x000001591d187a28]
Event: 55.122 Thread 0x000001592fb102c0 19000       3       java.lang.invoke.VarHandleReferences$FieldInstanceReadWrite::setRelease (35 bytes)
Event: 55.123 Thread 0x000001592fb102c0 nmethod 19000 0x000001591d187b10 code [0x000001591d187d60, 0x000001591d188590]
Event: 55.128 Thread 0x000001592fb102c0 19001       3       org.gradle.api.internal.artifacts.ivyservice.modulecache.artifacts.DefaultModuleArtifactCache::lookup (14 bytes)
Event: 55.129 Thread 0x000001592fb102c0 nmethod 19001 0x000001591d188890 code [0x000001591d188a60, 0x000001591d188e70]
Event: 55.130 Thread 0x000001592fb102c0 19002       3       java.util.concurrent.ConcurrentLinkedQueue::poll (84 bytes)
Event: 55.134 Thread 0x000001592fb102c0 nmethod 19002 0x000001591d188f90 code [0x000001591d1895e0, 0x000001591d18cb80]
Event: 55.134 Thread 0x000001592fb102c0 19003       3       java.util.concurrent.ConcurrentLinkedQueue::updateHead (26 bytes)
Event: 55.136 Thread 0x000001592fb102c0 nmethod 19003 0x000001591d18db90 code [0x000001591d18df00, 0x000001591d18f3b0]
Event: 55.137 Thread 0x000001592fb102c0 19005       3       org.gradle.api.internal.artifacts.ivyservice.modulecache.artifacts.DefaultModuleArtifactCache$CachedArtifactSerializer::denormalizeAndResolveFilePath (55 bytes)
Event: 55.138 Thread 0x000001592fb102c0 nmethod 19005 0x00000159237e2190 code [0x00000159237e23c0, 0x00000159237e2a30]
Event: 55.140 Thread 0x000001592fb102c0 19007       3       org.gradle.api.internal.artifacts.ivyservice.resolutionstrategy.DefaultCachePolicy$$Lambda/0x00000001007af228::execute (16 bytes)
Event: 55.141 Thread 0x000001592fb102c0 nmethod 19007 0x00000159237e2c90 code [0x00000159237e2e60, 0x00000159237e3250]
Event: 55.141 Thread 0x000001592fb102c0 19008       3       org.gradle.api.internal.artifacts.ivyservice.resolutionstrategy.DefaultCachePolicy::lambda$cacheChangingModulesFor$2 (18 bytes)
Event: 55.141 Thread 0x000001592fb102c0 nmethod 19008 0x00000159237e3410 code [0x00000159237e35c0, 0x00000159237e3838]
Event: 55.149 Thread 0x000001592fb102c0 19010       3       com.google.common.collect.ImmutableSortedSet::asList (5 bytes)
Event: 55.149 Thread 0x000001592fb102c0 nmethod 19010 0x00000159237e3990 code [0x00000159237e3b60, 0x00000159237e3e48]

GC Heap History (20 events):
Event: 41.036 GC heap before
{Heap before GC invocations=47 (full 0):
 garbage-first heap   total 208896K, used 168813K [0x0000000080000000, 0x0000000100000000)
  region size 1024K, 52 young (53248K), 7 survivors (7168K)
 Metaspace       used 121591K, committed 123712K, reserved 1179648K
  class space    used 16501K, committed 17536K, reserved 1048576K
}
Event: 41.044 GC heap after
{Heap after GC invocations=48 (full 0):
 garbage-first heap   total 208896K, used 120966K [0x0000000080000000, 0x0000000100000000)
  region size 1024K, 6 young (6144K), 6 survivors (6144K)
 Metaspace       used 121591K, committed 123712K, reserved 1179648K
  class space    used 16501K, committed 17536K, reserved 1048576K
}
Event: 42.496 GC heap before
{Heap before GC invocations=48 (full 0):
 garbage-first heap   total 208896K, used 195718K [0x0000000080000000, 0x0000000100000000)
  region size 1024K, 71 young (72704K), 6 survivors (6144K)
 Metaspace       used 121901K, committed 124096K, reserved 1179648K
  class space    used 16503K, committed 17600K, reserved 1048576K
}
Event: 42.530 GC heap after
{Heap after GC invocations=49 (full 0):
 garbage-first heap   total 227328K, used 144384K [0x0000000080000000, 0x0000000100000000)
  region size 1024K, 9 young (9216K), 9 survivors (9216K)
 Metaspace       used 121901K, committed 124096K, reserved 1179648K
  class space    used 16503K, committed 17600K, reserved 1048576K
}
Event: 44.307 GC heap before
{Heap before GC invocations=49 (full 0):
 garbage-first heap   total 227328K, used 190464K [0x0000000080000000, 0x0000000100000000)
  region size 1024K, 55 young (56320K), 9 survivors (9216K)
 Metaspace       used 122361K, committed 124608K, reserved 1179648K
  class space    used 16553K, committed 17664K, reserved 1048576K
}
Event: 44.328 GC heap after
{Heap after GC invocations=50 (full 0):
 garbage-first heap   total 227328K, used 158078K [0x0000000080000000, 0x0000000100000000)
  region size 1024K, 8 young (8192K), 8 survivors (8192K)
 Metaspace       used 122361K, committed 124608K, reserved 1179648K
  class space    used 16553K, committed 17664K, reserved 1048576K
}
Event: 45.852 GC heap before
{Heap before GC invocations=51 (full 0):
 garbage-first heap   total 270336K, used 205182K [0x0000000080000000, 0x0000000100000000)
  region size 1024K, 47 young (48128K), 8 survivors (8192K)
 Metaspace       used 123693K, committed 125824K, reserved 1179648K
  class space    used 16726K, committed 17792K, reserved 1048576K
}
Event: 45.870 GC heap after
{Heap after GC invocations=52 (full 0):
 garbage-first heap   total 270336K, used 164848K [0x0000000080000000, 0x0000000100000000)
  region size 1024K, 6 young (6144K), 6 survivors (6144K)
 Metaspace       used 123693K, committed 125824K, reserved 1179648K
  class space    used 16726K, committed 17792K, reserved 1048576K
}
Event: 47.185 GC heap before
{Heap before GC invocations=52 (full 0):
 garbage-first heap   total 270336K, used 251888K [0x0000000080000000, 0x0000000100000000)
  region size 1024K, 65 young (66560K), 6 survivors (6144K)
 Metaspace       used 125659K, committed 127872K, reserved 1179648K
  class space    used 16925K, committed 18048K, reserved 1048576K
}
Event: 47.199 GC heap after
{Heap after GC invocations=53 (full 0):
 garbage-first heap   total 270336K, used 167377K [0x0000000080000000, 0x0000000100000000)
  region size 1024K, 4 young (4096K), 4 survivors (4096K)
 Metaspace       used 125659K, committed 127872K, reserved 1179648K
  class space    used 16925K, committed 18048K, reserved 1048576K
}
Event: 47.668 GC heap before
{Heap before GC invocations=53 (full 0):
 garbage-first heap   total 270336K, used 228817K [0x0000000080000000, 0x0000000100000000)
  region size 1024K, 65 young (66560K), 4 survivors (4096K)
 Metaspace       used 128016K, committed 130240K, reserved 1179648K
  class space    used 17136K, committed 18240K, reserved 1048576K
}
Event: 47.679 GC heap after
{Heap after GC invocations=54 (full 0):
 garbage-first heap   total 270336K, used 177152K [0x0000000080000000, 0x0000000100000000)
  region size 1024K, 9 young (9216K), 9 survivors (9216K)
 Metaspace       used 128016K, committed 130240K, reserved 1179648K
  class space    used 17136K, committed 18240K, reserved 1048576K
}
Event: 48.568 GC heap before
{Heap before GC invocations=55 (full 0):
 garbage-first heap   total 293888K, used 234496K [0x0000000080000000, 0x0000000100000000)
  region size 1024K, 67 young (68608K), 9 survivors (9216K)
 Metaspace       used 129466K, committed 131648K, reserved 1179648K
  class space    used 17268K, committed 18368K, reserved 1048576K
}
Event: 48.578 GC heap after
{Heap after GC invocations=56 (full 0):
 garbage-first heap   total 293888K, used 181688K [0x0000000080000000, 0x0000000100000000)
  region size 1024K, 5 young (5120K), 5 survivors (5120K)
 Metaspace       used 129466K, committed 131648K, reserved 1179648K
  class space    used 17268K, committed 18368K, reserved 1048576K
}
Event: 49.322 GC heap before
{Heap before GC invocations=56 (full 0):
 garbage-first heap   total 293888K, used 256440K [0x0000000080000000, 0x0000000100000000)
  region size 1024K, 77 young (78848K), 5 survivors (5120K)
 Metaspace       used 130445K, committed 132672K, reserved 1179648K
  class space    used 17359K, committed 18496K, reserved 1048576K
}
Event: 49.330 GC heap after
{Heap after GC invocations=57 (full 0):
 garbage-first heap   total 293888K, used 162681K [0x0000000080000000, 0x0000000100000000)
  region size 1024K, 7 young (7168K), 7 survivors (7168K)
 Metaspace       used 130445K, committed 132672K, reserved 1179648K
  class space    used 17359K, committed 18496K, reserved 1048576K
}
Event: 50.345 GC heap before
{Heap before GC invocations=57 (full 0):
 garbage-first heap   total 293888K, used 252793K [0x0000000080000000, 0x0000000100000000)
  region size 1024K, 96 young (98304K), 7 survivors (7168K)
 Metaspace       used 131605K, committed 133760K, reserved 1179648K
  class space    used 17483K, committed 18560K, reserved 1048576K
}
Event: 50.357 GC heap after
{Heap after GC invocations=58 (full 0):
 garbage-first heap   total 293888K, used 165712K [0x0000000080000000, 0x0000000100000000)
  region size 1024K, 10 young (10240K), 10 survivors (10240K)
 Metaspace       used 131605K, committed 133760K, reserved 1179648K
  class space    used 17483K, committed 18560K, reserved 1048576K
}
Event: 54.311 GC heap before
{Heap before GC invocations=59 (full 0):
 garbage-first heap   total 293888K, used 256848K [0x0000000080000000, 0x0000000100000000)
  region size 1024K, 109 young (111616K), 10 survivors (10240K)
 Metaspace       used 133951K, committed 136128K, reserved 1179648K
  class space    used 17763K, committed 18816K, reserved 1048576K
}
Event: 54.326 GC heap after
{Heap after GC invocations=60 (full 0):
 garbage-first heap   total 293888K, used 157215K [0x0000000080000000, 0x0000000100000000)
  region size 1024K, 10 young (10240K), 10 survivors (10240K)
 Metaspace       used 133951K, committed 136128K, reserved 1179648K
  class space    used 17763K, committed 18816K, reserved 1048576K
}

Dll operation events (3 events):
Event: 0.013 Loaded shared library D:\AndroiStudio\jbr\bin\java.dll
Event: 0.020 Loaded shared library D:\AndroiStudio\jbr\bin\zip.dll
Event: 0.666 Loaded shared library D:\AndroiStudio\jbr\bin\verify.dll

Deoptimization events (20 events):
Event: 54.476 Thread 0x000001593624b020 Uncommon trap: trap_request=0xffffff45 fr.pc=0x0000015923008910 relative=0x0000000000002d70
Event: 54.476 Thread 0x000001593624b020 Uncommon trap: reason=unstable_if action=reinterpret pc=0x0000015923008910 method=java.util.zip.ZipFile$Source.initCEN(I)V @ 16 c2
Event: 54.476 Thread 0x000001593624b020 DEOPT PACKING pc=0x0000015923008910 sp=0x00000027d61fb4e0
Event: 54.476 Thread 0x000001593624b020 DEOPT UNPACKING pc=0x0000015922957da2 sp=0x00000027d61fb4b8 mode 2
Event: 54.601 Thread 0x0000015936251fb0 Uncommon trap: trap_request=0xffffff45 fr.pc=0x00000159237b8a74 relative=0x0000000000000994
Event: 54.601 Thread 0x0000015936251fb0 Uncommon trap: reason=unstable_if action=reinterpret pc=0x00000159237b8a74 method=java.util.zip.InflaterInputStream.read([BII)I @ 74 c2
Event: 54.601 Thread 0x0000015936251fb0 DEOPT PACKING pc=0x00000159237b8a74 sp=0x00000027d5ffafb0
Event: 54.601 Thread 0x0000015936251fb0 DEOPT UNPACKING pc=0x0000015922957da2 sp=0x00000027d5ffaf70 mode 2
Event: 54.697 Thread 0x0000015936251fb0 Uncommon trap: trap_request=0x00000017 fr.pc=0x00000159237785fc relative=0x00000000000000dc
Event: 54.697 Thread 0x0000015936251fb0 Uncommon trap: reason=unloaded action=reinterpret pc=0x00000159237785fc method=com.esotericsoftware.kryo.io.Output.flush()V @ 28 c2
Event: 54.697 Thread 0x0000015936251fb0 DEOPT PACKING pc=0x00000159237785fc sp=0x00000027d5ffd0d0
Event: 54.697 Thread 0x0000015936251fb0 DEOPT UNPACKING pc=0x0000015922957da2 sp=0x00000027d5ffd060 mode 2
Event: 55.068 Thread 0x0000015936251fb0 Uncommon trap: trap_request=0xffffff45 fr.pc=0x00000159237dc36c relative=0x0000000000000b8c
Event: 55.068 Thread 0x0000015936251fb0 Uncommon trap: reason=unstable_if action=reinterpret pc=0x00000159237dc36c method=java.util.concurrent.ConcurrentLinkedQueue.updateHead(Ljava/util/concurrent/ConcurrentLinkedQueue$Node;Ljava/util/concurrent/ConcurrentLinkedQueue$Node;)V @ 14 c2
Event: 55.068 Thread 0x0000015936251fb0 DEOPT PACKING pc=0x00000159237dc36c sp=0x00000027d5ffc0c0
Event: 55.068 Thread 0x0000015936251fb0 DEOPT UNPACKING pc=0x0000015922957da2 sp=0x00000027d5ffbf98 mode 2
Event: 55.121 Thread 0x0000015936251fb0 Uncommon trap: trap_request=0xffffff45 fr.pc=0x0000015923246c90 relative=0x00000000000004d0
Event: 55.121 Thread 0x0000015936251fb0 Uncommon trap: reason=unstable_if action=reinterpret pc=0x0000015923246c90 method=java.util.concurrent.ConcurrentLinkedQueue.poll()Ljava/lang/Object; @ 24 c2
Event: 55.121 Thread 0x0000015936251fb0 DEOPT PACKING pc=0x0000015923246c90 sp=0x00000027d5ffc080
Event: 55.122 Thread 0x0000015936251fb0 DEOPT UNPACKING pc=0x0000015922957da2 sp=0x00000027d5ffc028 mode 2

Classes loaded (20 events):
Event: 51.772 Loading class com/sun/xml/internal/stream/StaxXMLInputSource
Event: 51.772 Loading class com/sun/xml/internal/stream/StaxXMLInputSource done
Event: 51.772 Loading class com/sun/xml/internal/stream/Entity$InternalEntity
Event: 51.773 Loading class com/sun/xml/internal/stream/Entity$InternalEntity done
Event: 51.786 Loading class com/sun/org/apache/xerces/internal/dom/DeferredDocumentTypeImpl
Event: 51.787 Loading class com/sun/org/apache/xerces/internal/dom/DeferredDocumentTypeImpl done
Event: 51.796 Loading class com/sun/org/apache/xerces/internal/dom/DeferredEntityImpl
Event: 51.797 Loading class com/sun/org/apache/xerces/internal/dom/EntityImpl
Event: 51.797 Loading class org/w3c/dom/Entity
Event: 51.797 Loading class org/w3c/dom/Entity done
Event: 51.797 Loading class com/sun/org/apache/xerces/internal/dom/EntityImpl done
Event: 51.797 Loading class com/sun/org/apache/xerces/internal/dom/DeferredEntityImpl done
Event: 53.428 Loading class java/util/zip/ZipFile$ZipEntryIterator
Event: 53.431 Loading class java/util/zip/ZipFile$ZipEntryIterator done
Event: 54.297 Loading class java/io/PushbackInputStream
Event: 54.298 Loading class java/io/PushbackInputStream done
Event: 54.373 Loading class java/util/zip/ZipFile$EntrySpliterator
Event: 54.373 Loading class java/util/Spliterators$AbstractSpliterator
Event: 54.374 Loading class java/util/Spliterators$AbstractSpliterator done
Event: 54.374 Loading class java/util/zip/ZipFile$EntrySpliterator done

Classes unloaded (0 events):
No events

Classes redefined (0 events):
No events

Internal exceptions (20 events):
Event: 54.595 Thread 0x0000015935ff5700 Exception <a 'sun/nio/fs/WindowsException'{0x00000000ff92ce50}> (0x00000000ff92ce50) 
thrown [s\src\hotspot\share\prims\jni.cpp, line 535]
Event: 54.601 Thread 0x000001593624a990 Exception <a 'sun/nio/fs/WindowsException'{0x000000008fcf0b60}> (0x000000008fcf0b60) 
thrown [s\src\hotspot\share\prims\jni.cpp, line 535]
Event: 54.618 Thread 0x000001593624d780 Exception <a 'sun/nio/fs/WindowsException'{0x000000008f9ed800}> (0x000000008f9ed800) 
thrown [s\src\hotspot\share\prims\jni.cpp, line 535]
Event: 54.622 Thread 0x0000015935ff5700 Exception <a 'sun/nio/fs/WindowsException'{0x000000008f838258}> (0x000000008f838258) 
thrown [s\src\hotspot\share\prims\jni.cpp, line 535]
Event: 54.622 Thread 0x0000015935ff5700 Exception <a 'sun/nio/fs/WindowsException'{0x000000008f838448}> (0x000000008f838448) 
thrown [s\src\hotspot\share\prims\jni.cpp, line 535]
Event: 54.680 Thread 0x0000015935ff5700 Exception <a 'sun/nio/fs/WindowsException'{0x000000008f6eb7c0}> (0x000000008f6eb7c0) 
thrown [s\src\hotspot\share\prims\jni.cpp, line 535]
Event: 54.690 Thread 0x0000015936251fb0 Exception <a 'sun/nio/fs/WindowsException'{0x000000008f36c9e0}> (0x000000008f36c9e0) 
thrown [s\src\hotspot\share\prims\jni.cpp, line 535]
Event: 54.697 Thread 0x0000015936251fb0 Exception <a 'java/io/IOException'{0x000000008f3a1118}> (0x000000008f3a1118) 
thrown [s\src\hotspot\share\prims\jni.cpp, line 535]
Event: 54.914 Thread 0x000001593624d780 Exception <a 'sun/nio/fs/WindowsException'{0x000000008eca5f60}> (0x000000008eca5f60) 
thrown [s\src\hotspot\share\prims\jni.cpp, line 535]
Event: 54.914 Thread 0x000001593624d780 Exception <a 'sun/nio/fs/WindowsException'{0x000000008eca6160}> (0x000000008eca6160) 
thrown [s\src\hotspot\share\prims\jni.cpp, line 535]
Event: 54.935 Thread 0x000001593624d780 Exception <a 'sun/nio/fs/WindowsException'{0x000000008e825af8}> (0x000000008e825af8) 
thrown [s\src\hotspot\share\prims\jni.cpp, line 535]
Event: 54.951 Thread 0x0000015936251fb0 Exception <a 'sun/nio/fs/WindowsException'{0x000000008e745858}> (0x000000008e745858) 
thrown [s\src\hotspot\share\prims\jni.cpp, line 535]
Event: 54.951 Thread 0x0000015936251fb0 Exception <a 'sun/nio/fs/WindowsException'{0x000000008e745a40}> (0x000000008e745a40) 
thrown [s\src\hotspot\share\prims\jni.cpp, line 535]
Event: 54.983 Thread 0x0000015936251fb0 Exception <a 'sun/nio/fs/WindowsException'{0x000000008e03cbf0}> (0x000000008e03cbf0) 
thrown [s\src\hotspot\share\prims\jni.cpp, line 535]
Event: 55.016 Thread 0x000001593624fee0 Exception <a 'sun/nio/fs/WindowsException'{0x000000008dd8e8e0}> (0x000000008dd8e8e0) 
thrown [s\src\hotspot\share\prims\jni.cpp, line 535]
Event: 55.016 Thread 0x000001593624fee0 Exception <a 'sun/nio/fs/WindowsException'{0x000000008dd8eae0}> (0x000000008dd8eae0) 
thrown [s\src\hotspot\share\prims\jni.cpp, line 535]
Event: 55.036 Thread 0x000001593624fee0 Exception <a 'sun/nio/fs/WindowsException'{0x000000008d9012f8}> (0x000000008d9012f8) 
thrown [s\src\hotspot\share\prims\jni.cpp, line 535]
Event: 55.073 Thread 0x000001593624b020 Exception <a 'sun/nio/fs/WindowsException'{0x000000008d6bea80}> (0x000000008d6bea80) 
thrown [s\src\hotspot\share\prims\jni.cpp, line 535]
Event: 55.079 Thread 0x0000015935ff5700 Exception <a 'sun/nio/fs/WindowsException'{0x000000008d525e70}> (0x000000008d525e70) 
thrown [s\src\hotspot\share\prims\jni.cpp, line 535]
Event: 55.090 Thread 0x0000015936251fb0 Exception <a 'sun/nio/fs/WindowsException'{0x000000008d49e680}> (0x000000008d49e680) 
thrown [s\src\hotspot\share\prims\jni.cpp, line 535]

ZGC Phase Switch (0 events):
No events

VM Operations (20 events):
Event: 50.495 Executing VM operation: G1PauseRemark
Event: 50.505 Executing VM operation: G1PauseRemark done
Event: 50.593 Executing VM operation: G1PauseCleanup
Event: 50.594 Executing VM operation: G1PauseCleanup done
Event: 51.597 Executing VM operation: Cleanup
Event: 51.597 Executing VM operation: Cleanup done
Event: 51.762 Executing VM operation: HandshakeAllThreads (Deoptimize)
Event: 51.762 Executing VM operation: HandshakeAllThreads (Deoptimize) done
Event: 51.777 Executing VM operation: HandshakeAllThreads (Deoptimize)
Event: 51.777 Executing VM operation: HandshakeAllThreads (Deoptimize) done
Event: 51.795 Executing VM operation: HandshakeAllThreads (Deoptimize)
Event: 51.796 Executing VM operation: HandshakeAllThreads (Deoptimize) done
Event: 52.802 Executing VM operation: Cleanup
Event: 52.803 Executing VM operation: Cleanup done
Event: 53.778 Executing VM operation: HandshakeAllThreads (Deoptimize)
Event: 53.779 Executing VM operation: HandshakeAllThreads (Deoptimize) done
Event: 53.826 Executing VM operation: ICBufferFull
Event: 53.826 Executing VM operation: ICBufferFull done
Event: 54.311 Executing VM operation: G1CollectForAllocation (G1 Evacuation Pause)
Event: 54.326 Executing VM operation: G1CollectForAllocation (G1 Evacuation Pause) done

Memory protections (0 events):
No events

Nmethod flushes (20 events):
Event: 50.503 Thread 0x000001592f910950 flushing  nmethod 0x000001591c886290
Event: 50.503 Thread 0x000001592f910950 flushing  nmethod 0x000001591c886810
Event: 50.503 Thread 0x000001592f910950 flushing  nmethod 0x000001591ca78210
Event: 50.503 Thread 0x000001592f910950 flushing  nmethod 0x000001591cae6c10
Event: 50.503 Thread 0x000001592f910950 flushing  nmethod 0x000001591cb57010
Event: 50.503 Thread 0x000001592f910950 flushing  nmethod 0x000001591cb63910
Event: 50.503 Thread 0x000001592f910950 flushing  nmethod 0x000001591cb6d890
Event: 50.503 Thread 0x000001592f910950 flushing  nmethod 0x000001591cb6e090
Event: 50.503 Thread 0x000001592f910950 flushing  nmethod 0x000001591cbc1810
Event: 50.503 Thread 0x000001592f910950 flushing  nmethod 0x000001591cbcb290
Event: 50.503 Thread 0x000001592f910950 flushing  nmethod 0x000001591cbcbd90
Event: 50.503 Thread 0x000001592f910950 flushing  nmethod 0x000001591cbcec10
Event: 50.503 Thread 0x000001592f910950 flushing  nmethod 0x000001591cbcf110
Event: 50.503 Thread 0x000001592f910950 flushing  nmethod 0x000001591cc9ee10
Event: 50.503 Thread 0x000001592f910950 flushing  nmethod 0x000001591cd1e190
Event: 50.503 Thread 0x000001592f910950 flushing  nmethod 0x000001591cd1e990
Event: 50.503 Thread 0x000001592f910950 flushing  nmethod 0x000001591cd26a90
Event: 50.503 Thread 0x000001592f910950 flushing  nmethod 0x000001591cd26e10
Event: 50.503 Thread 0x000001592f910950 flushing  nmethod 0x000001591cd27190
Event: 50.503 Thread 0x000001592f910950 flushing  nmethod 0x000001591cd27e90

Events (20 events):
Event: 49.420 Thread 0x0000015935ff5700 Thread added: 0x000001593f306950
Event: 49.985 Thread 0x0000015935ff5700 Thread added: 0x000001593f307d00
Event: 49.986 Thread 0x0000015935ff5700 Thread added: 0x000001593f304880
Event: 49.987 Thread 0x0000015935ff5700 Thread added: 0x000001593f306fe0
Event: 49.987 Thread 0x0000015935ff5700 Thread added: 0x000001593f308390
Event: 49.987 Thread 0x0000015935ff5700 Thread added: 0x000001593f3055a0
Event: 49.987 Thread 0x0000015935ff5700 Thread added: 0x000001593f30bea0
Event: 49.988 Thread 0x0000015935ff5700 Thread added: 0x000001593f304f10
Event: 50.144 Thread 0x0000015935ff5700 Thread added: 0x000001593f7a4700
Event: 50.144 Thread 0x0000015935ff5700 Thread added: 0x000001593f7a7b80
Event: 50.144 Thread 0x0000015935ff5700 Thread added: 0x000001593f7a67d0
Event: 50.144 Thread 0x0000015935ff5700 Thread added: 0x000001593f7a74f0
Event: 50.145 Thread 0x0000015935ff5700 Thread added: 0x000001593f7a8210
Event: 50.145 Thread 0x0000015935ff5700 Thread added: 0x000001593f7a4070
Event: 50.145 Thread 0x0000015935ff5700 Thread added: 0x000001593f7a95c0
Event: 51.871 Thread 0x0000015935ff9210 Thread added: 0x000001593edc7be0
Event: 51.872 Thread 0x0000015935ff9210 Thread added: 0x000001593edc4760
Event: 51.872 Thread 0x0000015935ff9210 Thread added: 0x000001593edc8270
Event: 53.806 Thread 0x0000015935ff5700 Thread added: 0x000001593edc9cb0
Event: 53.806 Thread 0x0000015935ff5700 Thread added: 0x000001593edcb6f0


Dynamic libraries:
0x00007ff7e0520000 - 0x00007ff7e052a000 	D:\AndroiStudio\jbr\bin\java.exe
0x00007ff92b810000 - 0x00007ff92ba27000 	C:\WINDOWS\SYSTEM32\ntdll.dll
0x00007ff92a540000 - 0x00007ff92a604000 	C:\WINDOWS\System32\KERNEL32.DLL
0x00007ff928900000 - 0x00007ff928cd3000 	C:\WINDOWS\System32\KERNELBASE.dll
0x00007ff9291e0000 - 0x00007ff9292f1000 	C:\WINDOWS\System32\ucrtbase.dll
0x00007ff923d50000 - 0x00007ff923d6b000 	D:\AndroiStudio\jbr\bin\VCRUNTIME140.dll
0x00007ff90f9b0000 - 0x00007ff90f9c8000 	D:\AndroiStudio\jbr\bin\jli.dll
0x00007ff92a2f0000 - 0x00007ff92a4a1000 	C:\WINDOWS\System32\USER32.dll
0x00007ff918fc0000 - 0x00007ff91925b000 	C:\WINDOWS\WinSxS\amd64_microsoft.windows.common-controls_6595b64144ccf1df_6.0.22621.5262_none_2712bde373830908\COMCTL32.dll
0x00007ff929130000 - 0x00007ff929156000 	C:\WINDOWS\System32\win32u.dll
0x00007ff92a840000 - 0x00007ff92a869000 	C:\WINDOWS\System32\GDI32.dll
0x00007ff92a240000 - 0x00007ff92a2e7000 	C:\WINDOWS\System32\msvcrt.dll
0x00007ff928e20000 - 0x00007ff928f42000 	C:\WINDOWS\System32\gdi32full.dll
0x00007ff928fd0000 - 0x00007ff92906a000 	C:\WINDOWS\System32\msvcp_win.dll
0x00007ff92a4b0000 - 0x00007ff92a4e1000 	C:\WINDOWS\System32\IMM32.DLL
0x00007ff924aa0000 - 0x00007ff924aac000 	D:\AndroiStudio\jbr\bin\vcruntime140_1.dll
0x00007ff8e2cb0000 - 0x00007ff8e2d3d000 	D:\AndroiStudio\jbr\bin\msvcp140.dll
0x00007ff8b7fa0000 - 0x00007ff8b8c2a000 	D:\AndroiStudio\jbr\bin\server\jvm.dll
0x00007ff92a180000 - 0x00007ff92a231000 	C:\WINDOWS\System32\ADVAPI32.dll
0x00007ff92a870000 - 0x00007ff92a917000 	C:\WINDOWS\System32\sechost.dll
0x00007ff929300000 - 0x00007ff929328000 	C:\WINDOWS\System32\bcrypt.dll
0x00007ff92a610000 - 0x00007ff92a724000 	C:\WINDOWS\System32\RPCRT4.dll
0x00007ff92a920000 - 0x00007ff92a991000 	C:\WINDOWS\System32\WS2_32.dll
0x00007ff928720000 - 0x00007ff92876d000 	C:\WINDOWS\SYSTEM32\POWRPROF.dll
0x00007ff924180000 - 0x00007ff9241b4000 	C:\WINDOWS\SYSTEM32\WINMM.dll
0x00007ff91e2e0000 - 0x00007ff91e2ea000 	C:\WINDOWS\SYSTEM32\VERSION.dll
0x00007ff928600000 - 0x00007ff928613000 	C:\WINDOWS\SYSTEM32\UMPDC.dll
0x00007ff927940000 - 0x00007ff927958000 	C:\WINDOWS\SYSTEM32\kernel.appcore.dll
0x00007ff924270000 - 0x00007ff92427a000 	D:\AndroiStudio\jbr\bin\jimage.dll
0x00007ff9258e0000 - 0x00007ff925b12000 	C:\WINDOWS\SYSTEM32\DBGHELP.DLL
0x00007ff929b60000 - 0x00007ff929ef3000 	C:\WINDOWS\System32\combase.dll
0x00007ff92b530000 - 0x00007ff92b607000 	C:\WINDOWS\System32\OLEAUT32.dll
0x00007ff90ab60000 - 0x00007ff90ab92000 	C:\WINDOWS\SYSTEM32\dbgcore.DLL
0x00007ff929160000 - 0x00007ff9291db000 	C:\WINDOWS\System32\bcryptPrimitives.dll
0x00007ff90ff00000 - 0x00007ff90ff0e000 	D:\AndroiStudio\jbr\bin\instrument.dll
0x00007ff91adc0000 - 0x00007ff91ade0000 	D:\AndroiStudio\jbr\bin\java.dll
0x00007ff91a810000 - 0x00007ff91a828000 	D:\AndroiStudio\jbr\bin\zip.dll
0x00007ff92ac90000 - 0x00007ff92b52d000 	C:\WINDOWS\System32\SHELL32.dll
0x00007ff928ce0000 - 0x00007ff928e1f000 	C:\WINDOWS\System32\wintypes.dll
0x00007ff926840000 - 0x00007ff92715d000 	C:\WINDOWS\SYSTEM32\windows.storage.dll
0x00007ff92a730000 - 0x00007ff92a83b000 	C:\WINDOWS\System32\SHCORE.dll
0x00007ff92ac20000 - 0x00007ff92ac86000 	C:\WINDOWS\System32\shlwapi.dll
0x00007ff928830000 - 0x00007ff92885b000 	C:\WINDOWS\SYSTEM32\profapi.dll
0x00007ff921cd0000 - 0x00007ff921ce0000 	D:\AndroiStudio\jbr\bin\net.dll
0x00007ff925540000 - 0x00007ff92566c000 	C:\WINDOWS\SYSTEM32\WINHTTP.dll
0x00007ff927dc0000 - 0x00007ff927e2a000 	C:\WINDOWS\system32\mswsock.dll
0x00007ff90ec80000 - 0x00007ff90ec96000 	D:\AndroiStudio\jbr\bin\nio.dll
0x00007ff924ea0000 - 0x00007ff924eb0000 	D:\AndroiStudio\jbr\bin\verify.dll
0x00007ff8ff400000 - 0x00007ff8ff427000 	C:\Users\Admin\.gradle\native\c067742578af261105cb4f569cf0c3c89f3d7b1fecec35dd04571415982c5e48\windows-amd64\native-platform.dll
0x00007ff8df460000 - 0x00007ff8df5a4000 	C:\Users\Admin\.gradle\native\100fb08df4bc3b14c8652ba06237920a3bd2aa13389f12d3474272988ae205f9\windows-amd64\native-platform-file-events.dll
0x00007ff91af80000 - 0x00007ff91af89000 	D:\AndroiStudio\jbr\bin\management.dll
0x00007ff91acd0000 - 0x00007ff91acdb000 	D:\AndroiStudio\jbr\bin\management_ext.dll
0x00007ff92aa40000 - 0x00007ff92aa48000 	C:\WINDOWS\System32\PSAPI.DLL
0x00007ff928010000 - 0x00007ff92802b000 	C:\WINDOWS\SYSTEM32\CRYPTSP.dll
0x00007ff9278a0000 - 0x00007ff9278d7000 	C:\WINDOWS\system32\rsaenh.dll
0x00007ff927eb0000 - 0x00007ff927ed8000 	C:\WINDOWS\SYSTEM32\USERENV.dll
0x00007ff928030000 - 0x00007ff92803c000 	C:\WINDOWS\SYSTEM32\CRYPTBASE.dll
0x00007ff9273c0000 - 0x00007ff9273ed000 	C:\WINDOWS\SYSTEM32\IPHLPAPI.DLL
0x00007ff92aa30000 - 0x00007ff92aa39000 	C:\WINDOWS\System32\NSI.dll
0x00007ff91da90000 - 0x00007ff91da99000 	D:\AndroiStudio\jbr\bin\extnet.dll
0x00007ff8f2ac0000 - 0x00007ff8f2ac8000 	C:\WINDOWS\system32\wshunix.dll
0x00007ff8ec180000 - 0x00007ff8ec197000 	C:\WINDOWS\system32\napinsp.dll
0x00007ff8eb970000 - 0x00007ff8eb98b000 	C:\WINDOWS\system32\pnrpnsp.dll
0x00007ff927430000 - 0x00007ff927528000 	C:\WINDOWS\SYSTEM32\DNSAPI.dll
0x00007ff8eb330000 - 0x00007ff8eb341000 	C:\WINDOWS\System32\winrnr.dll
0x00007ff904980000 - 0x00007ff90499f000 	C:\WINDOWS\system32\wshbth.dll
0x00007ff8ec060000 - 0x00007ff8ec081000 	C:\WINDOWS\system32\nlansp_c.dll
0x00007ff9240e0000 - 0x00007ff9240ea000 	C:\Windows\System32\rasadhlp.dll
0x00007ff923e50000 - 0x00007ff923ed3000 	C:\WINDOWS\System32\fwpuclnt.dll
0x00007ff927a50000 - 0x00007ff927a84000 	C:\WINDOWS\SYSTEM32\ntmarta.dll

dbghelp: loaded successfully - version: 4.0.5 - missing functions: none
symbol engine: initialized successfully - sym options: 0x614 - pdb path: .;D:\AndroiStudio\jbr\bin;C:\WINDOWS\SYSTEM32;C:\WINDOWS\WinSxS\amd64_microsoft.windows.common-controls_6595b64144ccf1df_6.0.22621.5262_none_2712bde373830908;D:\AndroiStudio\jbr\bin\server;C:\Users\Admin\.gradle\native\c067742578af261105cb4f569cf0c3c89f3d7b1fecec35dd04571415982c5e48\windows-amd64;C:\Users\Admin\.gradle\native\100fb08df4bc3b14c8652ba06237920a3bd2aa13389f12d3474272988ae205f9\windows-amd64

VM Arguments:
jvm_args: --add-opens=java.base/java.lang=ALL-UNNAMED --add-opens=java.base/java.lang.invoke=ALL-UNNAMED --add-opens=java.base/java.util=ALL-UNNAMED --add-opens=java.prefs/java.util.prefs=ALL-UNNAMED --add-exports=jdk.compiler/com.sun.tools.javac.api=ALL-UNNAMED --add-exports=jdk.compiler/com.sun.tools.javac.util=ALL-UNNAMED --add-opens=java.base/java.util=ALL-UNNAMED --add-opens=java.prefs/java.util.prefs=ALL-UNNAMED --add-opens=java.base/java.nio.charset=ALL-UNNAMED --add-opens=java.base/java.net=ALL-UNNAMED --add-opens=java.base/java.util.concurrent.atomic=ALL-UNNAMED --add-opens=java.xml/javax.xml.namespace=ALL-UNNAMED -Xmx2048m -Dfile.encoding=UTF-8 -Duser.country=VN -Duser.language=vi -Duser.variant -javaagent:C:\Users\Admin\.gradle\wrapper\dists\gradle-8.11.1-bin\bpt9gzteqjrbo1mjrsomdt32c\gradle-8.11.1\lib\agents\gradle-instrumentation-agent-8.11.1.jar 
java_command: org.gradle.launcher.daemon.bootstrap.GradleDaemon 8.11.1
java_class_path (initial): C:\Users\Admin\.gradle\wrapper\dists\gradle-8.11.1-bin\bpt9gzteqjrbo1mjrsomdt32c\gradle-8.11.1\lib\gradle-daemon-main-8.11.1.jar
Launcher Type: SUN_STANDARD

[Global flags]
     intx CICompilerCount                          = 4                                         {product} {ergonomic}
     uint ConcGCThreads                            = 2                                         {product} {ergonomic}
     uint G1ConcRefinementThreads                  = 8                                         {product} {ergonomic}
   size_t G1HeapRegionSize                         = 1048576                                   {product} {ergonomic}
    uintx GCDrainStackTargetSize                   = 64                                        {product} {ergonomic}
   size_t InitialHeapSize                          = 130023424                                 {product} {ergonomic}
   size_t MarkStackSize                            = 4194304                                   {product} {ergonomic}
   size_t MaxHeapSize                              = 2147483648                                {product} {command line}
   size_t MaxNewSize                               = 1287651328                                {product} {ergonomic}
   size_t MinHeapDeltaBytes                        = 1048576                                   {product} {ergonomic}
   size_t MinHeapSize                              = 8388608                                   {product} {ergonomic}
    uintx NonNMethodCodeHeapSize                   = 5839372                                {pd product} {ergonomic}
    uintx NonProfiledCodeHeapSize                  = 122909434                              {pd product} {ergonomic}
    uintx ProfiledCodeHeapSize                     = 122909434                              {pd product} {ergonomic}
    uintx ReservedCodeCacheSize                    = 251658240                              {pd product} {ergonomic}
     bool SegmentedCodeCache                       = true                                      {product} {ergonomic}
   size_t SoftMaxHeapSize                          = 2147483648                             {manageable} {ergonomic}
     bool UseCompressedOops                        = true                           {product lp64_product} {ergonomic}
     bool UseG1GC                                  = true                                      {product} {ergonomic}
     bool UseLargePagesIndividualAllocation        = false                                  {pd product} {ergonomic}

Logging:
Log output configuration:
 #0: stdout all=warning uptime,level,tags foldmultilines=false
 #1: stderr all=off uptime,level,tags foldmultilines=false

Environment Variables:
JAVA_HOME=D:\jdk23
PATH=D:\python\Scripts\;D:\python\;C:\Program Files\Common Files\Oracle\Java\javapath;C:\Windows\system32;C:\Windows;C:\Windows\System32\Wbem;C:\Windows\System32\WindowsPowerShell\v1.0\;C:\Windows\System32\OpenSSH\;C:\Program Files\dotnet\;C:\Program Files\Microsoft SQL Server\Client SDK\ODBC\170\Tools\Binn\;C:\Program Files\Microsoft SQL Server\160\DTS\Binn\;C:\Program Files (x86)\Windows Kits\10\Windows Performance Toolkit\;C:\xampp\php;C:\ProgramData\ComposerSetup\bin;C:\WINDOWS\system32;C:\WINDOWS;C:\WINDOWS\System32\Wbem;C:\WINDOWS\System32\WindowsPowerShell\v1.0\;C:\WINDOWS\System32\OpenSSH\;C:\Program Files\Microsoft SQL Server\130\DTS\Binn\;C:\Program Files\Microsoft SQL Server\140\DTS\Binn\;C:\Program Files\Microsoft SQL Server\150\DTS\Binn\;C:\Program Files\Git\cmd;D:\NoteJS\;C:\Users\Admin\miniconda3;C:\Users\Admin\miniconda3\Library\mingw-w64\bin;C:\Users\Admin\miniconda3\Library\usr\bin;C:\Users\Admin\miniconda3\Library\bin;C:\Users\Admin\miniconda3\Scripts;C:\Users\Admin\AppData\Local\Microsoft\WindowsApps;C:\Users\Admin\.dotnet\tools;C:\Users\Admin\AppData\Local\Programs\Microsoft VS Code\bin;C:\MinGW\bin;D:\IntelliJ IDEA Community Edition 2024.3.1.1\bin;;C:\Program Files\JetBrains\PyCharm Community Edition 2023.2.5\bin;;C:\Program Files\Azure Data Studio\bin;C:\Users\Admin\AppData\Roaming\Composer\vendor\bin;C:\Program Files\JetBrains\IntelliJ IDEA 2024.3\bin;;C:\Users\Admin\AppData\Roaming\npm;C:\Users\Admin\AppData\Local\GitHubDesktop\bin
USERNAME=Admin
OS=Windows_NT
PROCESSOR_IDENTIFIER=Intel64 Family 6 Model 140 Stepping 1, GenuineIntel
TMP=C:\Users\Admin\AppData\Local\Temp
TEMP=C:\Users\Admin\AppData\Local\Temp




Periodic native trim disabled

JNI global refs:
JNI global refs: 29, weak refs: 12

JNI global refs memory usage: 835, weak refs: 833

Process memory usage:
Resident Set Size: 517028K (6% of 8104728K total physical memory with 214720K free physical memory)

OOME stack traces (most recent first):
Classloader memory used:
Loader org.gradle.internal.classloader.VisitableURLClassLoader                         : 42374K
Loader org.gradle.internal.classloader.VisitableURLClassLoader$InstrumentingVisitableURLClassLoader: 40672K
Loader bootstrap                                                                       : 35751K
Loader org.gradle.initialization.MixInLegacyTypesClassLoader                           : 13580K
Loader jdk.internal.loader.ClassLoaders$PlatformClassLoader                            : 843K
Loader jdk.internal.reflect.DelegatingClassLoader                                      : 421K
Loader jdk.internal.loader.ClassLoaders$AppClassLoader                                 : 234K
Loader org.gradle.internal.classloader.VisitableURLClassLoader                         : 230K

Classes loaded by more than one classloader:
Class Program                                                                         : loaded 5 times (x 68B)
Class Build_gradle                                                                    : loaded 3 times (x 126B)
Class Build_gradle$1                                                                  : loaded 3 times (x 70B)
Class com.google.common.collect.RegularImmutableMap$KeySet                            : loaded 2 times (x 146B)
Class org.gradle.internal.classloader.FilteringClassLoader                            : loaded 2 times (x 101B)
Class [Lcom.google.common.collect.MapMakerInternalMap$Segment;                        : loaded 2 times (x 65B)
Class com.google.common.io.FileWriteMode                                              : loaded 2 times (x 75B)
Class [Lcom.google.common.base.AbstractIterator$State;                                : loaded 2 times (x 65B)
Class com.google.common.base.CharMatcher$IsEither                                     : loaded 2 times (x 107B)
Class org.gradle.internal.classloader.ClassLoaderHierarchy                            : loaded 2 times (x 66B)
Class com.google.common.collect.AbstractMapBasedMultimap$WrappedCollection            : loaded 2 times (x 120B)
Class com.google.common.collect.ImmutableEnumSet                                      : loaded 2 times (x 142B)
Class com.google.common.util.concurrent.ExecutionError                                : loaded 2 times (x 78B)
Class com.google.common.collect.ImmutableList$1                                       : loaded 2 times (x 93B)
Class org.gradle.api.internal.classpath.ManifestUtil                                  : loaded 2 times (x 67B)
Class com.google.common.collect.RegularImmutableMap                                   : loaded 2 times (x 117B)
Class com.google.common.collect.ImmutableMap$MapViewOfValuesAsSingletonSets           : loaded 2 times (x 121B)
Class com.google.common.collect.TransformedListIterator                               : loaded 2 times (x 89B)
Class [Lorg.objectweb.asm.Symbol;                                                     : loaded 2 times (x 65B)
Class org.objectweb.asm.ClassVisitor                                                  : loaded 2 times (x 84B)
Class com.google.common.collect.UnmodifiableListIterator                              : loaded 2 times (x 91B)
Class com.google.common.collect.MapMakerInternalMap$StrongKeyDummyValueEntry$LinkedStrongKeyDummyValueEntry: loaded 2 times (x 78B)
Class com.google.common.collect.MapMakerInternalMap$Strength                          : loaded 2 times (x 76B)
Class com.google.common.base.Platform$JdkPatternCompiler                              : loaded 2 times (x 71B)
Class org.objectweb.asm.MethodTooLargeException                                       : loaded 2 times (x 79B)
Class [Lcom.google.common.cache.CacheBuilder$OneWeigher;                              : loaded 2 times (x 65B)
Class com.google.common.base.Suppliers                                                : loaded 2 times (x 67B)
Class org.gradle.internal.classloader.DefaultClassLoaderFactory                       : loaded 2 times (x 78B)
Class org.apache.commons.io.file.PathUtils                                            : loaded 2 times (x 67B)
Class com.google.common.base.CharMatcher$None                                         : loaded 2 times (x 108B)
Class org.gradle.internal.classloader.ClassLoaderVisitor                              : loaded 2 times (x 72B)
Class [Lcom.google.common.collect.ImmutableMapEntry;                                  : loaded 2 times (x 65B)
Class org.gradle.api.internal.classpath.EffectiveClassPath                            : loaded 2 times (x 86B)
Class [Lorg.apache.commons.io.StandardLineSeparator;                                  : loaded 2 times (x 65B)
Class org.apache.commons.io.output.StringBuilderWriter                                : loaded 2 times (x 96B)
Class com.google.common.collect.ImmutableRangeSet                                     : loaded 2 times (x 111B)
Class com.google.common.collect.ImmutableEnumMap                                      : loaded 2 times (x 121B)
Class com.google.common.collect.ListMultimap                                          : loaded 2 times (x 66B)
Class com.google.common.collect.Iterators$EmptyModifiableIterator                     : loaded 2 times (x 82B)
Class com.google.common.collect.Sets$1                                                : loaded 2 times (x 135B)
Class org.objectweb.asm.AnnotationVisitor                                             : loaded 2 times (x 74B)
Class com.google.common.base.Splitter                                                 : loaded 2 times (x 68B)
Class org.gradle.api.internal.DefaultClassPathProvider                                : loaded 2 times (x 72B)
Class com.google.common.collect.MapMakerInternalMap$Strength$1                        : loaded 2 times (x 76B)
Class com.google.common.collect.Maps$ViewCachingAbstractMap                           : loaded 2 times (x 121B)
Class com.google.common.collect.Sets$2                                                : loaded 2 times (x 135B)
Class [Lorg.gradle.api.internal.ClassPathProvider;                                    : loaded 2 times (x 65B)
Class org.gradle.api.internal.ClassPathProvider                                       : loaded 2 times (x 66B)
Class com.google.common.collect.MapMakerInternalMap$Strength$2                        : loaded 2 times (x 76B)
Class [Lorg.objectweb.asm.AnnotationVisitor;                                          : loaded 2 times (x 65B)
Class com.google.common.collect.Sets$3                                                : loaded 2 times (x 135B)
Class com.google.common.util.concurrent.AbstractFuture$SafeAtomicHelper               : loaded 2 times (x 75B)
Class com.google.common.cache.LocalCache$LocalLoadingCache                            : loaded 2 times (x 130B)
Class com.google.common.base.AbstractIterator$State                                   : loaded 2 times (x 75B)
Class org.gradle.internal.service.UnknownServiceException                             : loaded 2 times (x 79B)
Class com.google.common.collect.MapMakerInternalMap$StrongValueEntry                  : loaded 2 times (x 66B)
Class com.google.common.collect.Sets$4                                                : loaded 2 times (x 135B)
Class org.objectweb.asm.ModuleVisitor                                                 : loaded 2 times (x 77B)
Class com.google.common.cache.LocalCache$Strength$1                                   : loaded 2 times (x 77B)
Class org.apache.commons.io.output.QueueOutputStream                                  : loaded 2 times (x 83B)
Class com.google.common.util.concurrent.SettableFuture                                : loaded 2 times (x 110B)
Class com.google.common.cache.LocalCache$Strength$2                                   : loaded 2 times (x 77B)
Class com.google.common.collect.Interners$InternerImpl                                : loaded 2 times (x 71B)
Class com.google.common.collect.Interner                                              : loaded 2 times (x 66B)
Class com.google.common.collect.TransformedIterator                                   : loaded 2 times (x 76B)
Class com.google.common.cache.LocalCache$Strength$3                                   : loaded 2 times (x 77B)
Class com.google.common.collect.MapDifference                                         : loaded 2 times (x 66B)
Class com.google.common.base.Splitter$1                                               : loaded 2 times (x 73B)
Class com.google.common.collect.MapMaker$Dummy                                        : loaded 2 times (x 75B)
Class org.objectweb.asm.FieldWriter                                                   : loaded 2 times (x 74B)
Class com.google.common.cache.CacheBuilder$NullListener                               : loaded 2 times (x 78B)
Class org.gradle.internal.classpath.TransformedClassPath                              : loaded 2 times (x 92B)
Class org.gradle.internal.classloader.InstrumentingClassLoader                        : loaded 2 times (x 66B)
Class com.google.common.collect.ImmutableListMultimap                                 : loaded 2 times (x 172B)
Class org.apache.commons.io.output.UnsynchronizedByteArrayOutputStream                : loaded 2 times (x 98B)
Class com.google.common.collect.ImmutableRangeSet$AsSet                               : loaded 2 times (x 295B)
Class com.google.common.cache.CacheLoader$FunctionToCacheLoader                       : loaded 2 times (x 71B)
Class com.google.common.collect.Iterators$ArrayItr                                    : loaded 2 times (x 93B)
Class com.google.common.collect.ImmutableCollection$Builder                           : loaded 2 times (x 72B)
Class com.google.common.collect.EmptyImmutableListMultimap                            : loaded 2 times (x 172B)
Class com.google.common.collect.BaseImmutableMultimap                                 : loaded 2 times (x 119B)
Class org.apache.commons.io.output.ByteArrayOutputStream                              : loaded 2 times (x 98B)
Class com.google.common.base.Joiner                                                   : loaded 2 times (x 75B)
Class com.google.common.base.MoreObjects                                              : loaded 2 times (x 67B)
Class [Lorg.objectweb.asm.Type;                                                       : loaded 2 times (x 65B)
Class com.google.common.collect.Platform                                              : loaded 2 times (x 67B)
Class com.google.common.collect.UnmodifiableIterator                                  : loaded 2 times (x 76B)
Class org.gradle.internal.service.ServiceLocator                                      : loaded 2 times (x 66B)
Class org.apache.commons.io.FileExistsException                                       : loaded 2 times (x 78B)
Class com.google.common.base.Ascii                                                    : loaded 2 times (x 67B)
Class com.google.common.collect.SingletonImmutableBiMap                               : loaded 2 times (x 139B)
Class com.google.common.cache.LocalCache$1                                            : loaded 2 times (x 85B)
Class com.google.common.collect.AbstractMapEntry                                      : loaded 2 times (x 77B)
Class com.google.common.collect.MapMakerInternalMap$AbstractStrongKeyEntry            : loaded 2 times (x 76B)
Class com.google.common.collect.Sets$ImprovedAbstractSet                              : loaded 2 times (x 131B)
Class com.google.common.collect.ImmutableList$Builder                                 : loaded 2 times (x 73B)
Class com.google.common.cache.LocalCache$2                                            : loaded 2 times (x 138B)
Class com.google.common.collect.AbstractMultimap                                      : loaded 2 times (x 119B)
Class com.google.common.collect.ImmutableRangeSet$1                                   : loaded 2 times (x 205B)
Class com.google.common.util.concurrent.AbstractFuture$UnsafeAtomicHelper$1           : loaded 2 times (x 72B)
Class com.google.common.collect.RegularImmutableAsList                                : loaded 2 times (x 212B)
Class com.google.common.base.Optional                                                 : loaded 2 times (x 76B)
Class com.google.common.collect.Range                                                 : loaded 2 times (x 83B)
Class com.google.common.util.concurrent.AbstractFuture$Trusted                        : loaded 2 times (x 66B)
Class com.google.common.collect.Iterators                                             : loaded 2 times (x 67B)
Class com.google.common.base.CharMatcher$RangesMatcher                                : loaded 2 times (x 108B)
Class com.google.common.io.ByteSink$AsCharSink                                        : loaded 2 times (x 76B)
Class com.google.common.util.concurrent.UncheckedExecutionException                   : loaded 2 times (x 78B)
Class com.google.common.collect.Lists$StringAsImmutableList                           : loaded 2 times (x 203B)
Class org.gradle.kotlin.dsl.VersionCatalogAccessorsKt                                 : loaded 2 times (x 67B)
Class com.google.common.collect.ImmutableSortedSetFauxverideShim                      : loaded 2 times (x 143B)
Class com.google.common.base.CharMatcher$JavaLetterOrDigit                            : loaded 2 times (x 107B)
Class org.gradle.internal.InternalTransformer                                         : loaded 2 times (x 66B)
Class com.google.common.collect.AbstractMapBasedMultimap$KeySet$1                     : loaded 2 times (x 78B)
Class org.objectweb.asm.ClassWriter                                                   : loaded 2 times (x 102B)
Class com.google.common.cache.CacheLoader$UnsupportedLoadingOperationException        : loaded 2 times (x 78B)
Class com.google.common.base.CharMatcher$And                                          : loaded 2 times (x 108B)
Class org.gradle.internal.classloader.ClasspathUtil$1                                 : loaded 2 times (x 72B)
Class com.google.common.base.Objects                                                  : loaded 2 times (x 67B)
Class org.objectweb.asm.FieldVisitor                                                  : loaded 2 times (x 73B)
Class com.google.common.collect.IndexedImmutableSet                                   : loaded 2 times (x 146B)
Class com.google.common.collect.ImmutableMap$1                                        : loaded 2 times (x 77B)
Class com.google.common.collect.BiMap                                                 : loaded 2 times (x 66B)
Class org.gradle.api.internal.classpath.DefaultModuleRegistry$DefaultModule           : loaded 2 times (x 82B)
Class com.google.common.primitives.Ints                                               : loaded 2 times (x 67B)
Class com.google.common.collect.AbstractIterator                                      : loaded 2 times (x 78B)
Class com.google.common.base.Equivalence$Identity                                     : loaded 2 times (x 78B)
Class com.google.common.collect.Multiset                                              : loaded 2 times (x 66B)
Class com.google.common.collect.ArrayListMultimapGwtSerializationDependencies         : loaded 2 times (x 168B)
Class com.google.common.collect.ObjectArrays                                          : loaded 2 times (x 67B)
Class com.google.common.collect.AbstractIndexedListIterator                           : loaded 2 times (x 92B)
Class org.apache.commons.io.output.NullOutputStream                                   : loaded 2 times (x 81B)
Class com.google.common.collect.ImmutableMapEntrySet                                  : loaded 2 times (x 147B)
Class org.gradle.api.internal.classpath.Module                                        : loaded 2 times (x 66B)
Class com.google.common.cache.Weigher                                                 : loaded 2 times (x 66B)
Class org.gradle.api.internal.classpath.UnknownModuleException                        : loaded 2 times (x 78B)
Class com.google.common.base.Stopwatch                                                : loaded 2 times (x 68B)
Class com.google.common.cache.LocalCache$Strength                                     : loaded 2 times (x 77B)
Class com.google.common.cache.Cache                                                   : loaded 2 times (x 66B)
Class com.google.common.io.AppendableWriter                                           : loaded 2 times (x 96B)
Class com.google.common.io.Files$2                                                    : loaded 2 times (x 72B)
Class org.apache.commons.io.filefilter.IOFileFilter                                   : loaded 2 times (x 66B)
Class com.google.common.util.concurrent.AbstractFuture$Cancellation                   : loaded 2 times (x 68B)
Class com.google.common.collect.ImmutableMap$Builder                                  : loaded 2 times (x 78B)
Class com.google.common.base.NullnessCasts                                            : loaded 2 times (x 67B)
Class com.google.common.base.Present                                                  : loaded 2 times (x 77B)
Class com.google.common.collect.AbstractMapBasedMultimap$WrappedCollection$WrappedIterator: loaded 2 times (x 80B)
Class com.google.common.cache.RemovalListener                                         : loaded 2 times (x 66B)
Class org.gradle.api.internal.DefaultClassPathRegistry                                : loaded 2 times (x 72B)
Class com.google.common.collect.ImmutableMultimap$Keys                                : loaded 2 times (x 162B)
Class org.apache.commons.io.file.DeleteOption                                         : loaded 2 times (x 66B)
Class com.google.common.primitives.IntsMethodsForWeb                                  : loaded 2 times (x 67B)
Class com.google.common.collect.Multimap                                              : loaded 2 times (x 66B)
Class org.gradle.api.internal.ClassPathRegistry                                       : loaded 2 times (x 66B)
Class org.gradle.internal.classpath.DefaultClassPath$ImmutableUniqueList              : loaded 2 times (x 195B)
Class com.google.common.collect.MapMakerInternalMap$Segment                           : loaded 2 times (x 138B)
Class com.google.common.base.ExtraObjectsMethodsForWeb                                : loaded 2 times (x 67B)
Class org.apache.commons.io.IOUtils                                                   : loaded 2 times (x 67B)
Class com.google.common.base.PairwiseEquivalence                                      : loaded 2 times (x 79B)
Class com.google.common.io.ByteSink                                                   : loaded 2 times (x 72B)
Class com.google.common.cache.CacheBuilder                                            : loaded 2 times (x 68B)
Class com.google.common.collect.SingletonImmutableList                                : loaded 2 times (x 203B)
Class Settings_gradle$1                                                               : loaded 2 times (x 70B)
Class org.gradle.internal.classpath.ClassPath                                         : loaded 2 times (x 66B)
Class org.gradle.api.UncheckedIOException                                             : loaded 2 times (x 78B)
Class com.google.common.collect.Interners$InternerBuilder                             : loaded 2 times (x 72B)
Class com.google.common.io.Files$FileByteSource                                       : loaded 2 times (x 81B)
Class com.google.common.collect.ImmutableList$ReverseImmutableList                    : loaded 2 times (x 204B)
Class com.google.common.base.JdkPattern                                               : loaded 2 times (x 71B)
Class com.google.common.io.CharStreams$NullWriter                                     : loaded 2 times (x 95B)
Class org.objectweb.asm.SymbolTable$Entry                                             : loaded 2 times (x 70B)
Class com.google.common.util.concurrent.AbstractFuture$AtomicHelper                   : loaded 2 times (x 74B)
Class org.objectweb.asm.Edge                                                          : loaded 2 times (x 68B)
Class com.google.common.base.Suppliers$SupplierOfInstance                             : loaded 2 times (x 75B)
Class com.google.common.collect.Iterators$1                                           : loaded 2 times (x 77B)
Class com.google.common.cache.LocalCache$ComputingValueReference                      : loaded 2 times (x 92B)
Class com.google.common.collect.SingletonImmutableSet                                 : loaded 2 times (x 142B)
Class com.google.common.collect.ImmutableMap$IteratorBasedImmutableMap                : loaded 2 times (x 121B)
Class com.google.common.cache.LocalCache$Segment                                      : loaded 2 times (x 150B)
Class com.google.common.collect.SortedIterable                                        : loaded 2 times (x 66B)
Class [Lorg.objectweb.asm.SymbolTable$Entry;                                          : loaded 2 times (x 65B)
Class com.google.common.cache.CacheLoader                                             : loaded 2 times (x 70B)
Class com.google.common.collect.Iterators$4                                           : loaded 2 times (x 78B)
Class com.google.common.collect.ImmutableBiMap                                        : loaded 2 times (x 139B)
Class com.google.common.collect.AbstractListMultimap                                  : loaded 2 times (x 168B)
Class org.gradle.internal.installation.GradleInstallation$1                           : loaded 2 times (x 71B)
Class org.gradle.api.internal.classpath.ModuleRegistry                                : loaded 2 times (x 66B)
Class org.apache.commons.io.output.NullWriter                                         : loaded 2 times (x 95B)
Class com.google.common.util.concurrent.internal.InternalFutureFailureAccess          : loaded 2 times (x 68B)
Class com.google.common.collect.Iterators$5                                           : loaded 2 times (x 78B)
Class com.google.common.collect.ImmutableSet$JdkBackedSetBuilderImpl                  : loaded 2 times (x 72B)
Class com.google.common.base.Splitter$SplittingIterator                               : loaded 2 times (x 80B)
Class com.google.common.collect.ImmutableMultimap$Values                              : loaded 2 times (x 122B)
Class com.google.common.io.Closer$SuppressingSuppressor                               : loaded 2 times (x 71B)
Class com.google.common.util.concurrent.AbstractFuture$UnsafeAtomicHelper             : loaded 2 times (x 74B)
Class com.google.common.cache.LocalCache$LocalManualCache$1                           : loaded 2 times (x 71B)
Class com.google.common.base.CharMatcher$ForPredicate                                 : loaded 2 times (x 108B)
Class com.google.common.collect.ImmutableCollection                                   : loaded 2 times (x 121B)
Class com.google.common.base.CharMatcher$AnyOf                                        : loaded 2 times (x 108B)
Class org.gradle.api.internal.classpath.DefaultModuleRegistry                         : loaded 2 times (x 82B)
Class com.google.common.util.concurrent.ListenableFuture                              : loaded 2 times (x 66B)
Class com.google.common.cache.ReferenceEntry                                          : loaded 2 times (x 66B)
Class com.google.common.collect.ImmutableSet$CachingAsList                            : loaded 2 times (x 143B)
Class com.google.common.base.Converter                                                : loaded 2 times (x 86B)
Class com.google.common.collect.Lists                                                 : loaded 2 times (x 67B)
Class com.google.common.base.CharMatcher$Any                                          : loaded 2 times (x 108B)
Class com.google.common.util.concurrent.AbstractFuture                                : loaded 2 times (x 102B)
Class com.google.common.base.FunctionalEquivalence                                    : loaded 2 times (x 79B)
Class com.google.common.collect.Iterators$9                                           : loaded 2 times (x 77B)
Class com.google.common.collect.AbstractMapBasedMultimap                              : loaded 2 times (x 135B)
Class com.google.common.collect.ImmutableAsList                                       : loaded 2 times (x 205B)
Class com.google.common.io.CharStreams                                                : loaded 2 times (x 67B)
Class com.google.common.collect.ImmutableMultiset                                     : loaded 2 times (x 159B)
Class org.objectweb.asm.RecordComponentVisitor                                        : loaded 2 times (x 73B)
Class com.google.common.cache.CacheLoader$SupplierToCacheLoader                       : loaded 2 times (x 71B)
Class com.google.common.collect.Maps$EntryTransformer                                 : loaded 2 times (x 66B)
Class org.gradle.internal.service.ServiceLookupException                              : loaded 2 times (x 78B)
Class com.google.common.collect.ImmutableSortedSet                                    : loaded 2 times (x 295B)
Class [Lcom.google.common.cache.LocalCache$EntryFactory;                              : loaded 2 times (x 65B)
Class com.google.common.base.CharMatcher$JavaLetter                                   : loaded 2 times (x 107B)
Class org.gradle.internal.classloader.ClassLoaderFactory                              : loaded 2 times (x 66B)
Class com.google.common.collect.ImmutableMap$SerializedForm                           : loaded 2 times (x 69B)
Class org.apache.commons.io.CloseableURLConnection                                    : loaded 2 times (x 112B)
Class com.google.common.cache.LocalCache$LocalManualCache                             : loaded 2 times (x 95B)
Class com.google.common.base.CharMatcher$IsNot                                        : loaded 2 times (x 107B)
Class com.google.common.base.CommonPattern                                            : loaded 2 times (x 70B)
Class org.gradle.internal.service.CachingServiceLocator                               : loaded 2 times (x 78B)
Class com.google.common.collect.AbstractMapBasedMultimap$KeySet                       : loaded 2 times (x 133B)
Class com.google.common.collect.RegularImmutableSortedSet                             : loaded 2 times (x 295B)
Class com.google.common.math.IntMath                                                  : loaded 2 times (x 67B)
Class com.google.common.collect.MapMakerInternalMap$InternalEntry                     : loaded 2 times (x 66B)
Class com.google.common.collect.Iterators$10                                          : loaded 2 times (x 77B)
Class com.google.common.collect.ImmutableMapEntry                                     : loaded 2 times (x 81B)
Class com.google.common.base.CharMatcher$JavaDigit                                    : loaded 2 times (x 107B)
Class com.google.common.collect.ImmutableMultimap                                     : loaded 2 times (x 143B)
Class com.google.common.base.Equivalence                                              : loaded 2 times (x 78B)
Class com.google.common.collect.ImmutableMapEntry$NonTerminalImmutableMapEntry        : loaded 2 times (x 81B)
Class com.google.common.base.Function                                                 : loaded 2 times (x 66B)
Class org.apache.commons.io.output.AbstractByteArrayOutputStream                      : loaded 2 times (x 98B)
Class com.google.common.cache.CacheBuilder$OneWeigher                                 : loaded 2 times (x 78B)
Class com.google.common.collect.RegularImmutableList                                  : loaded 2 times (x 208B)
Class com.google.common.collect.ImmutableBiMapFauxverideShim                          : loaded 2 times (x 116B)
Class org.gradle.internal.classloader.ClasspathUtil                                   : loaded 2 times (x 67B)
Class com.google.common.base.Charsets                                                 : loaded 2 times (x 67B)
Class com.google.common.util.concurrent.Uninterruptibles                              : loaded 2 times (x 67B)
Class com.google.common.collect.Maps                                                  : loaded 2 times (x 67B)
Class com.google.common.base.CharMatcher$JavaUpperCase                                : loaded 2 times (x 107B)
Class org.gradle.api.specs.Spec                                                       : loaded 2 times (x 66B)
Class com.google.common.collect.MapMaker                                              : loaded 2 times (x 68B)
Class org.apache.commons.io.file.PathFilter                                           : loaded 2 times (x 66B)
Class [Lcom.google.common.collect.ImmutableEntry;                                     : loaded 2 times (x 65B)
Class com.google.common.cache.LocalCache$LoadingValueReference                        : loaded 2 times (x 92B)
Class com.google.common.math.MathPreconditions                                        : loaded 2 times (x 67B)
Class com.google.common.io.LineReader$1                                               : loaded 2 times (x 71B)
Class com.google.common.collect.CollectSpliterators                                   : loaded 2 times (x 67B)
Class com.google.common.collect.AbstractMapBasedMultimap$AsMap                        : loaded 2 times (x 124B)
Class com.google.common.collect.MapMakerInternalMap$StrongKeyDummyValueEntry          : loaded 2 times (x 78B)
Class com.google.common.base.Platform                                                 : loaded 2 times (x 67B)
Class com.google.common.collect.AbstractMapBasedMultimap$WrappedList                  : loaded 2 times (x 201B)
Class [Lorg.objectweb.asm.AnnotationWriter;                                           : loaded 2 times (x 65B)
Class com.google.common.primitives.Ints$IntConverter                                  : loaded 2 times (x 86B)
Class com.google.common.collect.Maps$8                                                : loaded 2 times (x 78B)
Class [Lcom.google.common.collect.Iterators$EmptyModifiableIterator;                  : loaded 2 times (x 65B)
Class com.google.common.collect.ImmutableRangeSet$Builder                             : loaded 2 times (x 73B)
Class com.google.common.collect.Sets$SetView                                          : loaded 2 times (x 134B)
Class com.google.common.cache.LocalCache$StrongValueReference                         : loaded 2 times (x 86B)
Class com.google.common.util.concurrent.AbstractFuture$SynchronizedHelper             : loaded 2 times (x 74B)
Class com.google.common.base.CharMatcher$Invisible                                    : loaded 2 times (x 108B)
Class com.google.common.graph.SuccessorsFunction                                      : loaded 2 times (x 66B)
Class org.objectweb.asm.Type                                                          : loaded 2 times (x 68B)
Class org.gradle.internal.classloader.VisitableURLClassLoader$InstrumentingVisitableURLClassLoader: loaded 2 times (x 119B)
Class com.google.common.collect.MapMakerInternalMap$StrongKeyDummyValueEntry$Helper   : loaded 2 times (x 75B)
Class org.apache.commons.io.FileUtils                                                 : loaded 2 times (x 67B)
Class com.google.common.io.Files$FileByteSink                                         : loaded 2 times (x 73B)
Class org.objectweb.asm.ByteVector                                                    : loaded 2 times (x 75B)
Class [Lcom.google.common.cache.CacheBuilder$NullListener;                            : loaded 2 times (x 65B)
Class com.google.common.math.IntMath$1                                                : loaded 2 times (x 67B)
Class org.gradle.internal.classloader.VisitableURLClassLoader$Spec                    : loaded 2 times (x 70B)
Class org.gradle.internal.classpath.DefaultClassPath                                  : loaded 2 times (x 86B)
Class org.objectweb.asm.Symbol                                                        : loaded 2 times (x 69B)
Class com.google.common.base.AbstractIterator                                         : loaded 2 times (x 76B)
Class com.google.common.io.Java8Compatibility                                         : loaded 2 times (x 67B)
Class com.google.common.io.Closer                                                     : loaded 2 times (x 74B)
Class com.google.common.collect.ImmutableSet                                          : loaded 2 times (x 141B)
Class com.google.common.collect.RegularImmutableMap$Values                            : loaded 2 times (x 203B)
Class com.google.common.base.CharMatcher$BitSetMatcher                                : loaded 2 times (x 108B)
Class com.google.common.base.CharMatcher$Ascii                                        : loaded 2 times (x 108B)
Class org.gradle.internal.classloader.ClassLoaderSpec                                 : loaded 2 times (x 67B)
Class org.objectweb.asm.AnnotationWriter                                              : loaded 2 times (x 75B)
Class com.google.common.cache.CacheStats                                              : loaded 2 times (x 67B)
Class com.google.common.collect.ImmutableMultisetGwtSerializationDependencies         : loaded 2 times (x 121B)
Class com.google.common.collect.Interners                                             : loaded 2 times (x 67B)
Class com.google.common.io.Closer$Suppressor                                          : loaded 2 times (x 66B)
Class com.google.common.io.LineProcessor                                              : loaded 2 times (x 66B)
Class org.objectweb.asm.RecordComponentWriter                                         : loaded 2 times (x 74B)
Class com.google.common.util.concurrent.AbstractFuture$Listener                       : loaded 2 times (x 68B)
Class com.google.common.base.CharMatcher$Or                                           : loaded 2 times (x 108B)
Class Settings_gradle$1$1                                                             : loaded 2 times (x 70B)
Class org.objectweb.asm.Attribute                                                     : loaded 2 times (x 73B)
Class com.google.common.base.Supplier                                                 : loaded 2 times (x 66B)
Class org.gradle.internal.classloader.VisitableURLClassLoader                         : loaded 2 times (x 113B)
Class com.google.common.util.concurrent.AbstractFuture$Waiter                         : loaded 2 times (x 68B)
Class Settings_gradle                                                                 : loaded 2 times (x 124B)
Class org.gradle.internal.Cast                                                        : loaded 2 times (x 67B)
Class org.gradle.api.Action                                                           : loaded 2 times (x 66B)
Class com.google.common.collect.MapMakerInternalMap                                   : loaded 2 times (x 157B)
Class com.google.common.base.Strings                                                  : loaded 2 times (x 67B)
Class com.google.common.collect.Sets                                                  : loaded 2 times (x 67B)
Class org.objectweb.asm.Handler                                                       : loaded 2 times (x 68B)
Class com.google.common.base.Ticker                                                   : loaded 2 times (x 68B)
Class com.google.common.base.CharMatcher$FastMatcher                                  : loaded 2 times (x 107B)
Class [Lcom.google.common.cache.LocalCache$Segment;                                   : loaded 2 times (x 65B)
Class [Lcom.google.common.cache.LocalCache$Strength;                                  : loaded 2 times (x 65B)
Class com.google.common.cache.CacheBuilder$1                                          : loaded 2 times (x 81B)
Class com.google.common.collect.ImmutableMap                                          : loaded 2 times (x 116B)
Class com.google.common.base.Predicate                                                : loaded 2 times (x 66B)
Class org.gradle.internal.classpath.DefaultClassPath$ImmutableUniqueList$Builder      : loaded 2 times (x 71B)
Class com.google.common.collect.MapMakerInternalMap$WeakValueReference                : loaded 2 times (x 66B)
Class com.google.common.collect.AbstractRangeSet                                      : loaded 2 times (x 110B)
Class com.google.common.cache.LocalCache                                              : loaded 2 times (x 183B)
Class com.google.common.cache.CacheBuilder$2                                          : loaded 2 times (x 68B)
Class com.google.common.base.CharMatcher$NegatedFastMatcher                           : loaded 2 times (x 109B)
Class [Lcom.google.common.collect.AbstractMapEntry;                                   : loaded 2 times (x 65B)
Class com.google.common.collect.ImmutableEntry                                        : loaded 2 times (x 78B)
Class com.google.common.collect.ArrayListMultimap                                     : loaded 2 times (x 168B)
Class com.google.common.base.AbstractIterator$1                                       : loaded 2 times (x 67B)
Class com.google.common.base.CharMatcher$Digit                                        : loaded 2 times (x 108B)
Class org.gradle.api.GradleException                                                  : loaded 2 times (x 78B)
Class com.google.common.base.Suppliers$MemoizingSupplier                              : loaded 2 times (x 75B)
Class org.apache.commons.io.StandardLineSeparator                                     : loaded 2 times (x 75B)
Class com.google.common.collect.CollectPreconditions                                  : loaded 2 times (x 67B)
Class com.google.common.base.CharMatcher$JavaIsoControl                               : loaded 2 times (x 108B)
Class [Lcom.google.common.collect.MapMakerInternalMap$Strength;                       : loaded 2 times (x 65B)
Class [Lcom.google.common.io.FileWriteMode;                                           : loaded 2 times (x 65B)
Class com.google.common.collect.SortedMapDifference                                   : loaded 2 times (x 66B)
Class com.google.common.base.CharMatcher$JavaLowerCase                                : loaded 2 times (x 107B)
Class com.google.common.collect.MapMakerInternalMap$StrongKeyDummyValueSegment        : loaded 2 times (x 138B)
Class com.google.common.io.Files                                                      : loaded 2 times (x 67B)
Class com.google.common.cache.LocalCache$EntryFactory                                 : loaded 2 times (x 79B)
Class [Lcom.google.common.collect.MapMaker$Dummy;                                     : loaded 2 times (x 65B)
Class com.google.common.cache.LocalCache$AbstractReferenceEntry                       : loaded 2 times (x 103B)
Class com.google.common.base.Splitter$1$1                                             : loaded 2 times (x 82B)
Class com.google.common.base.CharMatcher$Whitespace                                   : loaded 2 times (x 108B)
Class org.gradle.internal.IoActions                                                   : loaded 2 times (x 67B)
Class com.google.common.collect.ImmutableMapKeySet                                    : loaded 2 times (x 146B)
Class com.google.common.collect.ImmutableRangeSet$ComplementRanges                    : loaded 2 times (x 203B)
Class org.objectweb.asm.SymbolTable                                                   : loaded 2 times (x 68B)
Class com.google.common.cache.CacheLoader$InvalidCacheLoadException                   : loaded 2 times (x 78B)
Class com.google.common.collect.ImmutableSet$RegularSetBuilderImpl                    : loaded 2 times (x 73B)
Class com.google.common.base.CharMatcher$SingleWidth                                  : loaded 2 times (x 108B)
Class org.gradle.internal.classloader.SystemClassLoaderSpec                           : loaded 2 times (x 67B)
Class com.google.common.cache.LocalCache$StrongEntry                                  : loaded 2 times (x 104B)
Class com.google.common.util.concurrent.AbstractFuture$TrustedFuture                  : loaded 2 times (x 110B)
Class com.google.common.cache.LoadingCache                                            : loaded 2 times (x 66B)
Class com.google.common.base.Suppliers$NonSerializableMemoizingSupplier               : loaded 2 times (x 75B)
Class org.objectweb.asm.MethodWriter                                                  : loaded 2 times (x 102B)
Class [Lcom.google.common.cache.Weigher;                                              : loaded 2 times (x 65B)
Class com.google.common.collect.RegularImmutableMap$BucketOverflowException           : loaded 2 times (x 78B)
Class com.google.common.collect.ImmutableMultimap$1                                   : loaded 2 times (x 78B)
Class com.google.common.collect.AbstractMapBasedMultimap$RandomAccessWrappedList      : loaded 2 times (x 201B)
Class com.google.common.collect.ImmutableMultimap$2                                   : loaded 2 times (x 77B)
Class com.google.common.collect.RegularImmutableBiMap                                 : loaded 2 times (x 144B)
Class com.google.common.cache.LocalCache$ValueReference                               : loaded 2 times (x 66B)
Class com.google.common.base.CharMatcher$Negated                                      : loaded 2 times (x 109B)
Class com.google.common.base.CharMatcher$Is                                           : loaded 2 times (x 107B)
Class com.google.common.base.PatternCompiler                                          : loaded 2 times (x 66B)
Class com.google.common.util.concurrent.AbstractFuture$Failure                        : loaded 2 times (x 68B)
Class com.google.common.base.Equivalence$Equals                                       : loaded 2 times (x 78B)
Class com.google.common.collect.Hashing                                               : loaded 2 times (x 67B)
Class com.google.common.base.Preconditions                                            : loaded 2 times (x 67B)
Class com.google.common.collect.ImmutableSetMultimap                                  : loaded 2 times (x 176B)
Class [Lorg.apache.commons.io.file.DeleteOption;                                      : loaded 2 times (x 65B)
Class com.google.common.io.CharSink                                                   : loaded 2 times (x 75B)
Class com.google.common.base.Joiner$1                                                 : loaded 2 times (x 76B)
Class org.objectweb.asm.Label                                                         : loaded 2 times (x 69B)
Class org.objectweb.asm.CurrentFrame                                                  : loaded 2 times (x 69B)
Class org.objectweb.asm.ClassTooLargeException                                        : loaded 2 times (x 79B)
Class com.google.common.collect.PeekingIterator                                       : loaded 2 times (x 66B)
Class com.google.common.base.CharMatcher                                              : loaded 2 times (x 107B)
Class com.google.common.collect.MapMakerInternalMap$InternalEntryHelper               : loaded 2 times (x 66B)
Class com.google.common.collect.Maps$IteratorBasedAbstractMap                         : loaded 2 times (x 121B)
Class com.google.common.collect.Table                                                 : loaded 2 times (x 66B)
Class com.google.common.collect.RangeGwtSerializationDependencies                     : loaded 2 times (x 67B)
Class com.google.common.base.Joiner$2                                                 : loaded 2 times (x 75B)
Class org.objectweb.asm.Frame                                                         : loaded 2 times (x 69B)
Class org.objectweb.asm.MethodVisitor                                                 : loaded 2 times (x 101B)
Class com.google.common.cache.LocalCache$EntryFactory$1                               : loaded 2 times (x 79B)
Class [Lcom.google.common.cache.RemovalListener;                                      : loaded 2 times (x 65B)
Class com.google.common.base.CharMatcher$1                                            : loaded 2 times (x 109B)
Class com.google.common.base.CharMatcher$NamedFastMatcher                             : loaded 2 times (x 108B)
Class com.google.common.collect.RangeSet                                              : loaded 2 times (x 66B)
Class com.google.common.cache.LocalCache$EntryFactory$2                               : loaded 2 times (x 79B)
Class org.gradle.api.internal.classpath.GlobalCacheRootsProvider                      : loaded 2 times (x 66B)
Class com.google.common.collect.CollectCollectors                                     : loaded 2 times (x 67B)
Class org.objectweb.asm.ModuleWriter                                                  : loaded 2 times (x 78B)
Class com.google.common.cache.LocalCache$EntryFactory$3                               : loaded 2 times (x 79B)
Class com.google.common.base.Ticker$1                                                 : loaded 2 times (x 68B)
Class com.google.common.collect.ImmutableMapEntrySet$RegularEntrySet                  : loaded 2 times (x 147B)
Class com.google.common.collect.Maps$BiMapConverter                                   : loaded 2 times (x 86B)
Class com.google.common.collect.CollectSpliterators$1                                 : loaded 2 times (x 86B)
Class com.google.common.collect.SetMultimap                                           : loaded 2 times (x 66B)
Class com.google.common.cache.LocalCache$EntryFactory$4                               : loaded 2 times (x 79B)
Class com.google.common.collect.ImmutableSet$Builder                                  : loaded 2 times (x 81B)
Class com.google.common.base.CharMatcher$InRange                                      : loaded 2 times (x 107B)
Class com.google.common.cache.LocalCache$EntryFactory$5                               : loaded 2 times (x 79B)
Class com.google.common.io.LineReader                                                 : loaded 2 times (x 68B)
Class org.apache.commons.io.output.AppendableWriter                                   : loaded 2 times (x 96B)
Class com.google.common.cache.LocalCache$EntryFactory$6                               : loaded 2 times (x 79B)
Class org.gradle.internal.installation.CurrentGradleInstallationLocator               : loaded 2 times (x 67B)
Class com.google.common.collect.ImmutableMultimap$Builder                             : loaded 2 times (x 79B)
Class org.apache.commons.io.output.ThresholdingOutputStream                           : loaded 2 times (x 91B)
Class com.google.common.collect.Maps$KeySet                                           : loaded 2 times (x 133B)
Class com.google.common.cache.LocalCache$EntryFactory$7                               : loaded 2 times (x 79B)
Class com.google.common.collect.ImmutableSet$EmptySetBuilderImpl                      : loaded 2 times (x 72B)
Class com.google.common.collect.ImmutableList                                         : loaded 2 times (x 202B)
Class org.gradle.internal.service.DefaultServiceLocator                               : loaded 2 times (x 79B)
Class com.google.common.collect.ImmutableMultimap$EntryCollection                     : loaded 2 times (x 123B)
Class com.google.common.collect.Maps$EntrySet                                         : loaded 2 times (x 132B)
Class com.google.common.cache.LocalCache$EntryFactory$8                               : loaded 2 times (x 79B)
Class com.google.common.collect.ImmutableSet$SetBuilderImpl                           : loaded 2 times (x 72B)
Class org.gradle.internal.installation.CurrentGradleInstallation                      : loaded 2 times (x 69B)
Class com.google.common.cache.CacheLoader$1                                           : loaded 2 times (x 71B)
Class com.google.common.collect.ForwardingObject                                      : loaded 2 times (x 68B)
Class com.google.common.collect.ImmutableList$SubList                                 : loaded 2 times (x 204B)
Class org.gradle.util.internal.GUtil                                                  : loaded 2 times (x 67B)
Class com.google.common.io.ByteSource                                                 : loaded 2 times (x 80B)
Class com.google.common.util.concurrent.AbstractFuture$SetFuture                      : loaded 2 times (x 71B)
Class com.google.common.cache.AbstractCache$StatsCounter                              : loaded 2 times (x 66B)
Class com.google.common.io.LineBuffer                                                 : loaded 2 times (x 71B)
Class com.google.common.collect.MapMakerInternalMap$1                                 : loaded 2 times (x 79B)
Class com.google.common.collect.Iterators$MergingIterator                             : loaded 2 times (x 77B)
Class com.google.common.collect.RegularImmutableSet                                   : loaded 2 times (x 144B)
Class org.gradle.internal.installation.GradleInstallation                             : loaded 2 times (x 71B)
Class com.google.common.collect.Iterables                                             : loaded 2 times (x 67B)
Class com.google.common.base.Splitter$Strategy                                        : loaded 2 times (x 66B)

---------------  S Y S T E M  ---------------

OS:
 Windows 11 , 64 bit Build 22621 (10.0.22621.5262)
OS uptime: 0 days 5:00 hours

CPU: total 8 (initial active 8) (4 cores per cpu, 2 threads per core) family 6 model 140 stepping 1 microcode 0xbc, cx8, cmov, fxsr, ht, mmx, 3dnowpref, sse, sse2, sse3, ssse3, sse4.1, sse4.2, popcnt, lzcnt, tsc, tscinvbit, avx, avx2, aes, erms, clmul, bmi1, bmi2, adx, avx512f, avx512dq, avx512cd, avx512bw, avx512vl, sha, fma, vzeroupper, avx512_vpopcntdq, avx512_vpclmulqdq, avx512_vaes, avx512_vnni, clflush, clflushopt, clwb, avx512_vbmi2, avx512_vbmi, rdtscp, rdpid, fsrm, gfni, avx512_bitalg, f16c, pku, cet_ibt, cet_ss, avx512_ifma
Processor Information for all 8 processors :
  Max Mhz: 2419, Current Mhz: 2419, Mhz Limit: 2419

Memory: 4k page, system-wide physical 7914M (207M free)
TotalPageFile size 20139M (AvailPageFile size 0M)
current process WorkingSet (physical memory assigned to process): 506M, peak: 516M
current process commit charge ("private bytes"): 657M, peak: 658M

vm_info: OpenJDK 64-Bit Server VM (21.0.5+-13047016-b750.29) for windows-amd64 JRE (21.0.5+-13047016-b750.29), built on 2025-02-11T21:12:39Z by "builder" with MS VC++ 16.10 / 16.11 (VS2019)

END.
